data;horario;n_da_ocorrencia;tipo_de_ocorrencia;km;trecho;sentido;tipo_de_acidente;automovel;bicicleta;caminhao;moto;onibus;outros;tracao_animal;transporte_de_cargas_especiais;trator_maquinas;utilitarios;ilesos;levemente_feridos;moderadamente_feridos;gravemente_feridos;mortos
"18/05/2024";"17:27:00";"7433";"Com vítima";"142,230";"BR-277/PR";"Crescente";"Engavetamento";1;0;3;0;0;0;0;0;0;0;4;0;1;0;0
"18/05/2024";"23:09:18";"7449";"Sem vítima";"142,000";"BR-277/PR";"Crescente";"Saída de pista";1;0;0;0;0;0;0;0;0;0;1;0;0;0;0
"19/05/2024";"05:08:36";"7458";"Sem vítima";"180,200";"BR-277/PR";"Decrescente";"Colisão traseira";3;0;0;0;0;0;0;0;0;0;1;0;0;0;0
"19/05/2024";"06:54:00";"7461";"Sem vítima";"109,500";"BR-277/PR";"Decrescente";"Capotamento";1;0;0;0;0;0;0;0;0;0;1;0;0;0;0
"19/05/2024";"10:21:00";"7481";"Com vítima";"245,700";"BR-277/PR";"Decrescente";"Capotamento";1;0;0;0;0;0;0;0;0;0;0;3;0;0;0
"19/05/2024";"11:00:00";"7487";"Com vítima";"113,450";"BR-277/PR";"Decrescente";"Saída de pista";1;0;0;0;0;0;0;0;0;0;3;1;0;0;0
"20/05/2024";"05:46:47";"7555";"Com vítima";"222,000";"BR-373/PR";"Decrescente";"Capotamento";1;0;0;0;0;0;0;0;0;0;3;1;0;0;0
"20/05/2024";"06:50:00";"7558";"Com vítima";"10,000";"423/PR";"Crescente";"Colisão frontal";1;0;0;1;0;0;0;0;0;0;1;1;0;0;0
"20/05/2024";"07:00:00";"7559";"Com vítima";"5,900";"418/PR";"Decrescente";"Colisão traseira";0;0;1;1;0;0;0;0;0;0;2;1;0;0;0
"20/05/2024";"08:11:00";"7563";"Com vítima";"276,350";"BR-277/PR";"Decrescente";"Saída de pista";0;0;1;0;0;0;0;0;0;0;1;1;0;0;0
"20/05/2024";"08:20:00";"7564";"Sem vítima";"12,000";"423/PR";"Crescente";"Colisão lateral no mesmo sentido";1;0;1;0;0;0;0;0;0;0;2;0;0;0;0
"20/05/2024";"08:25:00";"7565";"Sem vítima";"9,000";"418/PR";"Decrescente";"Engavetamento";2;0;0;0;0;0;0;0;0;1;3;0;0;0;0
"20/05/2024";"12:51:00";"7590";"Sem vítima";"27,000";"423/PR";"Crescente";"Saída de pista";1;0;0;0;0;0;0;0;0;0;1;0;0;0;0
"20/05/2024";"22:42:00";"7628";"Sem vítima";"152,000";"BR-476/PR";"Decrescente";"Choque";1;0;0;0;0;0;0;0;0;0;0;0;0;0;0
"21/05/2024";"08:47:23";"7659";"Sem vítima";"124,200";"BR-277/PR";"Crescente";"Engavetamento";3;0;0;0;0;0;0;0;0;0;3;0;0;0;0
"21/05/2024";"10:59:51";"7677";"Sem vítima";"592,700";"BR-376/PR";"Decrescente";"Engavetamento";1;0;1;0;0;0;0;0;0;1;3;0;0;0;0
"21/05/2024";"18:01:23";"7713";"Sem vítima";"18,240";"418/PR";"Decrescente";"Colisão frontal";2;0;0;0;0;0;0;0;0;0;2;0;0;0;0
"21/05/2024";"18:14:16";"7715";"Com vítima";"113,450";"BR-277/PR";"Decrescente";"Colisão lateral no mesmo sentido";2;0;0;1;0;0;0;0;0;0;2;0;1;0;0
"21/05/2024";"20:04:00";"7722";"Com vítima";"123,343";"BR-277/PR";"Crescente";"Atropelamento de pedestre";1;0;0;0;0;0;0;0;0;0;1;0;1;0;0
"22/05/2024";"05:53:13";"7743";"Sem vítima";"147,000";"BR-277/PR";"Decrescente";"Capotamento";1;0;0;0;0;0;0;0;0;0;1;0;0;0;0
"22/05/2024";"11:13:30";"7784";"Com vítima";"591,820";"BR-376/PR";"Crescente";"Colisão lateral no mesmo sentido";1;0;0;1;0;0;0;0;0;0;1;1;0;0;0
"22/05/2024";"12:03:41";"7789";"Com vítima";"4,600";"Acesso BR";"Decrescente";"Colisão lateral no mesmo sentido";1;0;0;1;0;0;0;0;0;0;1;1;0;0;0
"22/05/2024";"15:28:00";"7808";"Com vítima";"171,000";"BR-476/PR";"Crescente";"Colisão lateral no mesmo sentido";2;0;0;0;0;0;0;0;0;0;0;3;0;1;0
"23/05/2024";"07:26:00";"7844";"Com vítima";"151,000";"BR-476/PR";"Decrescente";"Colisão lateral no mesmo sentido";1;0;0;1;0;0;0;0;0;0;1;1;0;0;0
"23/05/2024";"09:08:33";"7864";"Sem vítima";"151,000";"BR-476/PR";"Decrescente";"Engavetamento";3;0;0;0;0;0;0;0;0;0;3;0;0;0;0
"23/05/2024";"11:53:00";"7885";"Com vítima";"20,000";"418/PR";"Crescente";"Colisão lateral no mesmo sentido";1;0;0;1;0;0;0;0;0;0;1;1;0;0;0
"23/05/2024";"14:05:22";"7892";"Com vítima";"3,000";"418/PR";"Crescente";"Colisão lateral no mesmo sentido";0;0;0;1;0;0;0;0;0;1;1;1;0;0;0
"23/05/2024";"18:52:54";"7912";"Sem vítima";"136,947";"BR-277/PR";"Crescente";"Engavetamento";1;0;2;0;0;0;0;0;0;0;2;0;0;0;0
"23/05/2024";"21:34:47";"7929";"Com vítima";"47,312";"427/PR";"Decrescente";"Tombamento";0;0;1;0;0;0;0;0;0;0;0;1;0;0;0
"23/05/2024";"21:49:12";"7931";"Com vítima";"149,000";"BR-476/PR";"Decrescente";"Queda de moto";0;0;0;1;0;0;0;0;0;0;0;1;0;0;0
"23/05/2024";"21:58:28";"7933";"Com vítima";"298,975";"BR-277/PR";"Decrescente";"Tombamento";0;0;2;0;0;0;0;0;0;0;1;1;0;0;0
"24/05/2024";"00:13:00";"7938";"Sem vítima";"136,000";"BR-277/PR";"Decrescente";"Colisão traseira";1;0;1;0;0;0;0;0;0;0;3;0;0;0;0
"24/05/2024";"00:52:16";"7940";"Sem vítima";"120,300";"BR-277/PR";"Crescente";"Capotamento";1;0;0;0;0;0;0;0;0;0;0;0;0;0;0
"24/05/2024";"07:04:23";"7953";"Sem vítima";"145,000";"BR-476/PR";"Crescente";"Colisão traseira";1;0;1;0;0;0;0;0;0;0;2;0;0;0;0
"24/05/2024";"07:40:16";"7958";"Com vítima";"602,760";"BR-376/PR";"Crescente";"Queda de moto";0;0;0;1;0;0;0;0;0;0;0;1;0;0;0
"24/05/2024";"08:16:01";"7959";"Sem vítima";"121,300";"BR-277/PR";"Decrescente";"Colisão traseira";1;0;1;0;0;0;0;0;0;0;2;0;0;0;0
"24/05/2024";"09:03:00";"7969";"Com vítima";"20,000";"418/PR";"Decrescente";"Queda de moto";0;0;0;1;0;0;0;0;0;0;0;1;0;0;0
"24/05/2024";"10:48:26";"7977";"Sem vítima";"25,000";"423/PR";"Decrescente";"Tombamento";0;0;1;0;0;0;0;0;0;0;0;0;0;0;0
"24/05/2024";"12:09:00";"7984";"Sem vítima";"139,000";"BR-277/PR";"Decrescente";"Choque";1;0;0;0;0;0;0;0;0;0;1;0;0;0;0
"24/05/2024";"16:08:00";"8002";"Sem vítima";"176,200";"BR-277/PR";"Decrescente";"Choque";0;0;1;0;0;0;0;0;0;0;0;0;0;0;0
"24/05/2024";"17:02:25";"8004";"Sem vítima";"256,600";"BR-277/PR";"Decrescente";"Saída de pista";1;0;0;0;0;0;0;0;0;0;1;0;0;0;0
"24/05/2024";"20:30:10";"8015";"Com vítima";"235,780";"BR-373/PR";"Crescente";"Saída de pista";0;0;1;0;0;0;0;0;0;0;0;0;0;0;1
"24/05/2024";"23:48:43";"8031";"Sem vítima";"597,779";"BR-376/PR";"Decrescente";"Colisão lateral no mesmo sentido";0;0;1;0;0;0;0;0;0;1;2;0;0;0;0
"25/05/2024";"00:01:00";"8032";"Sem vítima";"240,700";"BR-277/PR";"Crescente";"Choque";1;0;0;0;0;0;0;0;0;0;3;0;0;0;0
"25/05/2024";"03:19:45";"8037";"Com vítima";"228,749";"BR-373/PR";"Crescente";"Queda de moto";0;0;0;1;0;0;0;0;0;0;0;1;0;0;0
"25/05/2024";"05:19:26";"8041";"Sem vítima";"129,000";"BR-277/PR";"Crescente";"Colisão lateral no mesmo sentido";1;0;1;0;0;0;0;0;0;0;1;0;0;0;0
"25/05/2024";"21:04:30";"8103";"Sem vítima";"39,536";"427/PR";"Decrescente";"Saída de pista";0;0;0;0;0;0;0;0;0;1;1;0;0;0;0
"25/05/2024";"22:17:52";"8109";"Sem vítima";"303,000";"BR-277/PR";"Decrescente";"Tombamento";0;0;1;0;0;0;0;0;0;0;1;0;0;0;0
"25/05/2024";"22:17:58";"8108";"Sem vítima";"599,779";"BR-376/PR";"Crescente";"Colisão lateral no mesmo sentido";1;0;1;0;0;0;0;0;0;0;1;0;0;0;0
"25/05/2024";"23:12:00";"8111";"Com vítima";"107,500";"BR-277/PR";"Crescente";"Colisão traseira";1;0;0;1;0;0;0;0;0;0;1;1;0;0;0
"26/05/2024";"00:39:20";"8113";"Com vítima";"146,000";"BR-476/PR";"Decrescente";"Colisão traseira";2;0;0;0;0;0;0;0;0;0;4;1;0;0;0
"26/05/2024";"05:50:09";"8123";"Com vítima";"222,000";"BR-373/PR";"Crescente";"Queda de moto";0;0;0;1;0;0;0;0;0;0;1;0;1;0;0
"26/05/2024";"06:23:02";"8125";"Com vítima";"221,000";"BR-373/PR";"Crescente";"Colisão lateral no mesmo sentido";2;0;1;0;0;0;0;0;0;0;3;2;0;0;0
"26/05/2024";"11:47:00";"8138";"Com vítima";"145,450";"BR-476/PR";"Crescente";"Colisão frontal";2;0;0;0;0;0;0;0;0;0;0;2;0;2;1
"26/05/2024";"18:19:44";"8166";"Sem vítima";"134,000";"BR-277/PR";"Decrescente";"Atropelamento de animal";1;0;0;0;0;0;0;0;0;0;0;0;0;0;0
"26/05/2024";"18:41:32";"8170";"Com vítima";"158,126";"BR-476/PR";"Crescente";"Saída de pista";1;0;0;0;0;0;0;0;0;0;0;0;0;1;0
"27/05/2024";"04:50:00";"8195";"Sem vítima";"116,457";"BR-277/PR";"Crescente";"Colisão traseira";2;0;0;0;0;0;0;0;0;0;1;0;0;0;0
"27/05/2024";"06:16:53";"8198";"Sem vítima";"136,000";"BR-277/PR";"Decrescente";"Saída de pista";1;0;0;0;0;0;0;0;0;0;1;0;0;0;0
"27/05/2024";"06:24:00";"8200";"Com vítima";"135,015";"BR-277/PR";"Decrescente";"Capotamento";1;0;0;0;0;0;0;0;0;0;2;1;0;0;0
"27/05/2024";"10:06:00";"8230";"Sem vítima";"111,500";"BR-277/PR";"Crescente";"Saída de pista";1;0;0;0;0;0;0;0;0;0;2;0;0;0;0
"27/05/2024";"13:54:43";"8251";"Com vítima";"216,346";"BR-373/PR";"Decrescente";"Tombamento";0;0;1;0;0;0;0;0;0;0;0;0;1;0;0
"27/05/2024";"13:56:35";"8250";"Sem vítima";"137,000";"BR-277/PR";"Decrescente";"Colisão traseira";1;0;0;0;0;0;0;0;0;0;0;0;0;0;0
"27/05/2024";"14:32:00";"8254";"Sem vítima";"137,000";"BR-277/PR";"Decrescente";"Choque";0;0;0;0;0;0;0;0;0;1;1;0;0;0;0
"27/05/2024";"17:47:00";"8268";"Sem vítima";"148,000";"BR-476/PR";"Decrescente";"Engavetamento";1;0;2;0;0;0;0;0;0;0;3;0;0;0;0
"27/05/2024";"18:38:30";"8272";"Sem vítima";"35,000";"423/PR";"Decrescente";"Colisão traseira";0;0;2;0;0;0;0;0;0;0;2;0;0;0;0
"27/05/2024";"20:48:34";"8279";"Sem vítima";"39,050";"427/PR";"Crescente";"Saída de pista";1;0;0;0;0;0;0;0;0;0;2;0;0;0;0
"29/05/2024";"07:29:00";"8415";"Com vítima";"147,000";"BR-476/PR";"Decrescente";"Colisão traseira";1;0;0;1;0;0;0;0;0;0;1;1;0;0;0
"29/05/2024";"08:00:42";"8420";"Sem vítima";"208,000";"BR-277/PR";"Crescente";"Colisão lateral no mesmo sentido";0;0;2;0;0;0;0;0;0;0;1;0;0;0;0
"29/05/2024";"10:27:05";"8435";"Sem vítima";"153,000";"BR-476/PR";"Crescente";"Colisão lateral no mesmo sentido";1;0;1;0;0;0;0;0;0;0;2;0;0;0;0
"29/05/2024";"17:15:29";"8468";"Com vítima";"151,400";"BR-277/PR";"Decrescente";"Queda de moto";0;0;0;1;0;0;0;0;0;0;0;1;0;0;0
"30/05/2024";"10:28:00";"8524";"Sem vítima";"110,500";"BR-277/PR";"Crescente";"Colisão lateral no mesmo sentido";1;0;1;0;0;0;0;0;0;0;2;0;0;0;0
"30/05/2024";"13:02:24";"8535";"Sem vítima";"141,000";"BR-277/PR";"Decrescente";"Colisão traseira";2;0;0;0;0;0;0;0;0;0;4;0;0;0;0
"30/05/2024";"15:06:00";"8543";"Com vítima";"169,000";"BR-476/PR";"Crescente";"Colisão lateral no mesmo sentido";0;0;2;0;0;0;0;0;0;0;0;3;1;0;0
"30/05/2024";"17:45:39";"8556";"Sem vítima";"122,200";"BR-277/PR";"Decrescente";"Queda de moto";0;0;0;1;0;0;0;0;0;0;1;0;0;0;0
"31/05/2024";"16:09:00";"8640";"Sem vítima";"150,000";"BR-476/PR";"Crescente";"Colisão traseira";2;0;0;0;0;0;0;0;0;0;4;0;0;0;0
"31/05/2024";"22:30:06";"8668";"Sem vítima";"144,000";"BR-277/PR";"Decrescente";"Saída de pista";1;0;1;0;0;0;0;0;0;0;1;0;0;0;0
"01/06/2024";"00:09:00";"8672";"Sem vítima";"33,000";"423/PR";"Crescente";"Colisão transversal";1;0;1;0;0;0;0;0;0;0;0;0;0;0;0
"01/06/2024";"09:18:47";"8701";"Com vítima";"266,440";"BR-373/PR";"Decrescente";"Colisão traseira";1;0;0;1;0;0;0;0;0;0;1;1;0;0;0
"01/06/2024";"18:28:14";"8733";"Com vítima";"230,850";"BR-373/PR";"Crescente";"Colisão frontal";1;0;1;0;0;0;0;0;0;0;2;0;0;0;1
"01/06/2024";"19:30:52";"8736";"Sem vítima";"230,879";"BR-373/PR";"Crescente";"Colisão traseira";2;0;0;0;0;0;0;0;0;0;2;0;0;0;0
"01/06/2024";"20:03:59";"8738";"Sem vítima";"131,000";"BR-277/PR";"Decrescente";"Colisão traseira";1;0;0;0;0;0;0;0;0;0;2;0;0;0;0
"01/06/2024";"23:02:17";"8748";"Sem vítima";"163,000";"BR-476/PR";"Decrescente";"Saída de pista";1;0;0;0;0;0;0;0;0;0;0;0;0;0;0
"02/06/2024";"00:12:44";"8751";"Com vítima";"36,000";"423/PR";"Crescente";"Colisão frontal";0;0;0;2;0;0;0;0;0;0;0;3;0;0;0
"02/06/2024";"04:55:01";"8763";"Sem vítima";"121,300";"BR-277/PR";"Crescente";"Capotamento";1;0;0;0;0;0;0;0;0;0;0;0;0;0;0
"02/06/2024";"14:39:36";"8793";"Sem vítima";"170,000";"BR-476/PR";"Decrescente";"Choque";1;0;0;0;0;0;0;0;0;0;1;0;0;0;0
"02/06/2024";"15:16:02";"8799";"Com vítima";"120,300";"BR-277/PR";"Decrescente";"Capotamento";1;0;0;0;0;0;0;0;0;0;0;2;0;0;0
"02/06/2024";"18:00:56";"8821";"Com vítima";"142,000";"BR-277/PR";"Decrescente";"Colisão traseira";1;0;0;1;0;0;0;0;0;0;4;1;0;0;0
"02/06/2024";"21:44:35";"8843";"Sem vítima";"174,400";"BR-277/PR";"Crescente";"Choque";1;0;0;0;0;0;0;0;0;0;1;0;0;0;0
"02/06/2024";"21:50:00";"8844";"Sem vítima";"199,000";"BR-277/PR";"Crescente";"Saída de pista";1;0;0;0;0;0;0;0;0;0;1;0;0;0;0
"03/06/2024";"07:50:27";"8861";"Com vítima";"600,800";"BR-376/PR";"Decrescente";"Colisão traseira";2;0;0;0;0;0;0;0;0;0;1;1;0;0;0
"03/06/2024";"20:35:00";"8926";"Com vítima";"35,800";"427/PR";"Crescente";"Colisão lateral no mesmo sentido";0;0;2;0;0;0;0;0;0;0;1;0;1;0;0
"04/06/2024";"04:41:53";"8938";"Sem vítima";"107,500";"BR-277/PR";"Decrescente";"Choque";1;0;0;0;0;0;0;0;0;0;1;0;0;0;0
"04/06/2024";"08:14:58";"8951";"Com vítima";"249,600";"BR-277/PR";"Decrescente";"Colisão traseira";1;0;1;0;0;0;0;0;0;0;0;4;0;0;0
"04/06/2024";"18:37:17";"8998";"Com vítima";"594,800";"BR-376/PR";"Decrescente";"Colisão traseira";1;0;0;1;0;0;0;0;0;0;1;1;0;0;0
"04/06/2024";"19:14:26";"9003";"Com vítima";"594,800";"BR-376/PR";"Decrescente";"Queda de moto";0;0;1;1;0;0;0;0;0;0;0;1;0;0;0
"04/06/2024";"20:34:44";"9013";"Sem vítima";"3,600";"Acesso BR";"Crescente";"Colisão traseira";2;0;0;0;0;0;0;0;0;0;2;0;0;0;0
"04/06/2024";"20:43:19";"9016";"Com vítima";"4,600";"Acesso BR";"Crescente";"Colisão transversal";2;0;0;0;0;0;0;0;0;0;1;1;0;0;0
"05/06/2024";"05:17:46";"9048";"Sem vítima";"594,800";"BR-376/PR";"Decrescente";"Tombamento";1;0;0;0;0;0;0;0;0;0;1;0;0;0;0
"05/06/2024";"09:21:20";"9069";"Com vítima";"163,400";"BR-277/PR";"Decrescente";"Colisão traseira";1;0;0;1;0;0;0;0;0;0;1;0;1;0;0
"05/06/2024";"09:43:16";"9071";"Sem vítima";"601,779";"BR-376/PR";"Decrescente";"Engavetamento";1;0;2;0;0;0;0;0;0;0;3;0;0;0;0
"05/06/2024";"13:09:00";"9086";"Com vítima";"68,000";"427/PR";"Decrescente";"Capotamento";0;0;1;0;0;0;0;0;0;0;0;1;0;0;0
"05/06/2024";"17:45:00";"9107";"Com vítima";"162,000";"BR-476/PR";"Decrescente";"Colisão frontal";0;0;1;0;0;0;0;0;0;1;1;0;0;0;1
"05/06/2024";"19:41:31";"9114";"Sem vítima";"128,100";"BR-277/PR";"Crescente";"Colisão lateral no mesmo sentido";1;0;1;0;0;0;0;0;0;0;2;0;0;0;0
"06/06/2024";"17:49:07";"9252";"Sem vítima";"119,400";"BR-277/PR";"Decrescente";"Colisão traseira";1;0;1;0;0;0;0;0;0;0;4;0;0;0;0
"07/06/2024";"15:24:00";"9353";"Sem vítima";"602,760";"BR-376/PR";"Crescente";"Engavetamento";0;0;2;0;0;0;0;0;0;1;3;0;0;0;0
"07/06/2024";"17:07:24";"9360";"Com vítima";"264,400";"BR-373/PR";"Crescente";"Engavetamento";1;0;0;1;0;0;0;0;0;1;2;1;2;0;0
"07/06/2024";"17:35:50";"9361";"Com vítima";"154,950";"BR-476/PR";"Crescente";"Colisão frontal";1;0;0;1;0;0;0;0;0;0;1;1;0;0;0
"07/06/2024";"18:02:00";"9362";"Sem vítima";"126,100";"BR-277/PR";"Crescente";"Colisão traseira";1;0;0;0;0;0;0;0;0;0;1;0;0;0;0
"08/06/2024";"06:20:28";"9385";"Sem vítima";"256,620";"BR-373/PR";"Decrescente";"Saída de pista";1;0;0;0;0;0;0;0;0;0;1;0;0;0;0
"08/06/2024";"11:22:34";"9424";"Com vítima";"1,397";"418/PR";"Decrescente";"Atropelamento de pedestre";0;0;0;0;0;1;0;0;0;0;0;0;0;1;0
"08/06/2024";"13:07:00";"9430";"Com vítima";"597,779";"BR-376/PR";"Crescente";"Engavetamento";2;0;0;0;0;0;0;0;0;0;3;1;0;0;0
"08/06/2024";"14:58:30";"9439";"Com vítima";"269,400";"BR-373/PR";"Decrescente";"Saída de pista";1;0;0;0;0;0;0;0;0;0;0;1;0;0;1
"08/06/2024";"17:17:19";"9448";"Com vítima";"1,600";"Acesso BR";"Crescente";"Colisão lateral no mesmo sentido";2;0;0;0;0;0;0;0;0;0;2;1;0;0;0
"08/06/2024";"20:07:33";"9463";"Sem vítima";"160,400";"BR-277/PR";"Decrescente";"Colisão traseira";2;0;0;0;0;0;0;0;0;0;2;0;0;0;0
"09/06/2024";"00:18:56";"9480";"Sem vítima";"155,000";"BR-476/PR";"Crescente";"Choque";1;0;0;0;0;0;0;0;0;0;1;0;0;0;0
"09/06/2024";"04:08:24";"9485";"Sem vítima";"605,760";"BR-376/PR";"Decrescente";"Capotamento";1;0;0;0;0;0;0;0;0;0;1;0;0;0;0
"09/06/2024";"13:11:00";"9514";"Com vítima";"3,600";"418/PR";"Crescente";"Colisão traseira";1;0;0;1;0;0;0;0;0;0;1;2;0;0;0
"09/06/2024";"18:46:20";"9547";"Com vítima";"185,980";"BR-476/PR";"Crescente";"Choque";1;0;0;1;0;0;0;0;0;0;0;1;0;0;0
"09/06/2024";"19:24:03";"9552";"Sem vítima";"228,850";"BR-373/PR";"Crescente";"Saída de pista";1;0;0;0;0;0;0;0;0;0;4;0;0;0;0
"09/06/2024";"23:15:12";"9569";"Com vítima";"0,000";"418/PR";"Crescente";"Queda de moto";0;0;0;1;0;0;0;0;0;0;0;1;0;0;0
"10/06/2024";"06:38:00";"9578";"Sem vítima";"592,700";"BR-376/PR";"Decrescente";"Colisão lateral no mesmo sentido";1;0;1;0;0;0;0;0;0;0;2;0;0;0;0
"10/06/2024";"09:09:00";"9591";"Com vítima";"154,400";"BR-277/PR";"Crescente";"Colisão traseira";0;0;0;2;0;0;0;0;0;0;1;1;0;0;0
"10/06/2024";"11:30:47";"9617";"Com vítima";"203,000";"BR-277/PR";"Crescente";"Colisão traseira";1;0;2;0;0;0;0;0;0;0;0;3;1;0;0
"10/06/2024";"13:51:00";"9631";"Com vítima";"180,700";"BR-476/PR";"Decrescente";"Tombamento";0;0;2;0;0;0;0;0;0;0;1;1;0;0;0
"10/06/2024";"18:10:21";"9653";"Sem vítima";"122,200";"BR-277/PR";"Crescente";"Colisão traseira";2;0;0;0;0;0;0;0;0;0;2;0;0;0;0
"10/06/2024";"20:52:00";"9667";"Sem vítima";"122,200";"BR-277/PR";"Decrescente";"Capotamento";1;0;0;0;0;0;0;0;0;0;1;0;0;0;0
"11/06/2024";"08:19:00";"9690";"Sem vítima";"118,300";"BR-277/PR";"Decrescente";"Choque";0;0;1;0;0;0;0;0;0;0;1;0;0;0;0
"11/06/2024";"10:46:24";"9713";"Sem vítima";"21,000";"418/PR";"Decrescente";"Colisão traseira";2;0;0;0;0;0;0;0;0;0;2;0;0;0;0
"11/06/2024";"11:15:00";"9714";"Sem vítima";"113,450";"BR-277/PR";"Decrescente";"Choque";1;0;0;0;0;0;0;0;0;0;1;0;0;0;0
"11/06/2024";"17:05:00";"9757";"Sem vítima";"118,300";"BR-277/PR";"Decrescente";"Choque";1;0;0;1;0;0;0;0;0;0;2;0;0;0;0
"11/06/2024";"18:46:32";"9762";"Com vítima";"228,850";"BR-373/PR";"Decrescente";"Colisão frontal";1;0;0;0;0;0;0;0;0;1;3;2;0;0;0
"12/06/2024";"06:49:00";"9788";"Sem vítima";"116,400";"BR-277/PR";"Crescente";"Colisão transversal";1;0;1;0;0;0;0;0;0;0;2;0;0;0;0
"12/06/2024";"07:34:00";"9791";"Com vítima";"20,800";"418/PR";"Decrescente";"Colisão lateral no mesmo sentido";1;0;1;0;0;0;0;0;0;0;1;0;0;1;0
"12/06/2024";"09:20:14";"9804";"Com vítima";"597,779";"BR-376/PR";"Crescente";"Engavetamento";0;0;3;0;0;0;0;0;0;0;3;1;0;0;0
"12/06/2024";"10:48:04";"9811";"Com vítima";"148,000";"BR-476/PR";"Decrescente";"Queda de moto";0;0;0;1;0;0;0;0;0;0;0;1;0;0;0
"12/06/2024";"17:37:00";"9842";"Sem vítima";"148,000";"BR-476/PR";"Decrescente";"Engavetamento";4;0;0;0;0;0;0;0;0;0;4;0;0;0;0
"13/06/2024";"06:31:46";"9882";"Com vítima";"597,779";"BR-376/PR";"Decrescente";"Colisão lateral no mesmo sentido";0;0;0;1;0;0;0;0;0;0;1;1;0;0;0
"13/06/2024";"08:18:00";"9887";"Sem vítima";"1,600";"Acesso BR";"Decrescente";"Colisão traseira";1;0;0;0;0;0;0;0;0;0;1;0;0;0;0
"13/06/2024";"08:41:57";"9896";"Com vítima";"604,770";"BR-376/PR";"Decrescente";"Colisão lateral no mesmo sentido";0;0;1;1;0;0;0;0;0;0;1;1;0;0;0
"13/06/2024";"15:22:05";"9935";"Com vítima";"146,000";"BR-277/PR";"Crescente";"Colisão traseira";0;0;3;0;0;0;0;0;0;0;2;1;0;0;0
"13/06/2024";"15:22:32";"9936";"Com vítima";"146,000";"BR-277/PR";"Crescente";"Colisão traseira";0;0;3;0;0;0;0;0;0;0;2;1;0;0;0
"13/06/2024";"18:13:00";"9955";"Sem vítima";"12,000";"423/PR";"Decrescente";"Colisão lateral no mesmo sentido";0;0;1;0;0;0;0;0;0;1;1;0;0;0;0
"13/06/2024";"18:48:00";"9960";"Sem vítima";"599,779";"BR-376/PR";"Crescente";"Engavetamento";0;0;1;0;0;0;0;0;0;0;1;0;0;0;0
"14/06/2024";"00:35:57";"2";"Com vítima";"291,965";"BR-277/PR";"Decrescente";"Atropelamento de pedestre";1;0;0;0;0;0;0;0;0;0;4;1;0;0;0
"14/06/2024";"03:50:26";"12";"Sem vítima";"293,200";"BR-277/PR";"Crescente";"Tombamento";0;0;1;0;0;0;0;0;0;0;1;0;0;0;0
"14/06/2024";"10:00:45";"42";"Sem vítima";"117,300";"BR-277/PR";"Crescente";"Colisão traseira";1;0;0;0;0;0;0;0;0;1;2;0;0;0;0
"14/06/2024";"10:45:00";"47";"Com vítima";"147,000";"BR-476/PR";"Decrescente";"Colisão lateral no mesmo sentido";0;0;1;1;0;0;0;0;0;0;1;1;0;0;0
"14/06/2024";"16:59:41";"87";"Com vítima";"1,600";"Acesso BR";"Decrescente";"Atropelamento de animal";0;0;0;1;0;0;0;0;0;0;0;0;2;0;0
"14/06/2024";"18:23:26";"92";"Sem vítima";"148,200";"BR-476/PR";"Decrescente";"Colisão traseira";2;0;0;0;0;0;0;0;0;0;2;0;0;0;0
"14/06/2024";"19:11:00";"95";"Sem vítima";"145,500";"BR-476/PR";"Decrescente";"Colisão traseira";1;0;1;0;0;0;0;0;0;0;2;0;0;0;0
"14/06/2024";"20:57:49";"103";"Com vítima";"211,280";"BR-373/PR";"Decrescente";"Colisão frontal";1;0;1;0;0;0;0;0;0;0;1;0;0;0;1
"14/06/2024";"21:49:28";"107";"Com vítima";"33,140";"423/PR";"Decrescente";"Colisão lateral no mesmo sentido";0;0;0;1;0;0;0;0;0;1;1;1;0;0;0
"14/06/2024";"22:25:59";"111";"Com vítima";"7,200";"418/PR";"Crescente";"Colisão lateral no mesmo sentido";1;0;0;1;0;0;0;0;0;0;1;0;1;0;0
"14/06/2024";"22:31:00";"112";"Com vítima";"192,270";"BR-476/PR";"Crescente";"Tombamento";0;0;1;0;0;0;0;0;0;0;0;1;1;0;0
"15/06/2024";"09:48:00";"25";"Sem vítima";"131,000";"BR-277/PR";"Crescente";"Colisão lateral no mesmo sentido";1;0;1;0;0;0;0;0;0;0;3;0;0;0;0
"15/06/2024";"11:41:01";"33";"Com vítima";"4,600";"Acesso BR";"Decrescente";"Queda de moto";0;0;0;1;0;0;0;0;0;0;0;1;0;0;0