data;horario;n_da_ocorrencia;tipo_de_ocorrencia;km;trecho;sentido;tipo_de_acidente;automovel;bicicleta;caminhao;moto;onibus;outros;tracao_animal;transporte_de_cargas_especiais;trator_maquinas;utilitarios;ilesos;levemente_feridos;moderadamente_feridos;gravemente_feridos;mortos
"10/07/2024";"08:37:04";"15";"Sem vítima";"43,000";"427/PR";"Decrescente";"Saída de pista";0;0;1;0;0;0;0;0;0;0;1;0;0;0;0
"10/07/2024";"09:59:00";"35";"Sem vítima";"13,000";"423/PR";"Crescente";"Colisão lateral no mesmo sentido";2;0;0;0;0;0;0;0;0;0;2;0;0;0;0
"10/07/2024";"11:12:28";"43";"Sem vítima";"137,000";"BR-277/PR";"Decrescente";"Colisão traseira";2;0;2;0;0;0;0;0;0;0;8;0;0;0;0
"11/07/2024";"04:33:21";"13";"Sem vítima";"600,809";"BR-376/PR";"Crescente";"Capotamento";0;0;0;0;0;0;0;0;0;1;0;0;0;0;0
"11/07/2024";"05:49:56";"17";"Com vítima";"255,600";"BR-277/PR";"Crescente";"Saída de pista";0;0;0;0;0;0;0;0;0;1;0;2;0;0;0
"11/07/2024";"07:46:44";"20";"Sem vítima";"144,000";"BR-476/PR";"Decrescente";"Colisão lateral no mesmo sentido";1;0;0;0;0;0;0;0;0;1;0;0;0;0;0
"11/07/2024";"07:51:36";"22";"Com vítima";"156,500";"BR-476/PR";"Decrescente";"Colisão traseira";1;0;0;1;0;0;0;0;0;0;0;1;0;0;0
"11/07/2024";"08:12:54";"23";"Sem vítima";"36,000";"423/PR";"Decrescente";"Saída de pista";1;0;0;0;0;0;0;0;0;0;0;0;0;0;0
"11/07/2024";"17:12:06";"70";"Sem vítima";"232,840";"BR-373/PR";"Crescente";"Saída de pista";1;0;0;0;0;0;0;0;0;0;2;0;0;0;0
"11/07/2024";"19:41:40";"85";"Sem vítima";"184,680";"BR-373/PR";"Decrescente";"Saída de pista";1;0;0;0;0;0;0;0;0;0;1;0;0;0;0
"11/07/2024";"21:00:51";"91";"Sem vítima";"181,900";"BR-476/PR";"Decrescente";"Saída de pista";1;0;0;0;0;0;0;0;0;0;1;0;0;0;0
"11/07/2024";"22:40:27";"97";"Com vítima";"132,000";"BR-277/PR";"Crescente";"Colisão traseira";0;0;2;1;0;0;0;0;0;0;2;1;0;0;0
"12/07/2024";"07:16:36";"21";"Sem vítima";"153,050";"BR-476/PR";"Decrescente";"Colisão traseira";2;0;0;0;0;0;0;0;0;0;2;0;0;0;0
"12/07/2024";"10:23:32";"44";"Sem vítima";"132,000";"BR-277/PR";"Decrescente";"Colisão lateral no mesmo sentido";0;0;1;0;0;0;0;0;0;0;1;0;0;0;0
"12/07/2024";"19:08:11";"94";"Sem vítima";"140,000";"BR-277/PR";"Decrescente";"Colisão lateral no mesmo sentido";1;0;0;0;0;0;0;0;0;0;1;0;0;0;0
"12/07/2024";"19:16:55";"95";"Com vítima";"242,700";"BR-277/PR";"Decrescente";"Colisão lateral no mesmo sentido";2;0;1;0;0;0;0;0;0;0;4;0;2;0;0
"12/07/2024";"20:21:07";"101";"Sem vítima";"71,100";"427/PR";"Decrescente";"Colisão traseira";1;0;1;0;0;0;0;0;0;0;2;0;0;0;0
"12/07/2024";"20:50:33";"104";"Com vítima";"139,000";"BR-277/PR";"Crescente";"Saída de pista";1;0;0;0;0;0;0;0;0;0;0;1;0;0;0
"13/07/2024";"09:44:12";"34";"Com vítima";"256,600";"BR-277/PR";"Decrescente";"Choque";1;0;0;0;0;0;0;0;0;0;2;1;0;0;0
"13/07/2024";"10:59:04";"40";"Com vítima";"145,000";"BR-277/PR";"Crescente";"Saída de pista";1;0;0;0;0;0;0;0;0;0;1;2;1;0;0
"13/07/2024";"16:35:15";"69";"Sem vítima";"131,000";"BR-277/PR";"Decrescente";"Saída de pista";0;0;1;0;0;0;0;0;0;0;1;0;0;0;0
"13/07/2024";"16:58:51";"73";"Sem vítima";"162,000";"BR-476/PR";"Decrescente";"Saída de pista";1;0;0;0;0;0;0;0;0;0;1;0;0;0;0
"13/07/2024";"18:30:20";"76";"Sem vítima";"167,400";"BR-277/PR";"Crescente";"Saída de pista";1;0;0;0;0;0;0;0;0;0;1;0;0;0;0
"13/07/2024";"19:29:23";"80";"Com vítima";"168,400";"BR-277/PR";"Crescente";"Tombamento";0;0;1;0;0;0;0;0;0;0;0;2;1;0;0
"13/07/2024";"20:59:36";"88";"Com vítima";"112,500";"BR-277/PR";"Decrescente";"Capotamento";1;0;0;0;0;0;0;0;0;0;0;2;0;0;0
"14/07/2024";"14:11:55";"41";"Sem vítima";"144,000";"BR-476/PR";"Decrescente";"Saída de pista";1;0;0;0;0;0;0;0;0;0;1;0;0;0;0
"14/07/2024";"14:39:36";"45";"Com vítima";"135,000";"BR-277/PR";"Decrescente";"Saída de pista";1;0;0;0;0;0;0;0;0;0;0;1;0;0;0
"14/07/2024";"18:52:26";"63";"Sem vítima";"266,440";"BR-373/PR";"Decrescente";"Saída de pista";1;0;0;0;0;0;0;0;0;0;1;0;0;0;0
"14/07/2024";"19:28:11";"68";"Com vítima";"33,000";"423/PR";"Decrescente";"Colisão lateral no mesmo sentido";1;0;0;1;0;0;0;0;0;0;2;1;0;0;0
"14/07/2024";"23:37:38";"91";"Com vítima";"1,000";"418/PR";"Decrescente";"Capotamento";0;0;0;0;0;0;0;0;0;1;0;1;0;0;0
"15/07/2024";"04:34:56";"12";"Sem vítima";"228,000";"BR-277/PR";"Crescente";"Tombamento";0;0;1;0;0;0;0;0;0;0;1;0;0;0;0
"15/07/2024";"05:12:48";"13";"Sem vítima";"131,000";"BR-277/PR";"Crescente";"Atropelamento de animal";2;0;0;0;0;0;0;0;0;0;2;0;0;0;0
"15/07/2024";"12:53:51";"54";"Com vítima";"29,000";"423/PR";"Crescente";"Colisão lateral no mesmo sentido";0;0;1;0;1;0;0;0;0;0;3;1;0;0;0
"15/07/2024";"13:06:19";"55";"Sem vítima";"135,000";"BR-277/PR";"Decrescente";"Saída de pista";1;0;0;0;0;0;0;0;0;0;1;0;0;0;0
"15/07/2024";"13:29:56";"59";"Com vítima";"120,300";"BR-277/PR";"Decrescente";"Saída de pista";1;0;0;0;0;0;0;0;0;0;0;1;0;0;0
"15/07/2024";"15:57:02";"67";"Com vítima";"136,000";"BR-277/PR";"Decrescente";"Choque";1;0;0;0;0;0;0;0;0;0;1;1;0;0;0
"15/07/2024";"20:14:40";"85";"Sem vítima";"176,160";"BR-476/PR";"Decrescente";"Saída de pista";1;0;0;0;0;0;0;0;0;0;6;0;0;0;0
"16/07/2024";"00:11:53";"4";"Com vítima";"176,200";"BR-277/PR";"Decrescente";"Colisão traseira";2;0;0;0;0;0;0;0;0;0;3;1;0;0;0
"16/07/2024";"03:23:50";"8";"Sem vítima";"194,000";"BR-476/PR";"Crescente";"Atropelamento de animal";0;0;1;0;0;0;0;0;0;0;2;0;0;0;0
"16/07/2024";"07:53:00";"28";"Com vítima";"14,000";"418/PR";"Decrescente";"Queda de moto";0;0;0;1;0;0;0;0;0;0;0;1;0;0;0
"16/07/2024";"09:20:29";"37";"Com vítima";"156,000";"BR-476/PR";"Decrescente";"Colisão traseira";2;0;0;0;0;0;0;0;0;0;1;1;0;0;0
"16/07/2024";"12:30:06";"55";"Sem vítima";"145,000";"BR-277/PR";"Decrescente";"Colisão traseira";0;0;2;0;0;0;0;0;0;0;2;0;0;0;0
"16/07/2024";"14:40:59";"60";"Com vítima";"28,000";"423/PR";"Crescente";"Colisão frontal";0;0;2;0;0;0;0;0;0;0;0;2;0;0;0
"16/07/2024";"17:44:06";"69";"Com vítima";"144,000";"BR-476/PR";"Decrescente";"Colisão traseira";0;0;2;0;0;0;0;0;0;0;1;1;0;0;0
"16/07/2024";"18:07:38";"72";"Com vítima";"26,000";"423/PR";"Crescente";"Engavetamento";0;0;1;1;0;0;0;0;0;1;2;1;0;0;0
"16/07/2024";"20:34:08";"83";"Sem vítima";"115,400";"BR-277/PR";"Crescente";"Tombamento";1;0;0;0;0;0;0;0;0;0;1;0;0;0;0
"17/07/2024";"02:21:06";"6";"Sem vítima";"138,000";"BR-277/PR";"Crescente";"Tombamento";0;0;1;0;0;0;0;0;0;0;1;0;0;0;0
"17/07/2024";"14:46:07";"67";"Com vítima";"133,000";"BR-277/PR";"Decrescente";"Tombamento";0;0;1;0;0;0;0;0;0;0;1;1;0;0;0
"17/07/2024";"16:07:31";"71";"Sem vítima";"118,300";"BR-277/PR";"Decrescente";"Colisão traseira";1;0;1;0;0;0;0;0;0;0;2;0;0;0;0
"17/07/2024";"17:39:49";"77";"Sem vítima";"2,000";"418/PR";"Decrescente";"Colisão lateral no mesmo sentido";0;0;0;2;0;0;0;0;0;0;3;0;0;0;0
"17/07/2024";"18:25:58";"81";"Com vítima";"144,000";"BR-476/PR";"Crescente";"Queda de moto";0;0;0;1;0;0;0;0;0;0;0;1;0;0;0
"17/07/2024";"22:54:15";"104";"Sem vítima";"591,820";"BR-376/PR";"Crescente";"Colisão lateral no mesmo sentido";2;0;0;0;0;0;0;0;0;0;2;0;0;0;0
"17/07/2024";"23:19:16";"105";"Sem vítima";"45,000";"427/PR";"Crescente";"Atropelamento de animal";0;0;0;0;1;0;0;0;0;0;11;0;0;0;0
"18/07/2024";"09:40:02";"47";"Com vítima";"252,600";"BR-277/PR";"Crescente";"Colisão traseira";1;0;0;0;0;0;0;0;0;0;4;1;0;0;0
"18/07/2024";"13:24:34";"80";"Com vítima";"1,600";"Acesso BR";"Decrescente";"Queda de moto";1;0;0;1;0;0;0;0;0;0;1;2;0;0;0
"18/07/2024";"13:51:57";"82";"Sem vítima";"149,400";"BR-277/PR";"Decrescente";"Tombamento";0;0;1;0;0;0;0;0;0;0;1;0;0;0;0
"18/07/2024";"17:05:40";"102";"Sem vítima";"28,000";"423/PR";"Decrescente";"Colisão lateral no mesmo sentido";1;0;1;0;0;0;0;0;0;0;2;0;0;0;0
"18/07/2024";"19:11:45";"110";"Com vítima";"240,700";"BR-277/PR";"Crescente";"Choque";1;0;0;0;0;0;0;0;0;0;1;1;0;0;0
"18/07/2024";"22:33:27";"127";"Com vítima";"126,100";"BR-277/PR";"Crescente";"Atropelamento de animal";0;0;0;0;1;0;0;0;0;0;0;0;1;0;0
"18/07/2024";"23:23:00";"129";"Sem vítima";"176,200";"BR-277/PR";"Crescente";"Atropelamento de animal";1;0;0;0;0;0;0;0;0;0;1;0;0;0;0
"19/07/2024";"06:30:08";"13";"Sem vítima";"239,000";"BR-277/PR";"Decrescente";"Colisão transversal";0;0;2;0;0;0;0;0;0;0;2;0;0;0;0
"19/07/2024";"08:43:04";"21";"Sem vítima";"237,000";"BR-277/PR";"Decrescente";"Engavetamento";2;0;1;0;0;0;0;0;0;0;3;0;0;0;0
"19/07/2024";"09:10:08";"25";"Com vítima";"111,500";"BR-277/PR";"Crescente";"Colisão traseira";2;0;0;0;0;0;0;0;0;0;2;1;0;0;0
"19/07/2024";"09:24:10";"26";"Sem vítima";"0,600";"Acesso BR";"Decrescente";"Colisão traseira";1;0;0;0;0;0;0;0;0;0;1;0;0;0;0
"19/07/2024";"09:50:38";"28";"Com vítima";"1,600";"Acesso BR";"Decrescente";"Queda de moto";0;0;0;1;0;0;0;0;0;0;1;1;0;0;0
"19/07/2024";"19:58:11";"98";"Com vítima";"146,000";"BR-476/PR";"Decrescente";"Capotamento";1;0;0;0;0;0;0;0;0;0;0;1;0;0;0
"19/07/2024";"20:54:36";"102";"Sem vítima";"182,800";"BR-476/PR";"Crescente";"Saída de pista";0;0;1;0;0;0;0;0;0;0;2;0;0;0;0
"19/07/2024";"22:41:27";"113";"Sem vítima";"174,000";"BR-476/PR";"Crescente";"Saída de pista";1;0;0;0;0;0;0;0;0;0;3;0;0;0;0
"20/07/2024";"01:30:53";"4";"Com vítima";"592,700";"BR-376/PR";"Crescente";"Queda de moto";0;0;0;1;0;0;0;0;0;0;0;0;1;0;0
"20/07/2024";"07:56:16";"16";"Sem vítima";"9,400";"423/PR";"Decrescente";"Saída de pista";1;0;0;0;0;0;0;0;0;0;1;0;0;0;0
"20/07/2024";"09:48:20";"34";"Com vítima";"108,500";"BR-277/PR";"Decrescente";"Colisão lateral no mesmo sentido";1;0;0;1;0;0;0;0;0;0;1;1;0;0;0
"20/07/2024";"11:11:56";"43";"Com vítima";"2,600";"Acesso BR";"Crescente";"Queda de moto";0;0;0;1;0;0;0;0;0;0;0;1;0;0;0
"20/07/2024";"15:41:19";"64";"Com vítima";"260,500";"BR-277/PR";"Decrescente";"Colisão transversal";2;0;0;0;0;0;0;0;0;0;1;1;0;0;0
"20/07/2024";"15:51:31";"65";"Com vítima";"155,000";"BR-476/PR";"Decrescente";"Atropelamento de ciclista";0;1;0;0;0;0;0;0;0;0;0;0;0;0;0
"20/07/2024";"22:12:53";"102";"Com vítima";"159,270";"BR-476/PR";"Crescente";"Colisão frontal";1;0;0;1;0;0;0;0;0;0;1;1;0;0;0
"21/07/2024";"03:27:05";"8";"Com vítima";"223,000";"BR-373/PR";"Crescente";"Saída de pista";1;0;0;0;0;0;0;0;0;0;0;1;0;0;0
"21/07/2024";"10:01:27";"26";"Sem vítima";"266,440";"BR-373/PR";"Decrescente";"Colisão transversal";2;0;0;0;0;0;0;0;0;0;4;0;0;0;0
"21/07/2024";"11:33:35";"32";"Com vítima";"9,400";"423/PR";"Crescente";"Queda de moto";0;0;0;1;0;0;0;0;0;0;0;1;0;0;0
"21/07/2024";"11:56:11";"33";"Sem vítima";"109,500";"BR-277/PR";"Decrescente";"Engavetamento";3;0;0;0;0;0;0;0;0;0;5;0;0;0;0
"21/07/2024";"16:52:01";"54";"Sem vítima";"242,700";"BR-277/PR";"Decrescente";"Colisão frontal";2;0;0;0;0;0;0;0;0;0;4;0;0;0;0
"21/07/2024";"22:50:33";"94";"Sem vítima";"603,779";"BR-376/PR";"Decrescente";"Engavetamento";2;0;0;0;0;0;0;0;0;1;4;0;0;0;0
"22/07/2024";"07:57:27";"17";"Com vítima";"144,000";"BR-476/PR";"Decrescente";"Queda de moto";0;0;0;1;0;0;0;0;0;0;0;1;0;0;0
"22/07/2024";"08:41:06";"21";"Sem vítima";"66,000";"427/PR";"Crescente";"Colisão frontal";2;0;0;0;0;0;0;0;0;0;0;0;0;0;0
"22/07/2024";"20:28:41";"112";"Com vítima";"17,000";"418/PR";"Decrescente";"Colisão lateral no mesmo sentido";2;0;0;0;0;0;0;0;0;0;1;1;0;0;0
"22/07/2024";"23:17:36";"124";"Com vítima";"6,000";"418/PR";"Decrescente";"Choque";0;0;1;0;0;0;0;0;0;0;0;2;0;0;0
"23/07/2024";"08:54:46";"29";"Com vítima";"150,000";"BR-476/PR";"Decrescente";"Colisão traseira";2;0;0;0;0;0;0;0;0;0;0;2;0;0;0
"23/07/2024";"13:27:57";"78";"Com vítima";"155,300";"BR-476/PR";"Decrescente";"Queda de bicicleta";0;1;0;0;0;0;0;0;0;0;0;0;0;0;0
"23/07/2024";"16:22:29";"96";"Com vítima";"113,450";"BR-277/PR";"Decrescente";"Colisão traseira";1;0;0;1;0;0;0;0;0;0;1;1;0;0;0
"23/07/2024";"22:07:34";"129";"Com vítima";"594,800";"BR-376/PR";"Decrescente";"Colisão traseira";2;0;0;0;0;0;0;0;0;0;0;2;0;0;1
"23/07/2024";"22:15:49";"130";"Com vítima";"601,779";"BR-376/PR";"Crescente";"Colisão traseira";0;0;1;1;0;0;0;0;0;0;0;1;0;0;0
"24/07/2024";"10:04:03";"35";"Sem vítima";"146,000";"BR-476/PR";"Decrescente";"Colisão traseira";1;0;1;0;0;0;0;0;0;0;2;0;0;0;0
"25/07/2024";"17:33:48";"67";"Com vítima";"261,500";"BR-373/PR";"Decrescente";"Colisão transversal";1;0;0;1;0;0;0;0;0;0;1;1;0;0;0
"25/07/2024";"17:53:44";"70";"Com vítima";"114,450";"BR-277/PR";"Decrescente";"Colisão lateral no mesmo sentido";1;0;0;1;0;0;0;0;0;0;0;1;0;0;0
"26/07/2024";"05:07:45";"14";"Com vítima";"598,804";"BR-376/PR";"Crescente";"Colisão traseira";2;0;0;0;0;0;0;0;0;0;0;1;0;0;0
"26/07/2024";"07:23:56";"20";"Sem vítima";"152,000";"BR-476/PR";"Crescente";"Colisão lateral no mesmo sentido";1;0;0;0;0;0;0;0;0;0;1;0;0;0;0
"26/07/2024";"14:39:56";"71";"Sem vítima";"151,000";"BR-476/PR";"Decrescente";"Colisão lateral no mesmo sentido";1;0;0;1;0;0;0;0;0;0;2;0;0;0;0
"26/07/2024";"15:16:15";"74";"Com vítima";"135,000";"BR-277/PR";"Decrescente";"Saída de pista";0;0;1;0;0;0;0;0;0;0;0;1;0;0;0
"26/07/2024";"18:19:36";"96";"Com vítima";"171,400";"BR-277/PR";"Crescente";"Colisão transversal";2;0;0;0;0;0;0;0;0;1;0;1;0;0;0
"27/07/2024";"08:48:49";"23";"Sem vítima";"604,770";"BR-376/PR";"Decrescente";"Colisão lateral no mesmo sentido";1;0;1;0;0;0;0;0;0;0;2;0;0;0;0
"27/07/2024";"09:37:59";"31";"Sem vítima";"144,000";"BR-476/PR";"Crescente";"Colisão lateral no mesmo sentido";0;0;1;0;0;0;0;0;0;1;2;0;0;0;0
"27/07/2024";"21:06:56";"87";"Com vítima";"16,000";"418/PR";"Decrescente";"Queda de moto";0;0;0;1;0;0;0;0;0;0;0;2;0;0;0
"27/07/2024";"23:21:41";"96";"Sem vítima";"601,779";"BR-376/PR";"Decrescente";"Colisão traseira";2;0;0;0;0;0;0;0;0;0;5;0;0;0;0
"28/07/2024";"01:16:36";"8";"Sem vítima";"122,200";"BR-277/PR";"Crescente";"Choque";1;0;0;0;0;0;0;0;0;0;1;0;0;0;0
"28/07/2024";"03:14:00";"15";"Sem vítima";"161,000";"BR-476/PR";"Crescente";"Colisão lateral no mesmo sentido";2;0;0;0;0;0;0;0;0;0;2;0;0;0;0
"28/07/2024";"07:29:47";"20";"Com vítima";"42,500";"427/PR";"Decrescente";"Capotamento";1;0;0;0;0;0;0;0;0;0;0;3;0;0;0
"28/07/2024";"10:51:57";"28";"Sem vítima";"110,500";"BR-277/PR";"Crescente";"Colisão lateral no mesmo sentido";2;0;0;0;0;0;0;0;0;0;4;0;0;0;0
"28/07/2024";"19:01:21";"66";"Com vítima";"1,000";"418/PR";"Decrescente";"Atropelamento de pedestre";1;0;0;0;0;0;0;0;0;0;1;0;0;0;1
"29/07/2024";"00:36:52";"2";"Com vítima";"115,400";"BR-277/PR";"Decrescente";"Colisão lateral no mesmo sentido";0;0;2;0;0;0;0;0;0;0;1;1;0;0;0
"29/07/2024";"09:36:24";"17";"Com vítima";"167,400";"BR-277/PR";"Crescente";"Colisão lateral no mesmo sentido";2;0;0;0;0;0;0;0;0;0;1;1;0;1;2
"29/07/2024";"10:27:40";"19";"Sem vítima";"190,000";"BR-476/PR";"Crescente";"Colisão traseira";2;0;0;0;0;0;0;0;0;0;2;0;0;0;0
"29/07/2024";"11:10:11";"21";"Sem vítima";"592,700";"BR-376/PR";"Crescente";"Colisão traseira";1;0;1;0;0;0;0;0;0;0;0;0;0;0;0
"29/07/2024";"13:51:39";"26";"Sem vítima";"138,000";"BR-277/PR";"Decrescente";"Colisão traseira";1;0;0;0;0;0;0;0;0;1;2;0;0;0;0
"29/07/2024";"16:05:32";"38";"Com vítima";"133,000";"BR-277/PR";"Decrescente";"Colisão transversal";2;0;0;0;0;0;0;0;0;0;1;1;0;0;0
"29/07/2024";"17:37:07";"48";"Sem vítima";"5,000";"418/PR";"Crescente";"Colisão lateral no mesmo sentido";2;0;0;0;0;0;0;0;0;0;2;0;0;0;0
"30/07/2024";"02:45:38";"3";"Sem vítima";"222,000";"BR-277/PR";"Crescente";"Tombamento";0;0;0;0;0;0;0;0;0;1;1;0;0;0;0
"30/07/2024";"07:00:45";"12";"Com vítima";"605,760";"BR-376/PR";"Decrescente";"Queda de moto";0;0;0;1;0;0;0;0;0;0;1;1;0;0;0
"30/07/2024";"08:14:27";"16";"Com vítima";"262,500";"BR-373/PR";"Crescente";"Atropelamento de pedestre";0;0;1;0;0;0;0;0;0;0;1;0;0;0;1
"30/07/2024";"10:08:05";"31";"Sem vítima";"129,000";"BR-277/PR";"Crescente";"Colisão traseira";1;0;1;0;0;0;0;0;0;0;5;0;0;0;0
"30/07/2024";"17:44:27";"76";"Sem vítima";"148,000";"BR-476/PR";"Decrescente";"Colisão traseira";2;0;0;0;0;0;0;0;0;0;3;0;0;0;0
"30/07/2024";"19:01:00";"78";"Com vítima";"153,000";"BR-476/PR";"Decrescente";"Colisão frontal";0;0;0;1;0;0;0;0;0;1;0;1;0;0;0
"30/07/2024";"19:06:20";"79";"Sem vítima";"132,000";"BR-277/PR";"Decrescente";"Saída de pista";0;0;1;0;0;0;0;0;0;0;1;0;0;0;0
"31/07/2024";"08:11:50";"15";"Com vítima";"591,820";"BR-376/PR";"Decrescente";"Engavetamento";2;0;0;1;0;0;0;0;0;0;2;1;0;0;0
"31/07/2024";"11:49:35";"60";"Sem vítima";"249,650";"BR-373/PR";"Decrescente";"Saída de pista";1;0;1;0;0;0;0;0;0;0;2;0;0;0;0
"31/07/2024";"14:23:02";"79";"Sem vítima";"261,500";"BR-373/PR";"Crescente";"Colisão traseira";2;0;0;0;0;0;0;0;0;0;2;0;0;0;0
"01/08/2024";"06:51:03";"34";"Com vítima";"598,779";"BR-376/PR";"Decrescente";"Colisão traseira";1;0;0;1;0;0;0;0;0;0;1;2;0;0;0
"01/08/2024";"15:52:46";"90";"Sem vítima";"138,000";"BR-277/PR";"Crescente";"Colisão traseira";0;0;2;0;0;0;0;0;0;0;2;0;0;0;0
"01/08/2024";"18:45:00";"107";"Sem vítima";"598,779";"BR-376/PR";"Crescente";"Colisão lateral no mesmo sentido";1;0;0;1;0;0;0;0;0;0;2;0;0;0;0
"01/08/2024";"23:26:45";"125";"Sem vítima";"71,800";"427/PR";"Decrescente";"Saída de pista";1;0;0;0;0;0;0;0;0;0;1;0;0;0;0
"02/08/2024";"00:32:29";"3";"Sem vítima";"178,800";"BR-476/PR";"Crescente";"Tombamento";0;0;1;0;0;0;0;0;0;0;1;0;0;0;0
"02/08/2024";"06:03:52";"14";"Sem vítima";"5,300";"Acesso BR";"Decrescente";"Choque";1;0;0;0;0;0;0;0;0;0;0;0;0;0;0
"02/08/2024";"11:06:04";"52";"Sem vítima";"195,000";"BR-476/PR";"Crescente";"Engavetamento";0;0;3;0;0;0;0;0;0;0;3;0;0;0;0
"02/08/2024";"16:19:50";"78";"Com vítima";"252,600";"BR-373/PR";"Decrescente";"Colisão transversal";1;0;1;0;0;0;0;0;0;0;1;1;0;0;0
"02/08/2024";"17:43:03";"86";"Com vítima";"195,780";"BR-476/PR";"Decrescente";"Colisão lateral no mesmo sentido";2;0;0;0;0;0;0;0;0;0;1;1;0;0;0
"02/08/2024";"17:50:30";"87";"Sem vítima";"597,779";"BR-376/PR";"Decrescente";"Colisão traseira";1;0;0;1;0;0;0;0;0;0;2;0;0;0;0
"02/08/2024";"18:05:31";"89";"Com vítima";"114,450";"BR-277/PR";"Crescente";"Colisão traseira";1;0;0;1;0;0;0;0;0;0;1;1;0;0;0
"03/08/2024";"12:51:00";"55";"Com vítima";"157,400";"BR-277/PR";"Decrescente";"Colisão traseira";2;0;0;0;0;0;0;0;0;0;5;1;0;0;0
"03/08/2024";"13:00:16";"56";"Com vítima";"600,809";"BR-376/PR";"Decrescente";"Queda de moto";0;0;0;1;0;0;0;0;0;0;0;1;0;0;0
"04/08/2024";"00:29:24";"2";"Sem vítima";"245,780";"BR-373/PR";"Decrescente";"Colisão traseira";2;0;0;0;0;0;0;0;0;0;7;0;0;0;0
"04/08/2024";"14:36:46";"47";"Com vítima";"29,000";"423/PR";"Crescente";"Colisão lateral no mesmo sentido";2;0;0;0;0;0;0;0;0;0;1;0;1;0;0
"04/08/2024";"18:10:21";"68";"Sem vítima";"604,770";"BR-376/PR";"Decrescente";"Engavetamento";2;0;0;0;0;0;0;0;0;1;3;0;0;0;0
"04/08/2024";"18:22:21";"66";"Com vítima";"120,300";"BR-277/PR";"Decrescente";"Colisão traseira";0;0;0;1;0;0;0;0;0;1;1;1;0;0;0
"04/08/2024";"22:19:47";"82";"Sem vítima";"228,000";"BR-277/PR";"Crescente";"Saída de pista";1;0;0;0;0;0;0;0;0;0;1;0;0;0;0
"04/08/2024";"23:42:45";"85";"Com vítima";"292,200";"BR-277/PR";"Crescente";"Colisão traseira";0;0;0;0;0;0;0;0;0;2;0;2;0;0;0
"05/08/2024";"00:33:10";"2";"Com vítima";"125,347";"BR-277/PR";"Decrescente";"Atropelamento de pedestre";0;0;0;0;0;1;0;0;0;0;0;0;0;0;1
"05/08/2024";"04:01:24";"5";"Sem vítima";"109,500";"BR-277/PR";"Decrescente";"Acidentes de outra natureza";1;0;0;0;0;0;0;0;0;0;1;0;0;0;0
"05/08/2024";"06:06:08";"11";"Com vítima";"28,000";"423/PR";"Decrescente";"Carreta deu L";2;0;0;0;0;0;0;0;0;0;0;1;0;0;0
"05/08/2024";"06:45:09";"12";"Com vítima";"605,760";"BR-376/PR";"Decrescente";"Colisão traseira";1;0;0;1;0;0;0;0;0;0;1;2;0;0;0
"05/08/2024";"08:00:25";"15";"Com vítima";"148,500";"BR-476/PR";"Decrescente";"Colisão lateral no mesmo sentido";1;0;1;2;0;0;0;0;0;1;1;1;1;1;0
"05/08/2024";"10:45:56";"48";"Com vítima";"212,000";"BR-277/PR";"Crescente";"Colisão lateral no mesmo sentido";1;0;3;0;0;0;0;0;0;0;3;1;2;0;0
"05/08/2024";"11:16:31";"51";"Sem vítima";"3,000";"418/PR";"Decrescente";"Tombamento";1;0;1;0;0;0;0;0;0;0;2;0;0;0;0
"05/08/2024";"13:04:43";"60";"Com vítima";"295,200";"BR-277/PR";"Decrescente";"Colisão transversal";1;0;1;0;0;0;0;0;0;0;1;1;0;0;0
"05/08/2024";"18:44:25";"90";"Com vítima";"4,500";"418/PR";"Decrescente";"Engavetamento";2;0;2;0;0;0;0;0;0;0;2;3;0;0;0
"06/08/2024";"11:04:35";"48";"Com vítima";"601,779";"BR-376/PR";"Crescente";"Colisão traseira";1;0;1;0;0;0;0;0;0;0;0;1;0;0;0
"06/08/2024";"13:18:51";"60";"Sem vítima";"19,050";"418/PR";"Crescente";"Capotamento";1;0;0;0;0;0;0;0;0;0;1;0;0;0;0
"06/08/2024";"15:16:01";"71";"Com vítima";"239,000";"BR-277/PR";"Decrescente";"Colisão transversal";2;0;0;0;0;0;0;0;0;0;0;3;0;0;0
"07/08/2024";"07:38:29";"13";"Sem vítima";"602,809";"BR-376/PR";"Crescente";"Colisão traseira";2;0;0;0;0;0;0;0;0;0;1;0;0;0;0