data;horario;n_da_ocorrencia;tipo_de_ocorrencia;km;trecho;sentido;tipo_de_acidente;automovel;bicicleta;caminhao;moto;onibus;outros;tracao_animal;transporte_de_cargas_especiais;trator_maquinas;utilitarios;ilesos;levemente_feridos;moderadamente_feridos;gravemente_feridos;mortos
"07/08/2024";"09:51:07";"31";"Sem vítima";"604,770";"BR-376/PR";"Decrescente";"Colisão lateral no mesmo sentido";1;0;1;0;0;0;0;0;0;0;2;0;0;0;0
"07/08/2024";"14:58:47";"71";"Com vítima";"6,300";"418/PR";"Crescente";"Queda de moto";0;0;0;1;0;0;0;0;0;0;0;1;0;0;0
"07/08/2024";"16:42:30";"83";"Sem vítima";"598,779";"BR-376/PR";"Crescente";"Colisão traseira";2;0;0;0;0;0;0;0;0;0;2;0;0;0;0
"07/08/2024";"18:24:11";"90";"Sem vítima";"256,600";"BR-277/PR";"Decrescente";"Colisão traseira";0;0;2;0;0;0;0;0;0;0;3;0;0;0;0
"08/08/2024";"02:54:47";"8";"Com vítima";"118,300";"BR-277/PR";"Decrescente";"Tombamento";0;0;1;0;0;0;0;0;0;0;0;1;0;0;0
"08/08/2024";"07:20:45";"18";"Com vítima";"182,000";"BR-476/PR";"Decrescente";"Queda de moto";0;0;0;1;0;0;0;0;0;0;0;1;0;0;0
"08/08/2024";"10:04:24";"33";"Sem vítima";"16,760";"418/PR";"Decrescente";"Capotamento";1;0;0;0;0;0;0;0;0;0;1;0;0;0;0
"08/08/2024";"11:02:50";"43";"Sem vítima";"158,200";"BR-476/PR";"Decrescente";"Engavetamento";3;0;0;0;0;0;0;0;0;0;3;0;0;0;0
"08/08/2024";"14:09:19";"56";"Sem vítima";"59,000";"427/PR";"Crescente";"Tombamento";0;0;1;0;0;0;0;0;0;0;1;0;0;0;0
"08/08/2024";"15:02:10";"58";"Sem vítima";"110,500";"BR-277/PR";"Decrescente";"Colisão traseira";1;0;0;0;0;0;0;0;0;1;1;0;0;0;0
"08/08/2024";"20:46:28";"85";"Com vítima";"0,600";"Acesso BR";"Crescente";"Colisão traseira";1;0;1;0;0;0;0;0;0;0;1;1;0;0;0
"08/08/2024";"22:51:55";"91";"Com vítima";"138,000";"BR-277/PR";"Crescente";"Tombamento";0;0;1;0;0;0;0;0;0;0;0;1;0;0;0
"09/08/2024";"06:14:10";"8";"Sem vítima";"122,200";"BR-277/PR";"Decrescente";"Choque";1;0;0;0;0;0;0;0;0;0;2;0;0;0;0
"09/08/2024";"16:38:57";"47";"Com vítima";"151,000";"BR-476/PR";"Decrescente";"Colisão traseira";2;0;0;0;0;0;0;0;0;0;1;1;0;0;0
"09/08/2024";"19:10:07";"58";"Sem vítima";"122,200";"BR-277/PR";"Decrescente";"Saída de pista";0;0;0;0;0;0;0;0;0;1;1;0;0;0;0
"09/08/2024";"19:57:24";"62";"Sem vítima";"162,000";"BR-476/PR";"Decrescente";"Colisão traseira";1;0;0;0;0;0;0;0;0;1;1;0;0;0;0
"10/08/2024";"02:11:35";"5";"Sem vítima";"170,500";"BR-476/PR";"Crescente";"Tombamento";0;0;1;0;0;0;0;0;0;0;1;0;0;0;0
"10/08/2024";"05:01:57";"8";"Sem vítima";"251,600";"BR-277/PR";"Decrescente";"Colisão frontal";0;0;1;0;0;0;0;0;0;1;1;0;0;0;0
"10/08/2024";"08:13:53";"15";"Com vítima";"145,000";"BR-476/PR";"Decrescente";"Queda de moto";0;0;0;1;0;0;0;0;0;0;0;2;0;0;0
"10/08/2024";"14:34:43";"27";"Com vítima";"269,400";"BR-373/PR";"Decrescente";"Colisão transversal";2;0;0;0;0;0;0;0;0;0;0;4;0;0;0
"10/08/2024";"17:39:00";"33";"Com vítima";"190,000";"BR-277/PR";"Crescente";"Colisão traseira";0;0;1;0;1;0;0;0;0;0;6;3;0;0;0
"10/08/2024";"20:05:08";"40";"Com vítima";"213,000";"BR-277/PR";"Decrescente";"Colisão transversal";1;0;1;0;0;0;0;0;0;0;0;1;0;0;0
"11/08/2024";"00:21:25";"2";"Sem vítima";"126,100";"BR-277/PR";"Crescente";"Colisão traseira";2;0;0;0;0;0;0;0;0;0;3;0;0;0;0
"11/08/2024";"01:17:38";"4";"Com vítima";"146,000";"BR-476/PR";"Decrescente";"Saída de pista";1;0;0;0;0;0;0;0;0;0;0;1;0;0;0
"11/08/2024";"04:51:58";"11";"Com vítima";"188,700";"BR-373/PR";"Decrescente";"Choque";1;0;0;0;0;0;0;0;0;0;0;1;0;0;0
"11/08/2024";"15:56:13";"46";"Sem vítima";"10,000";"423/PR";"Crescente";"Colisão transversal";2;0;0;0;0;0;0;0;0;0;1;0;0;0;0
"11/08/2024";"16:39:55";"49";"Sem vítima";"115,400";"BR-277/PR";"Decrescente";"Engavetamento";5;0;0;0;0;0;0;0;0;0;5;0;0;0;0
"11/08/2024";"17:51:45";"58";"Com vítima";"120,300";"BR-277/PR";"Decrescente";"Colisão traseira";0;0;0;1;0;0;0;0;0;0;0;2;0;0;0
"11/08/2024";"17:58:12";"60";"Com vítima";"204,000";"BR-277/PR";"Decrescente";"Capotamento";1;0;0;0;0;0;0;0;0;0;1;1;0;0;0
"11/08/2024";"18:40:59";"65";"Com vítima";"249,650";"BR-373/PR";"Decrescente";"Choque";1;0;0;0;0;0;0;0;0;0;0;1;0;0;0
"11/08/2024";"20:12:08";"71";"Sem vítima";"605,760";"BR-376/PR";"Crescente";"Colisão traseira";0;0;1;0;0;0;0;0;0;0;1;0;0;0;0
"11/08/2024";"23:39:14";"85";"Com vítima";"132,000";"BR-277/PR";"Decrescente";"Colisão transversal";2;0;0;0;0;0;0;0;0;0;1;2;0;0;0
"12/08/2024";"02:37:18";"6";"Sem vítima";"273,340";"BR-373/PR";"Decrescente";"Capotamento";1;0;0;0;0;0;0;0;0;0;1;0;0;0;0
"12/08/2024";"04:05:37";"8";"Sem vítima";"149,000";"BR-476/PR";"Crescente";"Colisão traseira";2;0;0;0;0;0;0;0;0;0;2;0;0;0;0
"12/08/2024";"09:43:36";"31";"Com vítima";"233,840";"BR-373/PR";"Crescente";"Colisão traseira";1;0;1;0;0;0;0;0;0;0;1;2;0;0;0
"12/08/2024";"10:04:58";"33";"Com vítima";"3,000";"418/PR";"Crescente";"Colisão traseira";2;0;0;0;0;0;0;0;0;0;1;1;0;0;0
"12/08/2024";"16:15:34";"75";"Com vítima";"117,300";"BR-277/PR";"Decrescente";"Colisão traseira";0;0;0;1;1;0;0;0;0;0;2;1;0;0;0
"12/08/2024";"20:10:01";"91";"Sem vítima";"111,500";"BR-277/PR";"Decrescente";"Colisão traseira";1;0;1;0;0;0;0;0;0;0;2;0;0;0;0
"13/08/2024";"09:44:41";"44";"Sem vítima";"293,200";"BR-277/PR";"Decrescente";"Colisão lateral no mesmo sentido";1;0;1;0;0;0;0;0;0;0;2;0;0;0;0
"13/08/2024";"12:29:05";"60";"Com vítima";"0,600";"Acesso BR";"Crescente";"Colisão traseira";0;0;1;1;0;0;0;0;0;0;1;1;0;0;0
"13/08/2024";"18:11:47";"88";"Sem vítima";"172,000";"BR-476/PR";"Decrescente";"Colisão lateral no mesmo sentido";1;0;1;0;0;0;0;0;0;0;3;0;0;0;0
"13/08/2024";"21:18:09";"103";"Com vítima";"157,400";"BR-277/PR";"Crescente";"Capotamento";1;0;0;0;0;0;0;0;0;0;0;2;0;0;0
"14/08/2024";"07:24:37";"13";"Sem vítima";"54,000";"427/PR";"Decrescente";"Tombamento";0;0;1;0;0;0;0;0;0;0;1;0;0;0;0
"14/08/2024";"17:03:29";"87";"Sem vítima";"290,200";"BR-277/PR";"Crescente";"Saída de pista";1;0;0;0;0;0;0;0;0;0;1;0;0;0;0
"15/08/2024";"03:39:23";"4";"Com vítima";"1,000";"418/PR";"Crescente";"Queda de moto";0;0;0;1;0;0;0;0;0;0;0;1;0;0;0
"15/08/2024";"08:07:44";"17";"Sem vítima";"144,000";"BR-476/PR";"Crescente";"Colisão lateral no mesmo sentido";1;0;0;1;0;0;0;0;0;0;0;0;0;0;0
"15/08/2024";"08:37:06";"20";"Com vítima";"117,300";"BR-277/PR";"Decrescente";"Colisão traseira";1;0;1;0;0;0;0;0;0;0;2;1;0;0;0
"15/08/2024";"09:41:26";"27";"Sem vítima";"216,200";"BR-373/PR";"Decrescente";"Colisão lateral no mesmo sentido";1;0;0;0;0;0;0;0;0;0;2;0;0;0;0
"15/08/2024";"10:06:00";"30";"Sem vítima";"597,779";"BR-376/PR";"Decrescente";"Colisão traseira";6;0;1;0;0;0;0;0;0;0;2;0;0;0;0
"15/08/2024";"16:09:09";"75";"Sem vítima";"156,000";"BR-476/PR";"Decrescente";"Colisão lateral no mesmo sentido";1;0;1;0;0;0;0;0;0;0;0;0;0;0;0
"16/08/2024";"01:17:47";"4";"Sem vítima";"3,700";"418/PR";"Decrescente";"Saída de pista";2;0;0;0;0;0;0;0;0;0;1;0;0;0;0
"16/08/2024";"07:59:26";"18";"Sem vítima";"114,450";"BR-277/PR";"Decrescente";"Saída de pista";1;0;0;0;0;0;0;0;0;0;0;0;0;0;0
"16/08/2024";"13:24:17";"63";"Sem vítima";"148,000";"BR-476/PR";"Decrescente";"Colisão lateral no mesmo sentido";1;0;0;1;0;0;0;0;0;0;2;0;0;0;0
"16/08/2024";"13:54:50";"67";"Sem vítima";"186,700";"BR-373/PR";"Decrescente";"Carreta deu L";2;0;1;0;0;0;0;0;0;0;3;0;0;0;0
"16/08/2024";"19:29:45";"111";"Com vítima";"151,000";"BR-476/PR";"Decrescente";"Engavetamento";2;0;1;1;0;0;0;0;0;1;4;1;0;0;0
"17/08/2024";"06:09:49";"13";"Com vítima";"595,800";"BR-376/PR";"Crescente";"Colisão lateral no mesmo sentido";2;0;0;0;0;0;0;0;0;0;0;1;0;0;0
"17/08/2024";"10:18:40";"32";"Sem vítima";"247,695";"BR-277/PR";"Crescente";"Choque";0;0;0;1;0;0;0;0;0;0;0;0;0;0;0
"17/08/2024";"10:26:49";"33";"Sem vítima";"277,350";"BR-277/PR";"Crescente";"Saída de pista";1;0;0;0;0;0;0;0;0;0;0;0;0;0;0
"17/08/2024";"10:56:13";"37";"Com vítima";"238,600";"BR-277/PR";"Crescente";"Queda de moto";0;0;0;1;0;0;0;0;0;0;0;1;0;0;0
"17/08/2024";"12:50:35";"42";"Sem vítima";"20,900";"418/PR";"Crescente";"Colisão transversal";1;0;0;0;0;0;0;0;0;1;2;0;0;0;0
"17/08/2024";"14:33:11";"51";"Com vítima";"155,300";"BR-476/PR";"Decrescente";"Colisão frontal";1;0;0;1;0;0;0;0;0;0;0;0;1;0;0
"17/08/2024";"22:52:39";"95";"Com vítima";"191,000";"BR-277/PR";"Crescente";"Colisão transversal";1;0;0;1;0;0;0;0;0;0;1;0;1;1;0
"18/08/2024";"04:33:08";"8";"Com vítima";"173,000";"BR-476/PR";"Crescente";"Colisão lateral no mesmo sentido";1;0;0;0;0;0;0;0;0;1;0;1;2;0;0
"18/08/2024";"08:26:44";"11";"Sem vítima";"115,400";"BR-277/PR";"Crescente";"Saída de pista";1;0;0;0;0;0;0;0;0;0;2;0;0;0;0
"18/08/2024";"12:10:02";"21";"Com vítima";"222,000";"BR-373/PR";"Decrescente";"Colisão transversal";1;0;0;1;0;0;0;0;0;0;1;0;0;1;1
"18/08/2024";"18:34:38";"45";"Com vítima";"2,600";"Acesso BR";"Crescente";"Colisão traseira";2;0;0;0;0;0;0;0;0;0;2;2;0;0;0
"19/08/2024";"07:36:26";"10";"Sem vítima";"119,400";"BR-277/PR";"Decrescente";"Choque";0;0;1;0;0;0;0;0;0;0;1;0;0;0;0
"19/08/2024";"11:22:39";"44";"Sem vítima";"266,500";"BR-277/PR";"Decrescente";"Colisão traseira";2;0;0;0;0;0;0;0;0;0;4;0;0;0;0
"19/08/2024";"11:51:39";"46";"Com vítima";"240,700";"BR-277/PR";"Decrescente";"Tombamento";0;0;1;0;0;0;0;0;0;0;0;0;1;0;0
"19/08/2024";"12:07:58";"47";"Sem vítima";"598,779";"BR-376/PR";"Crescente";"Engavetamento";1;0;1;0;0;0;0;0;0;1;2;0;0;0;0
"19/08/2024";"16:23:53";"71";"Sem vítima";"32,100";"423/PR";"Crescente";"Colisão traseira";0;0;1;0;0;0;0;0;0;1;2;0;0;0;0
"19/08/2024";"17:36:13";"80";"Sem vítima";"5,300";"Acesso BR";"Crescente";"Colisão traseira";2;0;0;0;0;0;0;0;0;0;3;0;0;0;0
"20/08/2024";"08:19:39";"22";"Com vítima";"597,779";"BR-376/PR";"Decrescente";"Colisão lateral no mesmo sentido";0;0;1;1;0;0;0;0;0;0;0;1;0;0;0
"20/08/2024";"14:55:48";"82";"Com vítima";"605,760";"BR-376/PR";"Crescente";"Queda de moto";0;0;0;1;0;0;0;0;0;0;0;0;1;0;0
"20/08/2024";"16:09:58";"88";"Sem vítima";"602,760";"BR-376/PR";"Crescente";"Colisão traseira";0;0;2;0;0;0;0;0;0;0;2;0;0;0;0
"20/08/2024";"18:25:08";"107";"Com vítima";"598,779";"BR-376/PR";"Decrescente";"Colisão traseira";1;0;0;1;0;0;0;0;0;0;1;1;0;0;0
"20/08/2024";"20:30:16";"118";"Sem vítima";"3,000";"418/PR";"Crescente";"Colisão lateral no mesmo sentido";0;0;1;1;0;0;0;0;0;0;2;0;0;0;0
"21/08/2024";"05:24:33";"5";"Sem vítima";"196,000";"BR-476/PR";"Crescente";"Saída de pista";1;0;0;0;0;0;0;0;0;0;1;0;0;0;0
"21/08/2024";"07:50:34";"7";"Com vítima";"0,650";"Acesso BR";"Decrescente";"Queda de moto";0;0;0;1;0;0;0;0;0;0;0;0;1;0;0
"21/08/2024";"08:10:54";"8";"Sem vítima";"152,000";"BR-476/PR";"Decrescente";"Colisão lateral no mesmo sentido";1;0;1;0;0;0;0;0;0;0;2;0;0;0;0
"21/08/2024";"13:11:13";"35";"Sem vítima";"145,000";"BR-277/PR";"Crescente";"Engavetamento";3;0;2;0;0;0;0;0;0;0;9;0;0;0;0
"21/08/2024";"16:23:44";"51";"Com vítima";"15,000";"418/PR";"Decrescente";"Queda de moto";0;0;0;1;0;0;0;0;0;0;0;1;0;0;0
"21/08/2024";"18:57:35";"56";"Com vítima";"144,000";"BR-277/PR";"Crescente";"Desatrelamento";0;0;1;0;0;0;0;0;0;0;2;0;0;0;1
"21/08/2024";"23:15:06";"71";"Com vítima";"10,000";"418/PR";"Decrescente";"Tombamento";0;0;1;0;0;0;0;0;0;0;0;1;0;0;0
"22/08/2024";"01:45:23";"7";"Sem vítima";"143,234";"BR-277/PR";"Crescente";"Colisão traseira";0;0;2;0;0;0;0;0;0;0;1;0;0;0;0
"22/08/2024";"08:44:44";"17";"Com vítima";"144,100";"BR-476/PR";"Decrescente";"Colisão lateral no mesmo sentido";1;0;0;1;0;0;0;0;0;0;0;2;0;0;0
"22/08/2024";"14:24:32";"57";"Com vítima";"70,300";"427/PR";"Decrescente";"Colisão lateral no mesmo sentido";1;0;1;0;0;0;0;0;0;0;2;0;1;0;0
"22/08/2024";"16:01:25";"64";"Sem vítima";"194,400";"BR-476/PR";"Decrescente";"Engavetamento";1;0;2;0;0;0;0;0;0;0;2;0;0;0;0
"22/08/2024";"21:25:57";"86";"Sem vítima";"12,000";"423/PR";"Decrescente";"Colisão lateral no mesmo sentido";2;0;0;0;0;0;0;0;0;0;1;0;0;0;0
"23/08/2024";"01:32:11";"6";"Com vítima";"195,680";"BR-373/PR";"Crescente";"Choque";1;0;0;0;0;0;0;0;0;0;0;1;0;0;0
"23/08/2024";"03:53:47";"9";"Sem vítima";"207,000";"BR-277/PR";"Crescente";"Colisão lateral no mesmo sentido";1;0;0;0;0;0;0;0;0;0;1;0;0;0;0
"23/08/2024";"05:20:54";"12";"Com vítima";"10,000";"418/PR";"Decrescente";"Choque";2;0;0;0;0;0;0;0;0;0;0;1;1;0;0
"23/08/2024";"05:27:44";"14";"Sem vítima";"6,000";"418/PR";"Crescente";"Tombamento";0;0;1;0;0;0;0;0;0;0;1;0;0;0;0
"23/08/2024";"10:42:40";"56";"Sem vítima";"117,300";"BR-277/PR";"Crescente";"Colisão traseira";1;0;1;0;0;0;0;0;0;0;0;0;0;0;0
"23/08/2024";"13:17:08";"72";"Sem vítima";"264,400";"BR-373/PR";"Crescente";"Colisão traseira";1;0;1;0;0;0;0;0;0;0;2;0;0;0;0
"23/08/2024";"17:25:19";"98";"Com vítima";"201,000";"BR-277/PR";"Crescente";"Colisão frontal";2;0;0;0;0;0;0;0;0;0;0;2;0;0;0
"23/08/2024";"17:25:22";"99";"Sem vítima";"601,779";"BR-376/PR";"Crescente";"Colisão lateral no mesmo sentido";1;0;1;0;0;0;0;0;0;0;2;0;0;0;0
"23/08/2024";"17:42:15";"100";"Sem vítima";"116,400";"BR-277/PR";"Crescente";"Colisão traseira";0;0;2;0;0;0;0;0;0;0;2;0;0;0;0
"23/08/2024";"19:24:00";"104";"Sem vítima";"136,947";"BR-277/PR";"Decrescente";"Capotamento";1;0;0;0;0;0;0;0;0;0;0;0;0;0;0
"23/08/2024";"19:24:00";"17260";"Sem vítima";"130,000";"BR-277/PR";"Decrescente";"Capotamento";1;0;0;0;0;0;0;0;0;0;0;0;0;0;0
"23/08/2024";"20:08:27";"110";"Com vítima";"146,000";"BR-476/PR";"Decrescente";"Colisão lateral no mesmo sentido";1;0;0;0;0;0;0;0;0;0;0;1;0;0;0
"24/08/2024";"11:50:20";"25";"Sem vítima";"112,500";"BR-277/PR";"Crescente";"Colisão traseira";2;0;0;0;0;0;0;0;0;0;2;0;0;0;0
"24/08/2024";"13:03:39";"28";"Com vítima";"247,600";"BR-277/PR";"Crescente";"Capotamento";1;0;0;0;0;0;0;0;0;0;0;1;0;0;0
"24/08/2024";"13:24:53";"29";"Sem vítima";"136,000";"BR-277/PR";"Decrescente";"Saída de pista";1;0;0;0;0;0;0;0;0;0;1;0;0;0;0
"24/08/2024";"20:43:26";"68";"Com vítima";"158,000";"BR-476/PR";"Decrescente";"Colisão frontal";1;0;0;1;0;0;0;0;0;0;0;2;0;0;0
"25/08/2024";"00:13:45";"2";"Sem vítima";"107,500";"BR-277/PR";"Decrescente";"Choque";1;0;0;0;0;0;0;0;0;0;2;0;0;0;0
"25/08/2024";"04:37:19";"13";"Com vítima";"596,779";"BR-376/PR";"Decrescente";"Tombamento";2;0;0;0;0;0;0;0;0;0;0;0;2;0;0
"26/08/2024";"00:54:01";"2";"Com vítima";"69,120";"427/PR";"Decrescente";"Capotamento";1;0;0;0;0;0;0;0;0;0;0;2;0;0;0
"26/08/2024";"06:04:57";"6";"Com vítima";"152,500";"BR-476/PR";"Decrescente";"Colisão transversal";1;0;0;1;0;0;0;0;0;0;1;1;0;0;0
"26/08/2024";"07:23:25";"7";"Sem vítima";"129,000";"BR-277/PR";"Decrescente";"Colisão traseira";2;0;0;0;0;0;0;0;0;0;0;0;0;0;0
"26/08/2024";"10:47:45";"44";"Sem vítima";"600,800";"BR-376/PR";"Crescente";"Colisão lateral no mesmo sentido";0;0;2;0;0;0;0;0;0;0;2;0;0;0;0
"26/08/2024";"13:35:52";"54";"Sem vítima";"181,000";"BR-277/PR";"Decrescente";"Capotamento";1;0;0;0;0;0;0;0;0;0;0;0;0;0;0
"27/08/2024";"07:05:02";"13";"Sem vítima";"147,350";"BR-476/PR";"Decrescente";"Queda de moto";0;0;0;1;0;0;0;0;0;0;1;0;0;0;0
"27/08/2024";"07:12:18";"15";"Com vítima";"603,779";"BR-376/PR";"Decrescente";"Colisão traseira";0;0;0;1;0;0;0;0;0;1;1;1;0;0;0
"27/08/2024";"13:07:07";"59";"Sem vítima";"172,000";"BR-476/PR";"Crescente";"Colisão transversal";1;0;0;0;0;0;0;0;0;0;1;0;0;0;0
"27/08/2024";"14:59:07";"72";"Sem vítima";"148,000";"BR-476/PR";"Decrescente";"Colisão lateral no mesmo sentido";2;0;0;0;0;0;0;0;0;0;2;0;0;0;0
"27/08/2024";"19:05:18";"88";"Com vítima";"245,780";"BR-373/PR";"Crescente";"Colisão frontal";0;0;1;1;0;0;0;0;0;0;1;0;0;0;1
"27/08/2024";"23:28:10";"103";"Sem vítima";"153,000";"BR-476/PR";"Crescente";"Saída de pista";3;0;0;0;0;0;0;0;0;0;2;0;0;0;0
"28/08/2024";"04:21:43";"17";"Sem vítima";"240,780";"BR-373/PR";"Crescente";"Tombamento";0;0;1;0;0;0;0;0;0;0;1;0;0;0;0
"28/08/2024";"07:47:06";"25";"Sem vítima";"217,000";"BR-277/PR";"Decrescente";"Choque";0;0;1;0;0;0;0;0;0;0;1;0;0;0;0
"28/08/2024";"10:38:32";"44";"Com vítima";"596,779";"BR-376/PR";"Crescente";"Colisão transversal";0;0;0;1;0;0;0;0;1;0;1;1;0;0;0
"28/08/2024";"15:28:23";"60";"Sem vítima";"184,680";"BR-373/PR";"Decrescente";"Choque";1;0;0;0;0;0;0;0;0;0;1;0;0;0;0
"29/08/2024";"12:45:32";"49";"Com vítima";"137,000";"BR-277/PR";"Decrescente";"Tombamento";0;0;1;0;0;0;0;0;0;0;0;0;1;0;0
"29/08/2024";"12:50:21";"51";"Sem vítima";"605,760";"BR-376/PR";"Crescente";"Colisão lateral no mesmo sentido";0;0;1;0;0;0;0;0;0;0;1;0;0;0;0
"29/08/2024";"13:46:09";"52";"Com vítima";"260,510";"BR-373/PR";"Crescente";"Colisão transversal";2;0;0;0;0;0;0;0;0;0;0;2;0;0;0
"29/08/2024";"18:28:41";"70";"Sem vítima";"602,760";"BR-376/PR";"Decrescente";"Colisão traseira";2;0;0;0;0;0;0;0;0;0;2;0;0;0;0
"29/08/2024";"18:55:59";"73";"Com vítima";"183,000";"BR-277/PR";"Crescente";"Colisão transversal";1;0;1;0;0;0;0;0;0;0;1;0;0;1;0
"29/08/2024";"22:01:51";"88";"Sem vítima";"146,910";"BR-476/PR";"Decrescente";"Saída de pista";1;0;0;0;0;0;0;0;0;0;1;0;0;0;0
"30/08/2024";"05:21:31";"11";"Com vítima";"124,200";"BR-277/PR";"Decrescente";"Colisão frontal";1;0;0;0;0;0;0;0;0;0;0;1;0;0;0
"30/08/2024";"14:49:34";"74";"Com vítima";"146,000";"BR-277/PR";"Crescente";"Saída de pista";0;0;1;0;0;0;0;0;0;0;0;0;0;0;1
"30/08/2024";"19:11:51";"102";"Sem vítima";"191,000";"BR-277/PR";"Crescente";"Engavetamento";2;0;0;0;0;0;0;0;0;0;3;0;0;0;0
"30/08/2024";"19:11:51";"102";"Sem vítima";"198,173";"BR-277/PR";"Crescente";"Engavetamento";3;0;0;0;0;0;0;0;0;0;3;0;0;0;0
"30/08/2024";"23:10:31";"122";"Com vítima";"111,500";"BR-277/PR";"Crescente";"Atropelamento de pedestre";1;0;0;0;0;0;0;0;0;0;1;0;0;0;1
"31/08/2024";"01:39:40";"2";"Com vítima";"239,000";"BR-277/PR";"Crescente";"Acidentes de outra natureza";0;0;0;1;0;0;0;0;0;0;0;1;0;0;0
"31/08/2024";"01:39:40";"2";"Com vítima";"239,058";"BR-277/PR";"Crescente";"Acidentes de outra natureza";0;0;0;1;0;0;0;0;0;0;0;1;0;0;0
"31/08/2024";"02:48:49";"5";"Com vítima";"194,000";"BR-277/PR";"Decrescente";"Capotamento";1;0;0;0;0;0;0;0;0;0;0;1;0;0;0
"31/08/2024";"02:48:49";"5";"Com vítima";"194,165";"BR-277/PR";"Decrescente";"Capotamento";1;0;0;0;0;0;0;0;0;0;0;1;0;0;0
"31/08/2024";"05:23:04";"7";"Sem vítima";"255,300";"BR-373/PR";"Decrescente";"Capotamento";0;0;0;0;0;0;0;0;0;1;1;0;0;0;0
"31/08/2024";"07:39:27";"14";"Sem vítima";"149,000";"BR-476/PR";"Decrescente";"Saída de pista";1;0;0;0;0;0;0;0;0;0;1;0;0;0;0
"31/08/2024";"07:47:42";"15";"Com vítima";"2,600";"Acesso BR";"Decrescente";"Colisão traseira";1;0;0;0;0;0;0;0;0;0;0;1;0;0;0
"31/08/2024";"13:02:53";"45";"Sem vítima";"107,500";"BR-277/PR";"Crescente";"Engavetamento";0;0;0;0;0;0;0;0;0;2;2;0;0;0;0
"31/08/2024";"15:13:10";"59";"Com vítima";"116,400";"BR-277/PR";"Decrescente";"Engavetamento";1;0;0;1;0;0;0;0;0;2;3;1;0;0;0
"31/08/2024";"15:29:54";"63";"Com vítima";"114,450";"BR-277/PR";"Crescente";"Atropelamento de ciclista";0;0;0;0;0;0;0;0;0;0;0;1;0;0;0
"31/08/2024";"15:29:54";"63";"Com vítima";"114,470";"BR-277/PR";"Crescente";"Atropelamento de ciclista";0;1;0;0;0;0;0;0;0;0;0;0;0;0;0
"31/08/2024";"16:04:07";"69";"Sem vítima";"121,300";"BR-277/PR";"Decrescente";"Saída de pista";1;0;0;0;0;0;0;0;0;0;2;0;0;0;0
"31/08/2024";"17:47:59";"81";"Sem vítima";"591,820";"BR-376/PR";"Crescente";"Colisão traseira";2;0;0;0;0;0;0;0;0;0;2;0;0;0;0
"31/08/2024";"18:21:39";"86";"Com vítima";"121,300";"BR-277/PR";"Crescente";"Colisão lateral no mesmo sentido";1;0;0;1;0;0;0;0;0;0;1;1;0;0;0
"31/08/2024";"19:27:53";"95";"Sem vítima";"221,000";"BR-373/PR";"Decrescente";"Saída de pista";1;0;0;0;0;0;0;0;0;0;1;0;0;0;0
"31/08/2024";"21:11:32";"104";"Com vítima";"240,700";"BR-277/PR";"Crescente";"Choque";1;0;0;0;0;0;0;0;0;0;0;1;0;0;0
"31/08/2024";"21:27:42";"105";"Com vítima";"2,000";"418/PR";"Decrescente";"Atropelamento de pedestre";1;0;0;1;0;0;0;0;0;0;1;0;0;1;0
"31/08/2024";"22:04:27";"110";"Sem vítima";"269,400";"BR-373/PR";"Decrescente";"Saída de pista";1;0;0;0;0;0;0;0;0;0;2;0;0;0;0
"01/09/2024";"05:41:48";"12";"Sem vítima";"183,680";"BR-373/PR";"Decrescente";"Capotamento";1;0;0;0;0;0;0;0;0;0;2;0;0;0;0
"01/09/2024";"07:38:39";"20";"Com vítima";"110,500";"BR-277/PR";"Decrescente";"Colisão traseira";2;0;0;0;0;0;0;0;0;0;1;1;0;0;0
"01/09/2024";"09:19:20";"26";"Sem vítima";"138,000";"BR-277/PR";"Crescente";"Queda de moto";0;0;0;2;0;0;0;0;0;0;2;0;0;0;0
"01/09/2024";"10:15:51";"28";"Sem vítima";"214,000";"BR-277/PR";"Crescente";"Queda de moto";0;0;0;1;0;0;0;0;0;0;1;0;0;0;0
"01/09/2024";"10:24:00";"30";"Sem vítima";"116,400";"BR-277/PR";"Crescente";"Choque";1;0;0;0;0;0;0;0;0;0;1;0;0;0;0
"01/09/2024";"19:04:36";"77";"Sem vítima";"160,400";"BR-277/PR";"Decrescente";"Tombamento";0;0;1;0;0;0;0;0;0;0;1;0;0;0;0
"01/09/2024";"20:13:19";"88";"Sem vítima";"164,400";"BR-277/PR";"Decrescente";"Colisão lateral no mesmo sentido";1;0;1;0;0;0;0;0;0;0;3;0;0;0;0
"02/09/2024";"06:12:27";"14";"Sem vítima";"221,000";"BR-373/PR";"Decrescente";"Colisão transversal";1;0;1;0;0;0;0;0;0;0;3;0;0;0;0