data;horario;n_da_ocorrencia;tipo_de_ocorrencia;km;trecho;sentido;tipo_de_acidente;automovel;bicicleta;caminhao;moto;onibus;outros;tracao_animal;transporte_de_cargas_especiais;trator_maquinas;utilitarios;ilesos;levemente_feridos;moderadamente_feridos;gravemente_feridos;mortos
"23/10/2024";"08:09:28";"23";"Sem vítima";"1,000";"418/PR";"Crescente";"Colisão traseira";2;0;0;0;0;0;0;0;0;0;2;0;0;0;0
"23/10/2024";"08:28:20";"57";"Com vítima";"604,000";"BR-376/PR";"Decrescente";"Engavetamento";5;0;1;0;0;0;0;0;0;1;7;2;0;0;0
"23/10/2024";"08:56:43";"72";"Sem vítima";"269,500";"BR-373/PR";"Decrescente";"Saída de pista";1;0;0;0;0;0;0;0;0;0;3;0;0;0;0
"23/10/2024";"09:20:37";"75";"Sem vítima";"112,500";"BR-277/PR";"Decrescente";"Colisão traseira";0;0;2;0;0;0;0;0;0;0;2;0;0;0;0
"23/10/2024";"10:39:31";"79";"Sem vítima";"169,500";"BR-277/PR";"Decrescente";"Saída de pista";0;0;0;0;0;0;0;0;0;1;2;0;0;0;0
"23/10/2024";"12:14:02";"85";"Sem vítima";"18,000";"418/PR";"Crescente";"Colisão frontal";1;0;1;0;0;0;0;0;0;0;2;0;0;0;0
"23/10/2024";"13:14:06";"87";"Sem vítima";"179,000";"BR-476/PR";"Decrescente";"Colisão lateral no mesmo sentido";0;0;2;0;0;0;0;0;0;0;2;0;0;0;0
"23/10/2024";"13:29:33";"89";"Sem vítima";"21,000";"418/PR";"Crescente";"Colisão traseira";2;0;0;0;0;0;0;0;0;0;2;0;0;0;0
"23/10/2024";"16:54:28";"106";"Com vítima";"15,000";"423/PR";"Decrescente";"Colisão lateral no mesmo sentido";1;0;1;0;0;0;0;0;0;0;1;2;0;0;0
"23/10/2024";"17:36:56";"107";"Com vítima";"145,100";"BR-476/PR";"Decrescente";"Queda de moto";0;0;0;1;0;0;0;0;0;0;0;1;0;0;0
"24/10/2024";"10:54:49";"87";"Sem vítima";"125,850";"BR-277/PR";"Decrescente";"Engavetamento";1;0;3;0;0;0;0;0;0;0;4;0;0;0;0
"24/10/2024";"12:39:43";"97";"Com vítima";"107,500";"BR-277/PR";"Decrescente";"Atropelamento de pedestre";0;0;0;0;0;1;0;0;0;0;0;0;1;0;0
"24/10/2024";"14:13:41";"104";"Sem vítima";"126,000";"BR-277/PR";"Crescente";"Choque";0;0;1;0;0;0;0;0;0;0;1;0;0;0;0
"24/10/2024";"15:12:08";"111";"Sem vítima";"132,000";"BR-277/PR";"Decrescente";"Saída de pista";1;0;0;0;0;0;0;0;0;0;2;0;0;0;0
"24/10/2024";"17:31:05";"131";"Com vítima";"604,000";"BR-376/PR";"Crescente";"Colisão traseira";1;0;0;1;0;0;0;0;0;0;1;1;0;0;0
"24/10/2024";"19:14:20";"156";"Sem vítima";"595,000";"BR-376/PR";"Crescente";"Engavetamento";2;0;1;0;0;0;0;0;0;0;3;0;0;0;0
"24/10/2024";"19:56:33";"144";"Sem vítima";"143,000";"BR-277/PR";"Crescente";"Saída de pista";0;0;0;0;0;0;0;0;0;1;0;0;0;0;0
"24/10/2024";"20:09:39";"146";"Sem vítima";"159,000";"BR-277/PR";"Decrescente";"Saída de pista";1;0;0;0;0;0;0;0;0;0;2;0;0;0;0
"25/10/2024";"01:06:47";"4";"Sem vítima";"43,000";"427/PR";"Crescente";"Saída de pista";0;0;1;0;0;0;0;0;0;0;1;0;0;0;0
"25/10/2024";"05:00:14";"13";"Com vítima";"171,500";"BR-476/PR";"Decrescente";"Queda de moto";0;0;0;1;0;0;0;0;0;0;0;1;0;0;0
"25/10/2024";"11:04:50";"98";"Sem vítima";"120,350";"BR-277/PR";"Decrescente";"Colisão traseira";1;0;1;0;0;0;0;0;0;0;2;0;0;0;0
"25/10/2024";"15:13:18";"127";"Com vítima";"604,000";"BR-376/PR";"Decrescente";"Colisão traseira";1;0;0;1;0;0;0;0;0;0;0;2;0;0;0
"25/10/2024";"16:25:45";"142";"Com vítima";"112,000";"BR-277/PR";"Decrescente";"Queda de moto";0;0;0;1;0;0;0;0;0;0;0;1;0;0;0
"25/10/2024";"17:30:21";"147";"Sem vítima";"112,974";"BR-277/PR";"Decrescente";"Colisão traseira";1;0;0;0;0;0;0;0;0;1;1;0;0;0;0
"25/10/2024";"20:12:38";"167";"Sem vítima";"112,000";"BR-277/PR";"Crescente";"Colisão traseira";0;0;1;0;0;0;0;0;0;1;2;0;0;0;0
"25/10/2024";"21:28:34";"172";"Sem vítima";"167,950";"BR-277/PR";"Decrescente";"Saída de pista";0;0;1;0;0;0;0;0;0;0;1;0;0;0;0
"26/10/2024";"02:52:20";"10";"Com vítima";"236,000";"BR-277/PR";"Crescente";"Tombamento";0;0;1;0;0;0;0;0;0;0;0;1;0;0;0
"26/10/2024";"03:13:41";"12";"Sem vítima";"108,000";"BR-277/PR";"Crescente";"Saída de pista";1;0;0;0;0;0;0;0;0;0;1;0;0;0;0
"26/10/2024";"03:45:37";"14";"Sem vítima";"108,000";"BR-277/PR";"Crescente";"Saída de pista";1;0;0;0;0;0;0;0;0;0;0;0;0;0;0
"26/10/2024";"10:09:10";"53";"Com vítima";"50,000";"427/PR";"Decrescente";"Saída de pista";0;0;0;1;0;0;0;0;0;0;1;0;1;0;0
"26/10/2024";"12:47:13";"71";"Sem vítima";"598,000";"BR-376/PR";"Crescente";"Colisão lateral no mesmo sentido";1;0;1;0;0;0;0;0;0;0;5;0;0;0;0
"26/10/2024";"16:55:25";"90";"Sem vítima";"604,000";"BR-376/PR";"Decrescente";"Colisão lateral no mesmo sentido";1;0;1;0;0;0;0;0;0;0;4;0;0;0;0
"26/10/2024";"16:55:56";"91";"Sem vítima";"604,000";"BR-376/PR";"Decrescente";"Colisão lateral no mesmo sentido";1;0;1;0;0;0;0;0;0;0;2;0;0;0;0
"26/10/2024";"17:07:12";"93";"Com vítima";"59,000";"427/PR";"Crescente";"Saída de pista";0;0;0;1;0;0;0;0;0;0;0;1;0;0;0
"26/10/2024";"19:50:53";"103";"Sem vítima";"4,000";"418/PR";"Decrescente";"Colisão traseira";1;0;0;0;0;0;0;0;0;1;2;0;0;0;0
"26/10/2024";"20:01:51";"105";"Sem vítima";"144,000";"BR-476/PR";"Crescente";"Choque";1;0;0;0;0;0;0;0;0;0;1;0;0;0;0
"27/10/2024";"06:03:40";"13";"Com vítima";"109,000";"BR-277/PR";"Decrescente";"Capotamento";1;0;0;0;0;0;0;0;0;0;0;1;0;0;0
"27/10/2024";"12:25:51";"29";"Sem vítima";"35,000";"427/PR";"Crescente";"Saída de pista";1;0;0;0;0;0;0;0;0;0;1;0;0;0;0
"27/10/2024";"17:11:00";"45";"Com vítima";"600,000";"BR-376/PR";"Decrescente";"Colisão lateral no mesmo sentido";1;0;0;1;0;0;0;0;0;0;2;2;0;0;0
"27/10/2024";"22:20:36";"67";"Sem vítima";"1,000";"418/PR";"Crescente";"Saída de pista";2;0;0;0;0;0;0;0;0;0;3;0;0;0;0
"28/10/2024";"18:40:15";"160";"Sem vítima";"241,550";"BR-277/PR";"Decrescente";"Colisão lateral no mesmo sentido";1;0;1;0;0;0;0;0;0;0;2;0;0;0;0
"28/10/2024";"22:01:57";"178";"Com vítima";"128,000";"BR-277/PR";"Crescente";"Queda de moto";0;0;0;1;0;0;0;0;0;0;0;1;0;0;0
"28/10/2024";"22:16:33";"181";"Com vítima";"600,000";"BR-376/PR";"Crescente";"Queda de moto";0;0;0;1;0;0;0;0;0;0;0;1;1;0;0
"29/10/2024";"06:33:22";"11";"Com vítima";"126,000";"BR-277/PR";"Crescente";"Colisão traseira";2;0;0;0;0;0;0;0;0;0;0;2;0;0;0
"29/10/2024";"07:14:39";"16";"Com vítima";"604,000";"BR-376/PR";"Decrescente";"Queda de moto";0;0;0;1;0;0;0;0;0;0;0;1;0;0;0
"29/10/2024";"08:58:10";"54";"Com vítima";"602,000";"BR-376/PR";"Decrescente";"Colisão traseira";0;0;1;1;0;0;0;0;0;0;1;1;0;0;0
"29/10/2024";"19:08:10";"109";"Sem vítima";"207,000";"BR-277/PR";"Decrescente";"Saída de pista";1;0;0;0;0;0;0;0;0;0;0;0;0;0;0
"29/10/2024";"23:44:38";"138";"Sem vítima";"200,000";"BR-277/PR";"Crescente";"Saída de pista";1;0;0;0;0;0;0;0;0;0;3;0;0;0;0
"30/10/2024";"07:31:17";"15";"Sem vítima";"108,500";"BR-277/PR";"Decrescente";"Engavetamento";3;0;0;0;0;0;0;0;0;1;4;0;0;0;0
"30/10/2024";"10:16:26";"70";"Sem vítima";"135,700";"BR-277/PR";"Decrescente";"Colisão traseira";0;0;2;0;0;0;0;0;0;0;2;0;0;0;0
"30/10/2024";"10:36:24";"76";"Sem vítima";"136,200";"BR-277/PR";"Decrescente";"Colisão traseira";0;0;2;0;0;0;0;0;0;0;2;0;0;0;0
"30/10/2024";"13:55:09";"88";"Com vítima";"150,340";"BR-476/PR";"Decrescente";"Queda de moto";0;0;0;1;0;0;0;0;0;0;0;1;0;0;0
"30/10/2024";"18:29:12";"108";"Sem vítima";"283,000";"BR-277/PR";"Crescente";"Engavetamento";2;0;1;0;0;0;0;0;0;0;3;0;0;0;0
"31/10/2024";"00:22:21";"1";"Sem vítima";"13,000";"418/PR";"Crescente";"Capotamento";1;0;0;0;0;0;0;0;0;0;1;0;0;0;0
"31/10/2024";"01:37:00";"5";"Com vítima";"108,000";"BR-277/PR";"Decrescente";"Colisão traseira";1;0;1;0;0;0;0;0;0;0;2;1;0;0;0
"31/10/2024";"05:56:04";"11";"Com vítima";"162,420";"BR-476/PR";"Decrescente";"Queda de moto";0;0;0;1;0;0;0;0;0;0;0;0;1;0;0
"31/10/2024";"08:46:53";"56";"Com vítima";"1,100";"418/PR";"Crescente";"Engavetamento";1;0;1;1;0;0;0;0;0;0;2;1;0;0;0
"31/10/2024";"17:12:36";"89";"Com vítima";"152,820";"BR-476/PR";"Decrescente";"Colisão transversal";1;0;0;1;0;0;0;0;0;0;1;1;0;0;0
"01/11/2024";"13:43:38";"91";"Sem vítima";"596,500";"BR-376/PR";"Decrescente";"Colisão traseira";1;0;0;0;0;3;0;0;0;0;1;0;0;0;0
"01/11/2024";"14:25:46";"94";"Sem vítima";"112,200";"BR-277/PR";"Decrescente";"Colisão traseira";2;0;0;0;0;0;0;0;0;0;2;0;0;0;0
"01/11/2024";"15:19:50";"96";"Sem vítima";"117,002";"BR-277/PR";"Decrescente";"Colisão traseira";2;0;0;0;0;0;0;0;0;0;2;0;0;0;0
"01/11/2024";"17:52:10";"108";"Sem vítima";"137,900";"BR-277/PR";"Crescente";"Colisão traseira";2;0;0;0;0;0;0;0;0;0;2;0;0;0;0
"01/11/2024";"18:25:06";"111";"Com vítima";"227,200";"BR-373/PR";"Decrescente";"Colisão transversal";1;0;1;0;0;0;0;0;0;0;1;1;0;0;0
"01/11/2024";"19:59:45";"125";"Com vítima";"146,500";"BR-476/PR";"Decrescente";"Atropelamento de pedestre";2;0;0;0;0;0;0;0;0;0;2;0;0;0;1
"01/11/2024";"21:14:23";"130";"Sem vítima";"207,210";"BR-277/PR";"Crescente";"Saída de pista";1;0;0;0;0;0;0;0;0;0;2;0;0;0;0
"02/11/2024";"00:00:07";"1";"Sem vítima";"598,000";"BR-376/PR";"Crescente";"Colisão lateral no mesmo sentido";1;0;1;0;0;0;0;0;0;0;4;0;0;0;0
"02/11/2024";"06:35:35";"21";"Sem vítima";"169,020";"BR-277/PR";"Decrescente";"Colisão traseira";1;0;1;0;0;0;0;0;0;0;4;0;0;0;0
"02/11/2024";"10:55:15";"36";"Sem vítima";"197,490";"BR-373/PR";"Crescente";"Capotamento";1;0;0;0;0;0;0;0;0;0;1;0;0;0;0
"02/11/2024";"14:28:20";"49";"Sem vítima";"178,700";"BR-476/PR";"Crescente";"Saída de pista";1;0;0;0;0;0;0;0;0;0;2;0;0;0;0
"02/11/2024";"15:17:15";"51";"Sem vítima";"9,500";"423/PR";"Crescente";"Colisão lateral no mesmo sentido";2;0;0;0;0;0;0;0;0;0;4;0;0;0;0
"02/11/2024";"19:18:06";"68";"Sem vítima";"122,345";"BR-277/PR";"Crescente";"Colisão frontal";1;0;0;0;0;0;0;0;0;0;2;0;0;0;0
"03/11/2024";"00:04:10";"1";"Sem vítima";"138,800";"BR-277/PR";"Decrescente";"Tombamento";1;0;0;0;0;0;0;0;0;0;2;0;0;0;0
"03/11/2024";"02:41:42";"4";"Sem vítima";"4,600";"Acesso BR";"Decrescente";"Colisão transversal";2;0;0;0;0;0;0;0;0;0;3;0;0;0;0
"03/11/2024";"06:01:55";"7";"Com vítima";"270,680";"BR-373/PR";"Crescente";"Colisão transversal";1;0;1;0;0;0;0;0;0;0;1;0;1;0;0
"03/11/2024";"07:56:21";"12";"Sem vítima";"247,800";"BR-277/PR";"Crescente";"Tombamento";0;0;0;0;0;0;0;0;0;1;1;0;0;0;0
"03/11/2024";"09:19:54";"18";"Sem vítima";"224,580";"BR-277/PR";"Crescente";"Colisão lateral no mesmo sentido";1;0;1;0;0;0;0;0;0;0;4;0;0;0;0
"03/11/2024";"10:14:13";"25";"Sem vítima";"213,320";"BR-277/PR";"Crescente";"Tombamento";1;0;0;0;0;0;0;0;0;0;3;0;0;0;0
"03/11/2024";"12:14:42";"32";"Sem vítima";"206,200";"BR-277/PR";"Crescente";"Choque";1;0;0;0;0;0;0;0;0;0;1;0;0;0;0
"03/11/2024";"13:00:45";"34";"Sem vítima";"137,536";"BR-277/PR";"Decrescente";"Saída de pista";1;0;0;0;0;0;0;0;0;0;1;0;0;0;0
"03/11/2024";"14:52:41";"42";"Com vítima";"136,900";"BR-277/PR";"Decrescente";"Capotamento";1;0;0;0;0;0;0;0;0;0;0;1;0;0;0
"03/11/2024";"18:16:29";"56";"Sem vítima";"237,000";"BR-277/PR";"Decrescente";"Tombamento";1;0;0;0;0;0;0;0;0;0;3;0;0;0;0
"03/11/2024";"18:32:31";"59";"Sem vítima";"136,000";"BR-277/PR";"Decrescente";"Saída de pista";1;0;0;0;0;0;0;0;0;0;2;0;0;0;0
"03/11/2024";"19:35:07";"62";"Sem vítima";"140,000";"BR-277/PR";"Decrescente";"Saída de pista";2;0;0;0;0;0;0;0;0;0;2;0;0;0;0
"03/11/2024";"20:44:02";"67";"Com vítima";"177,000";"BR-277/PR";"Decrescente";"Choque";1;0;0;0;0;0;0;0;0;0;0;1;0;0;0
"04/11/2024";"05:24:10";"18";"Com vítima";"232,700";"BR-277/PR";"Decrescente";"Colisão traseira";1;0;0;0;0;0;0;0;0;1;8;1;0;0;0
"04/11/2024";"08:28:54";"67";"Sem vítima";"140,501";"BR-277/PR";"Decrescente";"Colisão lateral no mesmo sentido";1;0;1;0;0;0;0;0;0;0;3;0;0;0;0
"04/11/2024";"14:20:51";"100";"Com vítima";"68,923";"427/PR";"Decrescente";"Tombamento";0;0;1;0;0;0;0;0;0;0;0;2;0;0;0
"04/11/2024";"16:36:03";"114";"Sem vítima";"136,400";"BR-277/PR";"Decrescente";"Saída de pista";0;0;0;0;0;0;0;0;0;1;2;0;0;0;0
"04/11/2024";"21:31:02";"128";"Com vítima";"595,000";"BR-376/PR";"Decrescente";"Saída de pista";1;0;0;0;0;0;0;0;0;0;0;0;1;0;0
"05/11/2024";"06:53:05";"16";"Sem vítima";"597,700";"BR-376/PR";"Decrescente";"Colisão traseira";1;0;1;0;0;0;0;0;0;0;3;0;0;0;0
"05/11/2024";"17:04:13";"106";"Sem vítima";"137,200";"BR-277/PR";"Decrescente";"Colisão traseira";1;0;0;0;0;1;0;0;0;0;1;0;0;0;0
"06/11/2024";"09:20:03";"93";"Com vítima";"596,000";"BR-376/PR";"Decrescente";"Colisão lateral no mesmo sentido";1;0;0;1;0;0;0;0;0;0;1;1;0;0;0
"06/11/2024";"12:13:44";"110";"Com vítima";"238,600";"BR-373/PR";"Decrescente";"Saída de pista";0;0;1;0;0;0;0;0;0;0;0;1;0;0;0
"06/11/2024";"17:46:41";"132";"Com vítima";"177,300";"BR-277/PR";"Crescente";"Colisão transversal";1;0;0;1;0;0;0;0;0;0;1;0;1;0;0
"06/11/2024";"20:42:43";"144";"Sem vítima";"225,590";"BR-277/PR";"Crescente";"Colisão lateral no mesmo sentido";1;0;1;0;0;0;0;0;0;0;5;0;0;0;0
"07/11/2024";"01:51:17";"2";"Sem vítima";"34,500";"423/PR";"Decrescente";"Colisão traseira";2;0;0;0;0;0;0;0;0;0;2;0;0;0;0
"07/11/2024";"03:56:16";"4";"Sem vítima";"5,000";"Acesso BR";"Decrescente";"Capotamento";1;0;0;0;0;0;0;0;0;0;0;0;0;0;0
"07/11/2024";"06:30:25";"8";"Com vítima";"13,000";"423/PR";"Crescente";"Colisão lateral no mesmo sentido";1;0;1;0;0;0;0;0;0;0;0;1;0;0;0
"07/11/2024";"07:45:51";"10";"Com vítima";"145,400";"BR-476/PR";"Decrescente";"Colisão lateral no mesmo sentido";1;0;0;1;0;0;0;0;0;0;1;0;1;0;0
"07/11/2024";"08:46:49";"16";"Sem vítima";"202,100";"BR-373/PR";"Crescente";"Capotamento";0;0;1;0;0;0;0;0;0;1;3;0;0;0;0
"07/11/2024";"08:53:18";"17";"Sem vítima";"144,900";"BR-476/PR";"Decrescente";"Saída de pista";1;0;0;0;0;0;0;0;0;0;1;0;0;0;0
"07/11/2024";"09:08:27";"19";"Sem vítima";"113,950";"BR-277/PR";"Decrescente";"Colisão traseira";1;0;0;0;0;0;0;0;0;0;1;0;0;0;0
"07/11/2024";"11:16:30";"32";"Sem vítima";"161,000";"BR-476/PR";"Decrescente";"Saída de pista";1;0;0;0;0;0;0;0;0;0;1;0;0;0;0
"07/11/2024";"16:12:50";"56";"Sem vítima";"595,000";"BR-376/PR";"Decrescente";"Colisão lateral no mesmo sentido";1;0;1;0;0;0;0;0;0;0;2;1;0;0;0
"07/11/2024";"17:24:08";"61";"Com vítima";"132,500";"BR-277/PR";"Crescente";"Colisão lateral no mesmo sentido";0;0;0;1;0;0;0;0;0;1;1;2;0;0;0
"08/11/2024";"10:37:59";"88";"Com vítima";"598,500";"BR-376/PR";"Crescente";"Colisão lateral no mesmo sentido";0;0;0;1;0;0;0;0;0;0;0;1;0;0;0
"08/11/2024";"14:33:23";"95";"Sem vítima";"144,000";"BR-277/PR";"Decrescente";"Colisão traseira";1;0;0;0;0;0;0;0;0;0;3;1;0;0;0
"08/11/2024";"14:42:21";"97";"Sem vítima";"134,000";"BR-277/PR";"Crescente";"Tombamento";1;0;0;0;0;0;0;0;0;0;1;1;0;0;0
"08/11/2024";"17:19:25";"113";"Com vítima";"18,200";"423/PR";"Crescente";"Colisão frontal";2;0;0;0;0;0;0;0;0;0;1;3;0;0;0
"09/11/2024";"11:39:20";"39";"Com vítima";"598,300";"BR-376/PR";"Crescente";"Saída de pista";1;0;0;0;0;0;0;0;0;0;0;1;0;0;0
"09/11/2024";"13:17:44";"43";"Com vítima";"2,700";"418/PR";"Decrescente";"Colisão frontal";1;0;1;0;0;0;0;0;0;0;1;0;0;0;1
"09/11/2024";"18:21:02";"65";"Sem vítima";"15,000";"418/PR";"Crescente";"Colisão traseira";1;0;0;0;0;0;0;0;0;0;2;0;0;0;0
"09/11/2024";"20:38:07";"77";"Com vítima";"259,830";"BR-373/PR";"Decrescente";"Atropelamento de ciclista";1;1;0;0;0;0;0;0;0;0;2;1;0;0;0
"10/11/2024";"01:00:50";"5";"Com vítima";"596,500";"BR-376/PR";"Crescente";"Capotamento";1;0;0;0;0;0;0;0;0;0;2;0;1;0;0
"10/11/2024";"09:18:28";"31";"Com vítima";"0,300";"Acesso BR";"Crescente";"Queda de moto";0;0;0;1;0;0;0;0;0;0;0;0;2;0;0
"10/11/2024";"20:26:25";"70";"Sem vítima";"38,000";"427/PR";"Decrescente";"Tombamento";1;0;0;0;0;1;0;0;0;0;3;0;0;0;0
"10/11/2024";"22:00:11";"76";"Com vítima";"281,500";"BR-277/PR";"Decrescente";"Capotamento";1;0;0;0;0;0;0;0;0;0;0;1;0;0;0
"11/11/2024";"00:57:38";"8";"Sem vítima";"42,000";"427/PR";"Crescente";"Tombamento";1;0;0;0;0;0;0;0;0;0;1;0;0;0;0
"11/11/2024";"08:21:57";"53";"Sem vítima";"149,100";"BR-476/PR";"Crescente";"Colisão traseira";2;0;0;0;0;0;0;0;0;0;2;0;0;0;0
"11/11/2024";"15:17:49";"110";"Com vítima";"136,600";"BR-277/PR";"Crescente";"Engavetamento";0;0;3;0;0;0;0;0;0;0;5;1;0;0;0
"12/11/2024";"07:04:40";"12";"Com vítima";"124,850";"BR-277/PR";"Crescente";"Colisão traseira";2;0;1;0;0;0;0;0;0;0;2;1;0;0;0
"12/11/2024";"07:54:52";"17";"Sem vítima";"147,810";"BR-476/PR";"Decrescente";"Colisão traseira";1;0;0;0;0;0;0;0;0;1;2;0;0;0;0
"12/11/2024";"08:27:45";"34";"Com vítima";"605,500";"BR-376/PR";"Decrescente";"Colisão traseira";1;0;0;1;0;0;0;0;0;0;1;2;0;0;0
"12/11/2024";"08:58:28";"38";"Sem vítima";"130,550";"BR-277/PR";"Decrescente";"Choque";0;0;2;0;0;0;0;0;0;0;2;1;0;0;0
"12/11/2024";"11:17:59";"53";"Sem vítima";"256,200";"BR-277/PR";"Decrescente";"Colisão traseira";2;0;0;0;0;0;0;0;0;0;4;0;0;0;0
"12/11/2024";"11:31:22";"55";"Com vítima";"242,500";"BR-277/PR";"Crescente";"Colisão transversal";2;0;0;0;0;0;0;0;0;0;3;1;2;0;0
"12/11/2024";"14:03:30";"69";"Sem vítima";"158,424";"BR-476/PR";"Decrescente";"Queda de moto";0;0;0;1;0;0;0;0;0;0;1;0;0;0;0
"12/11/2024";"16:09:13";"80";"Com vítima";"112,500";"BR-277/PR";"Crescente";"Engavetamento";2;0;0;1;0;0;0;0;0;0;2;1;0;0;0
"12/11/2024";"19:10:05";"91";"Sem vítima";"185,900";"BR-373/PR";"Decrescente";"Capotamento";1;0;0;0;0;0;0;0;0;0;2;0;0;0;0
"13/11/2024";"02:37:21";"4";"Sem vítima";"131,550";"BR-277/PR";"Crescente";"Colisão traseira";0;0;2;0;0;0;0;0;0;0;2;0;0;0;0
"13/11/2024";"04:25:14";"11";"Sem vítima";"136,300";"BR-277/PR";"Decrescente";"Choque";0;0;1;0;0;0;0;0;0;0;2;0;0;0;0
"13/11/2024";"05:58:05";"12";"Com vítima";"133,000";"BR-277/PR";"Decrescente";"Atropelamento de pedestre";1;0;0;0;0;0;0;0;0;0;2;0;0;0;1
"13/11/2024";"11:29:10";"92";"Com vítima";"191,500";"BR-277/PR";"Decrescente";"Colisão transversal";0;0;2;0;0;0;0;0;0;1;0;3;0;0;0
"13/11/2024";"12:20:50";"100";"Com vítima";"183,400";"BR-277/PR";"Decrescente";"Saída de pista";0;0;2;0;0;0;0;0;0;0;0;2;0;0;0
"13/11/2024";"17:12:23";"117";"Sem vítima";"124,600";"BR-277/PR";"Decrescente";"Capotamento";1;0;0;0;0;0;0;0;0;0;1;0;0;0;0
"13/11/2024";"17:16:55";"119";"Sem vítima";"19,000";"418/PR";"Crescente";"Colisão traseira";2;0;0;1;0;0;0;0;0;0;3;0;0;0;0
"13/11/2024";"18:04:34";"121";"Com vítima";"148,000";"BR-476/PR";"Decrescente";"Colisão traseira";1;0;0;1;0;0;0;0;0;0;1;4;0;0;0
"13/11/2024";"18:29:24";"123";"Sem vítima";"127,900";"BR-277/PR";"Crescente";"Colisão transversal";1;0;1;0;0;0;0;0;0;0;2;0;0;0;0
"13/11/2024";"19:48:49";"130";"Com vítima";"155,000";"BR-277/PR";"Crescente";"Queda de moto";0;0;0;1;0;0;0;0;0;0;0;2;0;0;0
"13/11/2024";"21:33:07";"140";"Com vítima";"112,000";"BR-277/PR";"Crescente";"Queda de moto";0;0;0;1;0;0;0;0;0;0;2;2;0;0;0
"14/11/2024";"05:40:04";"5";"Sem vítima";"605,300";"BR-376/PR";"Crescente";"Saída de pista";0;0;1;0;0;0;0;0;0;0;1;0;0;0;0
"14/11/2024";"07:04:23";"6";"Sem vítima";"189,600";"BR-277/PR";"Crescente";"Saída de pista";1;0;0;0;0;0;0;0;0;0;0;0;0;0;0
"14/11/2024";"12:18:20";"71";"Com vítima";"34,440";"423/PR";"Decrescente";"Colisão traseira";0;1;1;0;0;0;0;0;0;0;1;0;0;0;0
"14/11/2024";"16:48:38";"89";"Com vítima";"110,000";"BR-277/PR";"Decrescente";"Queda de moto";1;0;0;1;0;0;0;0;0;0;2;2;0;0;0
"14/11/2024";"18:49:09";"100";"Com vítima";"605,000";"BR-376/PR";"Decrescente";"Queda de moto";0;0;0;1;0;0;0;0;0;0;0;1;0;0;0
"14/11/2024";"23:39:44";"116";"Sem vítima";"594,000";"BR-376/PR";"Crescente";"Colisão traseira";1;0;1;0;0;0;0;0;0;0;1;0;0;0;0
"15/11/2024";"00:36:46";"3";"Sem vítima";"2,000";"Acesso BR";"Crescente";"Capotamento";1;0;0;0;0;0;0;0;0;0;2;1;0;0;0
"15/11/2024";"03:34:26";"10";"Com vítima";"275,751";"BR-277/PR";"Decrescente";"Colisão frontal";1;0;0;0;0;0;0;0;0;1;4;1;1;1;0
"15/11/2024";"10:56:07";"57";"Sem vítima";"117,160";"BR-277/PR";"Decrescente";"Colisão traseira";1;0;0;0;0;0;0;0;0;1;2;0;0;0;0
"15/11/2024";"11:32:34";"63";"Sem vítima";"145,230";"BR-277/PR";"Decrescente";"Colisão traseira";1;0;0;0;0;0;0;0;0;1;1;0;0;0;0
"15/11/2024";"11:47:47";"66";"Sem vítima";"121,890";"BR-277/PR";"Decrescente";"Colisão traseira";1;0;0;0;0;0;0;0;0;1;2;0;0;0;0
"15/11/2024";"12:49:42";"73";"Com vítima";"109,560";"BR-277/PR";"Decrescente";"Engavetamento";3;0;0;0;0;0;0;0;0;1;5;4;0;0;0
"15/11/2024";"12:53:47";"74";"Sem vítima";"112,220";"BR-277/PR";"Decrescente";"Colisão traseira";2;0;0;0;0;0;0;0;0;2;5;1;0;0;0
"15/11/2024";"21:56:11";"105";"Sem vítima";"597,700";"BR-376/PR";"Crescente";"Colisão lateral no mesmo sentido";2;0;0;0;0;0;0;0;0;0;2;1;0;0;0
"16/11/2024";"04:33:45";"4";"Sem vítima";"37,700";"427/PR";"Decrescente";"Tombamento";0;0;1;0;0;0;0;0;0;0;1;2;0;0;0
"16/11/2024";"10:05:49";"21";"Sem vítima";"255,700";"BR-277/PR";"Crescente";"Colisão traseira";1;0;1;0;0;0;0;0;0;0;2;0;0;0;0
"16/11/2024";"15:37:41";"39";"Com vítima";"5,100";"418/PR";"Decrescente";"Choque";1;0;0;0;0;0;0;0;0;0;1;1;0;0;0
"16/11/2024";"15:54:54";"41";"Com vítima";"302,940";"BR-277/PR";"Crescente";"Colisão transversal";1;0;0;1;0;0;0;0;0;0;1;2;0;0;0
"16/11/2024";"16:20:44";"42";"Sem vítima";"133,810";"BR-277/PR";"Decrescente";"Queda de moto";0;0;0;1;0;0;0;0;0;0;1;1;0;0;0