data;horario;n_da_ocorrencia;tipo_de_ocorrencia;km;trecho;sentido;tipo_de_acidente;automovel;bicicleta;caminhao;moto;onibus;outros;tracao_animal;transporte_de_cargas_especiais;trator_maquinas;utilitarios;ilesos;levemente_feridos;moderadamente_feridos;gravemente_feridos;mortos
"17/11/2024";"13:20:08";"31";"Sem vítima";"118,050";"BR-277/PR";"Crescente";"Colisão traseira";2;0;0;0;0;0;0;0;0;0;2;0;0;0;0
"17/11/2024";"16:22:54";"57";"Sem vítima";"145,230";"BR-277/PR";"Decrescente";"Colisão lateral no mesmo sentido";1;0;0;1;0;0;0;0;0;0;4;0;0;0;1
"17/11/2024";"19:09:24";"73";"Com vítima";"231,500";"BR-373/PR";"Crescente";"Colisão lateral no mesmo sentido";1;0;0;0;0;0;0;0;0;1;1;2;1;0;0
"17/11/2024";"19:11:54";"74";"Sem vítima";"178,200";"BR-476/PR";"Decrescente";"Colisão lateral no mesmo sentido";2;0;0;0;0;0;0;0;0;0;5;1;0;0;0
"17/11/2024";"20:50:23";"83";"Com vítima";"200,000";"BR-373/PR";"Crescente";"Colisão transversal";1;0;1;0;0;0;0;0;0;0;1;2;0;0;0
"17/11/2024";"22:10:23";"93";"Sem vítima";"604,100";"BR-376/PR";"Crescente";"Capotamento";1;0;0;0;0;0;0;0;0;0;1;1;0;0;0
"18/11/2024";"00:39:32";"1";"Com vítima";"598,200";"BR-376/PR";"Decrescente";"Atropelamento de pedestre";1;0;0;0;0;0;0;0;0;0;0;1;0;0;0
"18/11/2024";"09:49:55";"101";"Com vítima";"20,600";"418/PR";"Crescente";"Colisão transversal";1;0;1;0;0;0;0;0;0;0;1;1;0;0;0
"18/11/2024";"15:50:09";"138";"Com vítima";"598,600";"BR-376/PR";"Crescente";"Engavetamento";2;0;1;0;1;0;0;0;0;1;3;1;0;0;0
"18/11/2024";"19:28:05";"153";"Sem vítima";"64,200";"427/PR";"Crescente";"Saída de pista";0;0;1;0;0;0;0;0;0;0;0;0;0;0;0
"19/11/2024";"03:32:51";"5";"Com vítima";"1,500";"Acesso BR";"Crescente";"Atropelamento de pedestre";1;0;0;0;0;0;0;0;0;0;1;1;0;0;0
"19/11/2024";"05:42:31";"10";"Com vítima";"121,345";"BR-277/PR";"Decrescente";"Atropelamento de pedestre";0;0;1;0;0;0;0;0;0;0;1;0;0;1;0
"19/11/2024";"12:34:40";"115";"Com vítima";"595,000";"BR-376/PR";"Crescente";"Queda de moto";0;0;0;1;0;0;0;0;0;0;1;2;1;0;0
"19/11/2024";"13:58:22";"121";"Com vítima";"591,600";"BR-376/PR";"Decrescente";"Atropelamento de pedestre";0;0;0;1;0;0;0;0;0;0;0;2;0;0;0
"19/11/2024";"17:02:55";"136";"Com vítima";"167,000";"BR-476/PR";"Crescente";"Colisão traseira";0;0;1;1;0;0;0;0;0;0;1;2;0;0;0
"19/11/2024";"17:53:38";"143";"Com vítima";"229,100";"BR-373/PR";"Crescente";"Colisão lateral no mesmo sentido";1;0;0;1;0;0;0;0;0;0;1;1;0;0;0
"19/11/2024";"19:34:48";"148";"Sem vítima";"179,000";"BR-476/PR";"Crescente";"Colisão transversal";0;0;0;0;0;0;0;0;1;1;1;0;0;1;0
"20/11/2024";"09:41:05";"40";"Com vítima";"184,300";"BR-476/PR";"Crescente";"Saída de pista";0;0;1;1;0;0;0;0;0;0;0;1;0;0;0
"20/11/2024";"15:28:11";"77";"Sem vítima";"108,000";"BR-277/PR";"Crescente";"Colisão traseira";1;0;1;0;0;0;0;0;0;0;4;1;0;0;0
"21/11/2024";"03:32:13";"4";"Sem vítima";"175,000";"BR-277/PR";"Crescente";"Capotamento";1;0;0;0;0;0;0;0;0;0;0;1;0;0;0
"21/11/2024";"07:48:55";"10";"Com vítima";"147,400";"BR-476/PR";"Crescente";"Engavetamento";2;0;2;0;0;0;0;0;0;0;0;4;0;0;0
"21/11/2024";"15:21:16";"102";"Com vítima";"130,000";"BR-277/PR";"Decrescente";"Atropelamento de ciclista";0;0;0;0;0;0;0;0;1;0;0;0;0;0;0
"21/11/2024";"20:27:52";"119";"Sem vítima";"36,200";"427/PR";"Decrescente";"Saída de pista";1;0;0;0;0;0;0;0;0;0;1;1;0;0;0
"21/11/2024";"21:06:08";"123";"Sem vítima";"249,000";"BR-277/PR";"Decrescente";"Colisão transversal";0;0;2;0;0;0;0;0;0;0;2;0;0;0;0
"21/11/2024";"21:06:25";"128";"Sem vítima";"249,000";"BR-277/PR";"Decrescente";"Colisão transversal";0;0;2;0;0;0;0;0;0;0;2;0;0;0;0
"22/11/2024";"07:15:47";"20";"Com vítima";"21,000";"418/PR";"Crescente";"Colisão transversal";1;0;0;1;0;0;0;0;0;0;0;2;0;0;0
"22/11/2024";"07:34:05";"21";"Com vítima";"4,500";"418/PR";"Decrescente";"Colisão lateral no mesmo sentido";1;0;0;1;0;0;0;0;0;0;0;1;1;0;0
"22/11/2024";"07:47:16";"25";"Com vítima";"153,050";"BR-476/PR";"Decrescente";"Colisão traseira";1;0;0;1;0;0;0;0;0;0;1;2;0;0;0
"22/11/2024";"12:50:10";"101";"Com vítima";"144,100";"BR-277/PR";"Decrescente";"Capotamento";1;0;0;0;0;0;0;0;0;0;0;2;0;0;0
"22/11/2024";"20:20:39";"127";"Com vítima";"249,000";"BR-373/PR";"Crescente";"Colisão traseira";1;0;0;0;0;0;0;0;0;0;0;2;0;0;0
"23/11/2024";"10:30:39";"44";"Sem vítima";"212,000";"BR-277/PR";"Crescente";"Colisão traseira";0;0;2;0;0;0;0;0;0;0;2;1;0;0;0
"23/11/2024";"14:40:56";"69";"Sem vítima";"123,570";"BR-277/PR";"Decrescente";"Colisão lateral no mesmo sentido";0;0;2;0;0;0;0;0;0;0;2;0;0;0;0
"23/11/2024";"16:29:49";"79";"Com vítima";"130,350";"BR-277/PR";"Decrescente";"Atropelamento de pedestre";1;0;1;0;0;0;0;0;0;0;2;0;1;1;0
"23/11/2024";"16:35:08";"82";"Com vítima";"138,500";"BR-277/PR";"Decrescente";"Capotamento";0;0;1;0;0;0;0;0;0;0;0;2;0;0;0
"24/11/2024";"03:30:03";"8";"Sem vítima";"253,100";"BR-373/PR";"Decrescente";"Saída de pista";1;0;0;0;0;0;0;0;0;0;3;0;0;0;0
"24/11/2024";"10:26:00";"31";"Com vítima";"218,900";"BR-373/PR";"Decrescente";"Colisão transversal";0;0;0;2;0;0;0;0;0;0;0;2;0;0;0
"24/11/2024";"10:46:05";"34";"Com vítima";"296,000";"BR-277/PR";"Crescente";"Colisão lateral no mesmo sentido";0;0;0;1;0;0;0;0;0;0;0;2;0;0;0
"24/11/2024";"13:32:38";"44";"Com vítima";"269,000";"BR-373/PR";"Crescente";"Colisão traseira";2;0;0;0;0;0;0;0;0;0;3;2;0;0;0
"24/11/2024";"15:23:34";"50";"Sem vítima";"114,980";"BR-277/PR";"Crescente";"Colisão traseira";1;0;1;0;0;0;0;0;0;0;2;1;0;0;0
"24/11/2024";"18:50:57";"64";"Sem vítima";"245,150";"BR-373/PR";"Crescente";"Saída de pista";1;0;0;0;0;0;0;0;0;0;2;1;0;0;0
"25/11/2024";"06:59:22";"7";"Sem vítima";"146,350";"BR-476/PR";"Crescente";"Saída de pista";1;0;0;0;0;0;0;0;0;0;0;0;0;0;0
"25/11/2024";"07:57:57";"14";"Com vítima";"145,410";"BR-476/PR";"Crescente";"Queda de moto";0;0;0;1;0;0;0;0;0;0;0;2;0;0;0
"25/11/2024";"08:03:57";"18";"Com vítima";"20,000";"418/PR";"Crescente";"Colisão traseira";0;0;0;2;0;0;0;0;0;0;0;3;0;0;0
"25/11/2024";"14:05:32";"104";"Com vítima";"199,500";"BR-277/PR";"Decrescente";"Colisão traseira";1;0;0;0;0;0;0;0;1;0;2;2;0;0;0
"25/11/2024";"20:27:08";"133";"Sem vítima";"25,800";"423/PR";"Crescente";"Saída de pista";1;0;0;0;0;0;0;0;0;0;4;0;0;0;1
"26/11/2024";"00:04:00";"1";"Sem vítima";"36,200";"423/PR";"Crescente";"Saída de pista";1;0;0;0;0;0;0;0;0;0;1;1;0;0;0
"26/11/2024";"15:00:33";"102";"Sem vítima";"131,352";"BR-277/PR";"Decrescente";"Colisão transversal";0;0;2;0;0;0;0;0;0;0;3;0;0;0;0
"26/11/2024";"18:00:53";"124";"Com vítima";"246,470";"BR-373/PR";"Decrescente";"Colisão transversal";1;0;1;0;0;0;0;0;0;1;0;1;0;0;1
"26/11/2024";"20:20:50";"142";"Com vítima";"124,500";"BR-277/PR";"Crescente";"Queda de moto";0;0;0;1;0;0;0;0;0;0;1;0;1;0;0
"26/11/2024";"21:03:07";"146";"Com vítima";"133,200";"BR-277/PR";"Decrescente";"Colisão traseira";1;0;1;0;0;0;0;0;0;0;2;1;0;0;0
"27/11/2024";"06:35:28";"10";"Sem vítima";"137,350";"BR-277/PR";"Crescente";"Colisão lateral no mesmo sentido";1;0;1;0;0;0;0;0;0;0;3;0;0;0;0
"27/11/2024";"07:34:40";"15";"Com vítima";"119,350";"BR-277/PR";"Decrescente";"Queda de moto";1;0;0;1;0;0;0;0;0;0;1;1;0;0;0
"27/11/2024";"14:55:28";"91";"Com vítima";"33,000";"423/PR";"Decrescente";"Colisão lateral no mesmo sentido";0;0;0;1;0;0;0;0;0;1;1;1;0;0;0
"27/11/2024";"16:50:09";"100";"Com vítima";"166,460";"BR-277/PR";"Crescente";"Tombamento";0;0;1;0;0;0;0;0;0;0;0;1;0;0;0
"27/11/2024";"18:10:10";"106";"Sem vítima";"5,200";"418/PR";"Decrescente";"Colisão lateral no mesmo sentido";1;0;0;1;0;0;0;0;0;0;2;0;0;0;0
"28/11/2024";"04:24:39";"6";"Sem vítima";"240,700";"BR-277/PR";"Crescente";"Choque";0;0;1;0;0;0;0;0;0;0;2;1;0;0;0
"28/11/2024";"11:32:09";"92";"Sem vítima";"132,600";"BR-277/PR";"Decrescente";"Queda de moto";0;0;0;1;0;0;0;0;0;0;2;1;0;0;0
"28/11/2024";"13:23:22";"99";"Com vítima";"145,500";"BR-476/PR";"Crescente";"Colisão transversal";0;0;0;1;1;0;0;0;0;0;1;1;0;0;0
"28/11/2024";"14:24:58";"102";"Sem vítima";"153,166";"BR-277/PR";"Crescente";"Saída de pista";1;0;0;0;0;0;0;0;0;0;4;0;0;0;0
"28/11/2024";"15:48:33";"106";"Sem vítima";"193,000";"BR-373/PR";"Crescente";"Atropelamento de animal";1;0;0;0;0;0;0;0;0;0;1;0;0;0;0
"28/11/2024";"16:22:50";"109";"Com vítima";"137,000";"BR-277/PR";"Decrescente";"Capotamento";1;0;0;0;0;0;0;0;0;0;0;1;0;1;0
"28/11/2024";"19:26:54";"118";"Sem vítima";"264,600";"BR-373/PR";"Decrescente";"Colisão traseira";0;0;2;0;0;0;0;0;0;0;1;0;0;0;0
"29/11/2024";"02:01:43";"5";"Sem vítima";"41,000";"427/PR";"Decrescente";"Tombamento";0;0;1;0;0;0;0;0;0;0;1;0;0;0;0
"29/11/2024";"06:10:28";"14";"Com vítima";"593,000";"BR-376/PR";"Decrescente";"Capotamento";1;0;1;0;0;0;0;0;0;0;1;1;0;0;0
"29/11/2024";"10:59:06";"92";"Com vítima";"153,000";"BR-476/PR";"Crescente";"Colisão transversal";1;0;0;1;0;0;0;0;0;0;2;1;0;0;0
"29/11/2024";"16:45:21";"127";"Com vítima";"35,000";"423/PR";"Decrescente";"Colisão frontal";1;0;0;1;0;0;0;0;0;0;1;1;0;0;0
"29/11/2024";"16:55:08";"129";"Com vítima";"152,000";"BR-476/PR";"Decrescente";"Colisão transversal";1;0;1;0;0;0;0;0;0;0;1;1;0;0;0
"29/11/2024";"18:31:20";"136";"Com vítima";"17,500";"418/PR";"Crescente";"Colisão lateral no mesmo sentido";1;0;0;1;0;0;0;0;0;0;2;0;1;0;0
"30/11/2024";"05:15:05";"5";"Sem vítima";"153,810";"BR-476/PR";"Decrescente";"Colisão frontal";1;0;0;0;0;0;0;0;0;0;0;0;0;0;0
"30/11/2024";"09:12:21";"26";"Com vítima";"600,309";"BR-376/PR";"Crescente";"Choque";1;0;0;0;0;0;0;0;0;0;0;1;0;0;0
"30/11/2024";"11:55:50";"44";"Com vítima";"122,000";"BR-277/PR";"Decrescente";"Colisão traseira";0;0;1;1;0;0;0;0;0;0;0;1;0;0;0
"30/11/2024";"15:07:41";"66";"Sem vítima";"266,000";"BR-277/PR";"Decrescente";"Colisão traseira";1;0;1;0;0;0;0;0;0;0;2;0;0;0;0
"30/11/2024";"15:16:33";"67";"Com vítima";"9,939";"423/PR";"Crescente";"Colisão lateral no mesmo sentido";1;0;0;1;0;0;0;0;0;0;1;1;0;0;0
"01/12/2024";"03:56:55";"3";"Sem vítima";"301,457";"BR-277/PR";"Crescente";"Saída de pista";1;0;0;0;0;0;0;0;0;0;0;0;0;0;0
"01/12/2024";"11:16:30";"41";"Sem vítima";"145,000";"BR-476/PR";"Decrescente";"Colisão lateral no mesmo sentido";2;0;0;0;0;0;0;0;0;0;2;0;0;0;0
"01/12/2024";"15:50:00";"66";"Com vítima";"213,317";"BR-277/PR";"Crescente";"Capotamento";0;0;0;0;0;0;0;0;0;1;1;1;0;0;0
"01/12/2024";"16:21:36";"70";"Com vítima";"131,000";"BR-277/PR";"Crescente";"Saída de pista";1;0;0;0;0;0;0;0;0;0;0;1;0;0;0
"01/12/2024";"17:25:06";"74";"Sem vítima";"287,120";"BR-277/PR";"Crescente";"Saída de pista";1;0;0;0;0;0;0;0;0;0;2;0;0;0;0
"01/12/2024";"18:50:22";"80";"Sem vítima";"160,320";"BR-476/PR";"Crescente";"Colisão lateral no mesmo sentido";1;0;1;0;0;0;0;0;0;0;2;0;0;0;0
"02/12/2024";"01:15:41";"3";"Com vítima";"255,100";"BR-373/PR";"Crescente";"Capotamento";0;0;0;0;0;0;0;0;0;1;0;3;0;0;0
"02/12/2024";"01:23:34";"4";"Com vítima";"240,100";"BR-277/PR";"Decrescente";"Colisão traseira";0;0;1;0;1;0;0;0;0;0;0;6;0;0;0
"02/12/2024";"06:18:22";"10";"Sem vítima";"139,000";"BR-277/PR";"Crescente";"Colisão transversal";1;0;0;1;0;0;0;0;0;0;2;0;0;0;0
"02/12/2024";"07:20:12";"14";"Sem vítima";"140,000";"BR-277/PR";"Crescente";"Colisão traseira";0;0;1;0;0;0;0;0;0;0;1;0;0;0;0
"02/12/2024";"08:28:22";"63";"Com vítima";"12,000";"418/PR";"Decrescente";"Colisão traseira";1;0;0;1;0;0;0;0;0;0;1;1;0;0;0
"02/12/2024";"12:27:28";"112";"Sem vítima";"134,000";"BR-277/PR";"Decrescente";"Choque";1;0;0;0;0;0;0;0;0;0;1;0;0;0;0
"02/12/2024";"15:27:59";"123";"Sem vítima";"136,000";"BR-277/PR";"Decrescente";"Saída de pista";1;0;0;0;0;0;0;0;0;0;2;0;0;0;0
"02/12/2024";"16:02:09";"126";"Sem vítima";"136,000";"BR-277/PR";"Decrescente";"Saída de pista";1;0;0;0;0;0;0;0;0;0;1;0;0;0;0
"02/12/2024";"16:25:45";"129";"Com vítima";"256,680";"BR-277/PR";"Crescente";"Capotamento";0;0;0;0;0;0;0;0;0;1;0;1;0;0;1
"02/12/2024";"17:52:16";"131";"Com vítima";"145,100";"BR-476/PR";"Crescente";"Colisão lateral no mesmo sentido";0;0;1;1;0;0;0;0;0;0;1;1;0;0;0
"02/12/2024";"18:28:15";"135";"Com vítima";"158,000";"BR-476/PR";"Crescente";"Colisão lateral no mesmo sentido";1;0;0;1;0;0;0;0;0;0;1;1;0;0;0
"03/12/2024";"04:08:09";"10";"Sem vítima";"147,350";"BR-277/PR";"Decrescente";"Tombamento";0;0;1;0;0;0;0;0;0;0;1;0;0;0;0
"03/12/2024";"07:29:08";"16";"Com vítima";"135,000";"BR-277/PR";"Crescente";"Colisão traseira";1;0;0;1;0;0;0;0;0;0;2;1;0;0;0
"03/12/2024";"14:08:20";"118";"Com vítima";"598,000";"BR-376/PR";"Crescente";"Queda de moto";0;0;0;1;0;0;0;0;0;0;0;0;1;0;0
"03/12/2024";"17:40:57";"137";"Com vítima";"153,720";"BR-476/PR";"Crescente";"Engavetamento";3;0;0;0;0;0;0;0;0;1;3;1;0;0;0
"03/12/2024";"18:24:18";"141";"Sem vítima";"20,100";"418/PR";"Crescente";"Engavetamento";4;0;0;0;0;0;0;0;0;0;4;0;0;0;0
"04/12/2024";"03:07:28";"6";"Sem vítima";"261,500";"BR-277/PR";"Decrescente";"Choque";0;0;0;0;1;0;0;0;0;0;37;0;0;0;0
"04/12/2024";"04:01:59";"7";"Com vítima";"237,000";"BR-277/PR";"Crescente";"Choque";1;0;0;0;0;0;0;0;0;0;1;3;0;0;0
"04/12/2024";"07:05:42";"12";"Com vítima";"146,000";"BR-476/PR";"Decrescente";"Colisão traseira";1;0;0;1;0;0;0;0;0;0;2;1;0;0;0
"04/12/2024";"07:50:59";"18";"Com vítima";"196,000";"BR-476/PR";"Crescente";"Colisão traseira";3;0;0;0;0;0;0;0;0;0;1;2;0;0;0
"05/12/2024";"06:47:38";"13";"Sem vítima";"604,309";"BR-376/PR";"Crescente";"Capotamento";0;0;0;0;0;0;0;0;0;1;0;0;0;0;0
"05/12/2024";"08:41:42";"89";"Com vítima";"2,000";"418/PR";"Crescente";"Colisão lateral no mesmo sentido";1;0;0;1;0;0;0;0;0;0;1;1;0;0;0
"05/12/2024";"09:53:42";"100";"Sem vítima";"1,000";"418/PR";"Crescente";"Colisão traseira";1;0;0;0;0;0;0;0;0;1;2;0;0;0;0
"05/12/2024";"11:05:13";"108";"Sem vítima";"186,200";"BR-373/PR";"Crescente";"Colisão traseira";0;0;2;0;0;0;0;0;0;0;2;0;0;0;0
"05/12/2024";"15:55:15";"136";"Sem vítima";"257,000";"BR-277/PR";"Decrescente";"Colisão traseira";1;0;0;0;0;0;0;0;0;0;2;0;0;0;0
"05/12/2024";"18:06:54";"147";"Sem vítima";"125,000";"BR-277/PR";"Crescente";"Colisão traseira";2;0;0;0;0;0;0;0;0;0;2;0;0;0;0
"06/12/2024";"06:48:27";"15";"Com vítima";"193,786";"BR-476/PR";"Crescente";"Colisão lateral no mesmo sentido";1;0;0;1;0;0;0;0;0;0;2;0;0;1;0
"06/12/2024";"07:44:34";"22";"Com vítima";"4,000";"418/PR";"Decrescente";"Colisão lateral no mesmo sentido";1;0;0;1;0;0;0;0;0;0;0;1;0;0;0
"06/12/2024";"09:27:12";"87";"Sem vítima";"126,000";"BR-277/PR";"Crescente";"Colisão traseira";2;0;0;0;0;0;0;0;0;0;2;0;0;0;0
"06/12/2024";"13:34:56";"106";"Sem vítima";"196,340";"BR-476/PR";"Crescente";"Colisão frontal";2;0;0;0;0;0;0;0;0;0;2;0;0;0;0
"06/12/2024";"15:43:18";"123";"Com vítima";"190,800";"BR-373/PR";"Decrescente";"Choque";0;0;0;1;0;0;0;0;0;0;0;1;1;0;0
"06/12/2024";"19:34:52";"137";"Com vítima";"216,050";"BR-277/PR";"Crescente";"Engavetamento";2;0;1;1;0;1;0;0;0;0;9;1;0;0;0
"06/12/2024";"20:03:32";"138";"Com vítima";"4,500";"Acesso BR";"Crescente";"Colisão traseira";1;0;0;1;0;0;0;0;0;0;1;2;0;0;0
"06/12/2024";"20:31:21";"141";"Com vítima";"135,000";"BR-277/PR";"Crescente";"Colisão transversal";2;0;0;0;0;0;0;0;0;0;0;5;0;0;0
"07/12/2024";"02:15:18";"5";"Com vítima";"33,900";"423/PR";"Crescente";"Atropelamento de pedestre";0;0;0;0;0;1;0;0;0;0;0;0;0;0;1
"07/12/2024";"03:40:03";"8";"Com vítima";"35,000";"423/PR";"Crescente";"Colisão frontal";1;0;0;1;0;0;0;0;0;0;1;0;0;0;1
"07/12/2024";"12:24:41";"45";"Com vítima";"269,000";"BR-373/PR";"Decrescente";"Saída de pista";1;0;0;0;0;0;0;0;0;0;1;1;0;0;0
"07/12/2024";"15:40:28";"63";"Sem vítima";"21,050";"418/PR";"Crescente";"Capotamento";1;0;0;0;0;0;0;0;0;0;1;0;0;0;0
"07/12/2024";"16:36:02";"70";"Com vítima";"137,500";"BR-277/PR";"Decrescente";"Acidentes de outra natureza";1;0;0;0;0;0;0;0;0;0;0;1;0;0;0
"07/12/2024";"17:37:31";"74";"Sem vítima";"122,000";"BR-277/PR";"Decrescente";"Colisão lateral no mesmo sentido";2;0;0;0;0;0;0;0;0;0;2;0;0;0;0
"07/12/2024";"20:22:08";"85";"Com vítima";"140,000";"BR-277/PR";"Crescente";"Saída de pista";0;0;0;0;0;0;0;0;0;1;1;1;0;0;0
"07/12/2024";"21:04:22";"90";"Com vítima";"162,050";"BR-277/PR";"Decrescente";"Colisão traseira";1;0;0;0;1;0;0;0;0;0;1;2;0;0;0
"07/12/2024";"21:41:37";"92";"Com vítima";"174,100";"BR-277/PR";"Decrescente";"Saída de pista";0;0;0;0;0;0;0;0;0;1;0;2;0;0;0
"07/12/2024";"23:05:10";"96";"Com vítima";"18,100";"418/PR";"Crescente";"Colisão frontal";1;0;0;0;0;1;0;0;0;1;1;1;0;0;0
"08/12/2024";"01:07:52";"7";"Sem vítima";"253,700";"BR-373/PR";"Crescente";"Saída de pista";0;0;1;0;0;0;0;0;0;0;1;0;0;0;0
"08/12/2024";"05:18:18";"13";"Com vítima";"601,000";"BR-376/PR";"Crescente";"Colisão traseira";2;0;0;0;0;0;0;0;0;0;0;1;1;0;0
"08/12/2024";"10:14:10";"38";"Com vítima";"54,400";"427/PR";"Decrescente";"Saída de pista";1;0;0;0;0;0;0;0;0;0;0;1;0;0;0
"08/12/2024";"17:52:25";"71";"Sem vítima";"15,000";"418/PR";"Crescente";"Colisão traseira";1;0;0;1;0;0;0;0;0;0;3;0;0;0;0
"08/12/2024";"19:19:07";"77";"Sem vítima";"134,000";"BR-277/PR";"Decrescente";"Choque";1;0;0;0;0;0;0;0;0;0;1;0;0;0;0
"08/12/2024";"22:28:15";"91";"Sem vítima";"175,200";"BR-277/PR";"Decrescente";"Capotamento";1;0;0;0;0;0;0;0;0;0;2;0;0;0;0
"08/12/2024";"23:19:44";"94";"Sem vítima";"175,200";"BR-277/PR";"Decrescente";"Saída de pista";1;0;0;0;0;0;0;0;0;0;4;0;0;0;0
"09/12/2024";"04:53:06";"10";"Sem vítima";"598,600";"BR-376/PR";"Crescente";"Saída de pista";1;0;0;0;0;0;0;0;0;0;0;0;0;0;0
"09/12/2024";"04:59:41";"11";"Com vítima";"14,500";"418/PR";"Crescente";"Colisão frontal";1;0;1;0;0;0;0;0;0;0;1;0;0;0;1
"09/12/2024";"05:28:55";"12";"Sem vítima";"136,100";"BR-277/PR";"Decrescente";"Colisão lateral no mesmo sentido";2;0;0;0;0;0;0;0;0;0;2;0;0;0;0
"09/12/2024";"10:53:51";"34";"Sem vítima";"200,000";"BR-373/PR";"Crescente";"Saída de pista";1;0;0;0;0;0;0;0;0;0;1;0;0;0;0
"09/12/2024";"13:37:39";"50";"Sem vítima";"110,050";"BR-277/PR";"Decrescente";"Saída de pista";1;0;0;0;0;0;0;0;0;0;1;0;0;0;0
"09/12/2024";"15:33:40";"61";"Sem vítima";"5,000";"Acesso BR";"Crescente";"Colisão transversal";2;0;0;0;0;0;0;0;0;0;2;0;0;0;0
"09/12/2024";"15:50:02";"65";"Sem vítima";"118,100";"BR-277/PR";"Decrescente";"Choque";1;0;0;0;0;0;0;0;0;0;1;0;0;0;0
"09/12/2024";"17:07:44";"72";"Sem vítima";"137,536";"BR-277/PR";"Decrescente";"Choque";1;0;0;0;0;0;0;0;0;0;1;0;0;0;0
"10/12/2024";"02:01:23";"6";"Sem vítima";"7,300";"418/PR";"Crescente";"Tombamento";0;0;1;0;0;0;0;0;0;0;1;0;0;0;0
"10/12/2024";"08:12:50";"35";"Com vítima";"137,000";"BR-277/PR";"Decrescente";"Choque";0;0;1;0;0;0;0;0;0;0;0;1;0;0;0
"10/12/2024";"08:19:40";"47";"Com vítima";"215,800";"BR-373/PR";"Decrescente";"Colisão lateral no mesmo sentido";1;0;0;1;0;0;0;0;0;0;1;1;0;0;0
"10/12/2024";"11:20:25";"73";"Sem vítima";"157,820";"BR-476/PR";"Decrescente";"Engavetamento";1;0;0;0;0;0;0;0;0;2;3;0;0;0;0
"10/12/2024";"13:54:42";"92";"Sem vítima";"115,900";"BR-277/PR";"Crescente";"Queda de moto";0;0;0;1;0;0;0;0;0;0;2;0;0;0;0
"10/12/2024";"15:41:28";"109";"Com vítima";"194,589";"BR-476/PR";"Crescente";"Colisão lateral no mesmo sentido";0;0;0;1;0;0;0;0;0;1;1;1;0;0;0
"11/12/2024";"02:45:13";"1";"Sem vítima";"3,000";"Acesso BR";"Decrescente";"Saída de pista";0;0;0;0;0;0;0;0;0;1;1;0;0;0;0
"11/12/2024";"08:27:54";"51";"Com vítima";"112,470";"BR-277/PR";"Decrescente";"Colisão traseira";0;0;0;1;0;0;0;0;0;1;4;1;0;0;0
"11/12/2024";"11:55:10";"136";"Com vítima";"44,000";"427/PR";"Crescente";"Colisão lateral no mesmo sentido";0;0;0;1;1;0;0;0;0;0;1;1;0;0;0
"11/12/2024";"17:40:25";"134";"Sem vítima";"136,000";"BR-277/PR";"Decrescente";"Colisão traseira";2;0;0;0;0;0;0;0;0;0;0;0;0;0;0
"11/12/2024";"20:45:02";"143";"Com vítima";"2,500";"418/PR";"Crescente";"Colisão traseira";2;0;0;0;0;0;0;0;0;0;1;1;0;0;0
"12/12/2024";"03:54:21";"10";"Sem vítima";"13,000";"418/PR";"Crescente";"Choque";1;0;0;0;0;0;0;0;0;0;1;0;0;0;0
"12/12/2024";"07:55:53";"25";"Sem vítima";"10,230";"423/PR";"Crescente";"Colisão traseira";2;0;0;0;0;0;0;0;0;0;2;0;0;0;0
"12/12/2024";"11:18:59";"71";"Sem vítima";"135,270";"BR-277/PR";"Decrescente";"Choque";1;0;0;0;0;0;0;0;0;0;1;0;0;0;0
"13/12/2024";"05:24:51";"13";"Com vítima";"146,100";"BR-476/PR";"Crescente";"Queda de moto";0;0;0;1;0;0;0;0;0;0;0;1;0;0;0
"13/12/2024";"09:51:17";"125";"Sem vítima";"133,500";"BR-277/PR";"Decrescente";"Colisão transversal";1;0;1;0;0;0;0;0;0;0;4;0;0;0;0
"13/12/2024";"10:21:42";"128";"Sem vítima";"601,000";"BR-376/PR";"Decrescente";"Colisão transversal";1;0;1;0;0;0;0;0;0;0;2;0;0;0;0
"13/12/2024";"11:06:23";"133";"Sem vítima";"600,000";"BR-376/PR";"Crescente";"Colisão traseira";0;0;1;0;0;0;0;0;0;0;1;0;0;0;0
"13/12/2024";"11:26:58";"138";"Sem vítima";"140,000";"BR-277/PR";"Crescente";"Colisão lateral no mesmo sentido";1;0;0;1;0;0;0;0;0;0;2;0;0;0;0