data;horario;n_da_ocorrencia;tipo_de_ocorrencia;km;trecho;sentido;tipo_de_acidente;automovel;bicicleta;caminhao;moto;onibus;outros;tracao_animal;transporte_de_cargas_especiais;trator_maquinas;utilitarios;ilesos;levemente_feridos;moderadamente_feridos;gravemente_feridos;mortos
"26/02/2025";"21:06:10";"143";"Com vítima";"147,020";"BR-277/PR";"Decrescente";"Colisão frontal";1;0;1;0;0;0;0;0;0;0;1;4;0;0;0
"26/02/2025";"23:58:16";"149";"Com vítima";"592,100";"BR-376/PR";"Crescente";"Capotamento";1;0;0;0;0;0;0;0;0;0;0;1;0;0;0
"27/02/2025";"07:40:00";"87";"Sem vítima";"0,500";"Acesso BR";"Decrescente";"Colisão traseira";1;0;0;0;0;0;0;0;0;0;1;0;0;0;0
"27/02/2025";"09:31:30";"100";"Sem vítima";"113,100";"BR-277/PR";"Decrescente";"Colisão traseira";3;0;0;0;0;0;0;0;0;0;3;0;0;0;0
"27/02/2025";"09:58:01";"103";"Sem vítima";"36,000";"423/PR";"Crescente";"Colisão traseira";1;0;0;1;0;0;0;0;0;0;5;0;0;0;0
"27/02/2025";"11:30:48";"114";"Sem vítima";"29,000";"423/PR";"Decrescente";"Colisão lateral no mesmo sentido";1;0;0;0;0;0;0;0;0;0;0;0;0;0;0
"27/02/2025";"13:57:15";"127";"Com vítima";"597,000";"BR-376/PR";"Decrescente";"Colisão traseira";2;0;0;0;0;0;0;0;0;0;1;1;0;0;0
"27/02/2025";"14:24:02";"130";"Sem vítima";"256,290";"BR-277/PR";"Decrescente";"Colisão traseira";1;0;1;0;0;0;0;0;0;0;0;0;0;0;0
"27/02/2025";"16:21:26";"144";"Sem vítima";"217,000";"BR-373/PR";"Crescente";"Colisão traseira";2;0;0;0;0;1;0;0;0;0;0;0;0;0;0
"27/02/2025";"16:23:56";"145";"Sem vítima";"4,000";"418/PR";"Decrescente";"Tombamento";0;0;1;0;0;0;0;0;0;0;0;0;0;0;0
"27/02/2025";"16:52:57";"147";"Sem vítima";"69,000";"427/PR";"Decrescente";"Saída de pista";1;0;0;0;0;0;0;0;0;0;0;0;0;0;0
"27/02/2025";"20:26:01";"160";"Com vítima";"39,000";"427/PR";"Crescente";"Saída de pista";1;0;0;0;0;0;0;0;0;0;0;1;0;0;0
"27/02/2025";"21:24:24";"165";"Sem vítima";"197,050";"BR-373/PR";"Crescente";"Colisão traseira";0;0;2;0;0;0;0;0;0;0;2;0;0;0;0
"28/02/2025";"07:36:36";"93";"Com vítima";"146,800";"BR-476/PR";"Decrescente";"Colisão lateral no mesmo sentido";1;0;0;1;0;0;0;0;0;0;1;1;0;0;0
"28/02/2025";"13:21:43";"128";"Com vítima";"145,000";"BR-476/PR";"Decrescente";"Colisão traseira";1;0;0;1;0;0;0;0;0;0;1;1;0;1;0
"28/02/2025";"16:41:28";"147";"Sem vítima";"126,000";"BR-277/PR";"Crescente";"Colisão transversal";2;0;0;0;0;0;0;0;0;0;2;0;0;0;0
"28/02/2025";"17:50:14";"149";"Sem vítima";"112,000";"BR-277/PR";"Crescente";"Colisão traseira";1;0;0;1;0;0;0;0;0;0;2;0;0;0;0
"28/02/2025";"19:56:15";"159";"Sem vítima";"600,500";"BR-376/PR";"Crescente";"Colisão traseira";2;0;0;0;0;0;0;0;0;0;1;0;0;0;0
"28/02/2025";"20:45:55";"166";"Sem vítima";"205,100";"BR-277/PR";"Decrescente";"Saída de pista";1;0;0;0;0;0;0;0;0;0;1;0;0;0;0
"28/02/2025";"21:55:25";"172";"Sem vítima";"201,600";"BR-277/PR";"Crescente";"Saída de pista";1;0;1;0;0;0;0;0;0;0;4;0;0;0;0
"01/03/2025";"01:09:50";"18";"Com vítima";"140,240";"BR-277/PR";"Crescente";"Engavetamento";0;0;3;0;0;0;0;0;0;0;1;1;0;0;0
"01/03/2025";"08:32:14";"46";"Com vítima";"227,800";"BR-373/PR";"Decrescente";"Colisão frontal";1;0;0;1;0;0;0;0;0;0;2;0;2;0;0
"01/03/2025";"09:27:08";"50";"Com vítima";"47,000";"427/PR";"Crescente";"Colisão traseira";2;0;0;0;0;0;0;0;0;0;1;1;0;0;0
"01/03/2025";"14:47:49";"74";"Com vítima";"146,910";"BR-476/PR";"Crescente";"Colisão lateral no mesmo sentido";1;0;0;1;0;0;0;0;0;0;0;0;1;0;0
"01/03/2025";"16:34:54";"87";"Sem vítima";"129,000";"BR-277/PR";"Decrescente";"Colisão traseira";1;0;1;0;0;0;0;0;0;0;2;0;0;0;0
"02/03/2025";"02:20:48";"2";"Sem vítima";"36,800";"427/PR";"Decrescente";"Saída de pista";1;0;0;0;0;0;0;0;0;0;1;0;0;0;0
"02/03/2025";"03:34:08";"13";"Com vítima";"175,120";"BR-277/PR";"Crescente";"Queda de moto";0;0;0;1;0;0;0;0;0;0;0;2;0;0;0
"02/03/2025";"11:29:16";"35";"Com vítima";"152,620";"BR-277/PR";"Decrescente";"Saída de pista";1;0;0;0;0;0;0;0;0;0;0;2;0;0;0
"02/03/2025";"14:41:13";"48";"Com vítima";"7,000";"418/PR";"Crescente";"Colisão frontal";1;0;0;1;0;0;0;0;0;0;0;0;1;0;0
"02/03/2025";"17:08:28";"56";"Sem vítima";"234,500";"BR-373/PR";"Crescente";"Saída de pista";1;0;0;0;0;0;0;0;0;0;1;0;0;0;0
"02/03/2025";"18:51:59";"68";"Com vítima";"109,150";"BR-277/PR";"Decrescente";"Colisão lateral no mesmo sentido";1;0;1;1;0;0;0;0;0;0;2;0;0;0;1
"02/03/2025";"19:25:40";"69";"Sem vítima";"1,050";"418/PR";"Crescente";"Colisão traseira";1;0;0;0;0;0;0;0;0;1;3;0;0;0;0
"03/03/2025";"05:20:37";"6";"Com vítima";"164,000";"BR-476/PR";"Decrescente";"Colisão frontal";2;0;0;0;0;0;0;0;0;0;1;2;0;0;0
"03/03/2025";"08:58:33";"20";"Sem vítima";"130,000";"BR-277/PR";"Decrescente";"Colisão lateral no mesmo sentido";1;0;0;0;0;0;0;0;0;0;1;0;0;0;0
"03/03/2025";"11:31:50";"42";"Com vítima";"136,000";"BR-277/PR";"Decrescente";"Queda de moto";1;0;0;0;0;0;0;0;0;0;0;1;0;0;0
"03/03/2025";"15:10:38";"57";"Sem vítima";"108,750";"BR-277/PR";"Decrescente";"Colisão traseira";2;0;0;0;0;0;0;0;0;0;2;0;0;0;0
"03/03/2025";"16:55:51";"65";"Com vítima";"124,200";"BR-277/PR";"Crescente";"Capotamento";1;0;1;0;0;0;0;0;0;0;1;3;0;0;0
"04/03/2025";"04:39:28";"37";"Com vítima";"175,050";"BR-476/PR";"Decrescente";"Saída de pista";1;0;0;0;0;0;0;0;0;0;0;1;0;0;0
"04/03/2025";"07:14:01";"42";"Sem vítima";"109,000";"BR-277/PR";"Decrescente";"Colisão lateral no mesmo sentido";1;0;1;0;0;0;0;0;0;0;2;0;0;0;0
"04/03/2025";"19:57:23";"105";"Com vítima";"180,900";"BR-476/PR";"Crescente";"Queda de moto";0;0;0;1;0;0;0;0;0;0;0;1;0;0;0
"05/03/2025";"04:56:44";"78";"Com vítima";"118,100";"BR-277/PR";"Crescente";"Capotamento";1;0;0;0;0;1;0;0;0;0;2;4;0;0;0
"05/03/2025";"06:48:01";"79";"Com vítima";"3,500";"Acesso BR";"Crescente";"Colisão traseira";2;0;0;0;0;0;0;0;0;0;2;0;3;0;0
"05/03/2025";"12:58:04";"110";"Sem vítima";"593,200";"BR-376/PR";"Decrescente";"Colisão traseira";1;0;1;0;0;0;0;0;0;0;2;0;0;0;0
"05/03/2025";"14:59:15";"116";"Sem vítima";"596,300";"BR-376/PR";"Decrescente";"Colisão traseira";1;0;0;0;0;0;0;0;0;1;2;0;0;0;0
"05/03/2025";"16:47:39";"126";"Com vítima";"2,600";"418/PR";"Crescente";"Queda de moto";0;0;1;1;0;0;0;0;0;0;1;0;0;0;1
"05/03/2025";"20:20:06";"144";"Com vítima";"3,000";"Acesso BR";"Crescente";"Colisão lateral no mesmo sentido";1;0;0;0;0;0;0;0;0;1;1;1;0;0;0
"05/03/2025";"22:33:17";"149";"Com vítima";"191,000";"BR-277/PR";"Crescente";"Colisão lateral no mesmo sentido";1;0;1;0;0;0;0;0;0;0;3;1;0;0;0
"06/03/2025";"08:16:18";"81";"Com vítima";"596,309";"BR-376/PR";"Decrescente";"Colisão lateral no mesmo sentido";1;0;0;1;0;0;0;0;0;0;1;1;0;0;0
"06/03/2025";"09:18:32";"88";"Com vítima";"190,100";"BR-373/PR";"Crescente";"Colisão traseira";1;0;2;0;0;0;0;0;0;0;0;2;0;0;0
"06/03/2025";"10:04:35";"94";"Sem vítima";"115,630";"BR-277/PR";"Decrescente";"Engavetamento";2;0;0;1;0;0;0;0;0;0;4;0;0;0;0
"06/03/2025";"11:16:41";"99";"Sem vítima";"129,350";"BR-277/PR";"Decrescente";"Choque";1;0;0;0;0;0;0;0;0;0;1;0;0;0;0
"06/03/2025";"17:09:38";"126";"Com vítima";"177,240";"BR-476/PR";"Crescente";"Queda de moto";0;0;0;1;0;0;0;0;0;0;0;0;0;0;2
"06/03/2025";"18:43:02";"133";"Com vítima";"158,020";"BR-476/PR";"Crescente";"Colisão traseira";1;0;0;1;0;0;0;0;0;0;2;1;0;0;0
"06/03/2025";"19:09:49";"135";"Sem vítima";"108,000";"BR-277/PR";"Decrescente";"Colisão lateral no mesmo sentido";1;0;1;0;0;0;0;0;0;0;0;0;0;0;0
"06/03/2025";"19:15:20";"137";"Com vítima";"252,120";"BR-373/PR";"Crescente";"Capotamento";1;0;0;0;0;0;0;0;0;0;0;2;0;0;0
"06/03/2025";"21:18:31";"146";"Sem vítima";"154,500";"BR-277/PR";"Crescente";"Colisão traseira";0;0;2;0;0;0;0;0;0;0;2;0;0;0;0
"07/03/2025";"00:16:09";"1";"Com vítima";"147,011";"BR-476/PR";"Decrescente";"Queda de moto";0;0;0;1;0;0;0;0;0;0;0;0;0;0;1
"07/03/2025";"05:40:35";"70";"Com vítima";"205,000";"BR-277/PR";"Decrescente";"Saída de pista";0;0;1;0;0;0;0;0;0;0;2;2;0;0;0
"07/03/2025";"11:38:15";"103";"Sem vítima";"5,000";"Acesso BR";"Crescente";"Colisão traseira";2;0;0;0;0;0;0;0;0;0;2;0;0;0;0
"07/03/2025";"12:13:14";"109";"Com vítima";"175,000";"BR-277/PR";"Decrescente";"Colisão lateral no mesmo sentido";0;0;0;2;0;0;0;0;0;0;0;2;0;0;0
"07/03/2025";"17:10:19";"134";"Sem vítima";"15,900";"423/PR";"Decrescente";"Choque";1;0;0;0;0;0;0;0;0;0;2;0;0;0;0
"07/03/2025";"17:38:59";"138";"Com vítima";"10,000";"423/PR";"Crescente";"Colisão lateral no mesmo sentido";1;0;0;1;0;0;0;0;0;0;2;1;0;0;0
"07/03/2025";"18:52:38";"143";"Com vítima";"145,000";"BR-476/PR";"Decrescente";"Engavetamento";3;0;0;0;0;0;0;0;0;0;4;1;0;0;0
"07/03/2025";"19:31:59";"148";"Sem vítima";"116,700";"BR-277/PR";"Crescente";"Colisão traseira";1;0;0;0;0;0;0;0;0;1;2;0;0;0;0
"08/03/2025";"00:51:11";"22";"Sem vítima";"160,010";"BR-277/PR";"Crescente";"Tombamento";0;0;1;0;0;0;0;0;0;0;1;0;0;0;0
"08/03/2025";"10:18:37";"55";"Sem vítima";"302,000";"BR-277/PR";"Decrescente";"Saída de pista";0;0;1;0;0;0;0;0;0;0;1;0;0;0;0
"08/03/2025";"14:39:33";"74";"Sem vítima";"601,000";"BR-376/PR";"Decrescente";"Colisão transversal";1;0;1;0;0;0;0;0;0;0;2;0;0;0;0
"08/03/2025";"18:10:12";"91";"Com vítima";"301,700";"BR-277/PR";"Crescente";"Queda de moto";0;0;0;1;0;1;0;0;0;0;0;1;0;0;0
"08/03/2025";"22:23:54";"111";"Com vítima";"175,010";"BR-476/PR";"Decrescente";"Colisão lateral no mesmo sentido";1;0;0;1;0;0;0;0;0;0;2;1;0;0;0
"09/03/2025";"00:28:47";"1";"Com vítima";"10,200";"418/PR";"Crescente";"Colisão lateral no mesmo sentido";1;0;0;1;0;0;0;0;0;0;2;1;0;0;0
"09/03/2025";"17:23:52";"51";"Sem vítima";"194,100";"BR-476/PR";"Crescente";"Choque";1;0;0;0;0;0;0;0;0;0;1;0;0;0;0
"09/03/2025";"18:17:02";"54";"Sem vítima";"120,060";"BR-277/PR";"Decrescente";"Engavetamento";2;0;0;0;0;1;0;0;0;0;2;0;0;0;0
"09/03/2025";"21:34:57";"68";"Sem vítima";"171,400";"BR-476/PR";"Decrescente";"Choque";1;0;0;0;0;0;0;0;0;0;0;0;0;0;0
"09/03/2025";"23:28:58";"76";"Com vítima";"4,500";"418/PR";"Decrescente";"Choque";2;0;0;0;0;0;0;0;0;0;3;2;0;0;0
"10/03/2025";"07:11:24";"75";"Com vítima";"146,000";"BR-476/PR";"Decrescente";"Colisão traseira";1;0;0;1;0;0;0;0;0;0;1;0;1;0;0
"10/03/2025";"08:18:21";"84";"Sem vítima";"148,560";"BR-476/PR";"Decrescente";"Colisão traseira";4;0;0;0;0;0;0;0;0;0;0;0;0;0;0
"10/03/2025";"11:53:51";"99";"Com vítima";"117,000";"BR-277/PR";"Decrescente";"Queda de moto";0;0;0;1;0;0;0;0;0;0;0;1;0;0;0
"10/03/2025";"11:55:51";"99";"Com vítima";"117,000";"BR-277/PR";"Decrescente";"Queda de moto";0;0;0;1;0;0;0;0;0;0;0;1;0;0;0
"10/03/2025";"13:32:01";"106";"Com vítima";"10,000";"423/PR";"Crescente";"Atropelamento de pedestre";0;0;1;1;0;0;0;0;0;0;2;0;1;0;0
"10/03/2025";"14:55:53";"109";"Sem vítima";"199,700";"BR-277/PR";"Decrescente";"Colisão traseira";2;0;0;0;0;0;0;0;0;0;2;0;0;0;0
"11/03/2025";"08:20:45";"91";"Sem vítima";"145,000";"BR-476/PR";"Decrescente";"Atropelamento de pedestre";0;0;1;1;0;0;0;0;0;0;2;0;0;0;0
"11/03/2025";"09:15:34";"98";"Sem vítima";"596,400";"BR-376/PR";"Decrescente";"Queda de moto";0;0;0;1;0;0;0;0;0;0;1;0;0;0;0
"11/03/2025";"19:28:10";"148";"Com vítima";"186,000";"BR-373/PR";"Decrescente";"Choque";1;0;0;0;0;1;0;0;0;0;0;2;0;0;0
"12/03/2025";"10:10:29";"109";"Sem vítima";"112,100";"BR-277/PR";"Decrescente";"Choque";1;0;0;0;0;0;0;0;0;0;1;0;0;0;0
"12/03/2025";"11:23:58";"113";"Com vítima";"271,500";"BR-277/PR";"Decrescente";"Queda de moto";0;0;0;1;0;0;0;0;0;0;0;1;0;0;0
"12/03/2025";"21:35:08";"159";"Sem vítima";"109,000";"BR-277/PR";"Crescente";"Saída de pista";1;0;0;0;0;0;0;0;0;0;1;0;0;0;0
"12/03/2025";"22:36:13";"161";"Sem vítima";"598,000";"BR-376/PR";"Decrescente";"Capotamento";1;0;0;0;0;0;0;0;0;0;1;0;0;0;0
"13/03/2025";"08:59:28";"99";"Sem vítima";"132,000";"BR-277/PR";"Decrescente";"Choque";1;0;0;0;0;0;0;0;0;0;1;0;0;0;0
"13/03/2025";"14:23:40";"127";"Com vítima";"34,000";"423/PR";"Decrescente";"Colisão traseira";1;0;0;1;0;0;0;0;0;0;1;0;1;0;0
"14/03/2025";"07:51:21";"84";"Com vítima";"22,000";"423/PR";"Decrescente";"Colisão frontal";1;0;0;0;0;0;0;0;0;1;0;3;0;0;0
"14/03/2025";"09:06:01";"93";"Com vítima";"175,000";"BR-476/PR";"Decrescente";"Colisão transversal";1;0;1;0;0;0;0;0;0;0;1;0;2;0;0
"14/03/2025";"09:30:22";"98";"Sem vítima";"146,800";"BR-476/PR";"Decrescente";"Tombamento";0;0;1;0;0;0;0;0;0;0;1;0;0;0;0
"14/03/2025";"17:35:31";"120";"Com vítima";"256,308";"BR-373/PR";"Decrescente";"Colisão traseira";1;0;1;0;0;0;0;0;0;0;3;2;0;0;0
"14/03/2025";"18:18:28";"126";"Com vítima";"598,500";"BR-376/PR";"Crescente";"Engavetamento";3;0;1;0;0;0;0;0;0;0;3;1;0;0;0
"15/03/2025";"06:48:07";"162";"Sem vítima";"148,560";"BR-476/PR";"Decrescente";"Colisão traseira";2;0;0;0;0;0;0;0;0;0;2;0;0;0;0
"15/03/2025";"08:30:06";"168";"Sem vítima";"108,000";"BR-277/PR";"Decrescente";"Colisão lateral no mesmo sentido";3;0;0;0;0;0;0;0;0;0;3;0;0;0;0
"15/03/2025";"10:11:44";"180";"Com vítima";"154,000";"BR-476/PR";"Decrescente";"Atropelamento de pedestre";1;0;0;0;0;0;0;0;0;0;1;1;0;0;0
"15/03/2025";"18:44:58";"221";"Com vítima";"14,300";"418/PR";"Decrescente";"Colisão lateral no mesmo sentido";1;0;0;1;0;0;0;0;0;0;1;1;0;0;0
"15/03/2025";"21:31:02";"237";"Sem vítima";"222,400";"BR-373/PR";"Decrescente";"Saída de pista";1;0;0;0;0;0;0;0;0;0;1;0;0;0;0
"15/03/2025";"23:22:27";"240";"Com vítima";"61,900";"427/PR";"Crescente";"Capotamento";0;0;1;0;0;0;0;0;0;0;0;1;0;0;0
"16/03/2025";"03:25:20";"13";"Com vítima";"298,840";"BR-277/PR";"Decrescente";"Colisão lateral no mesmo sentido";1;0;1;0;0;0;0;0;0;0;0;0;0;0;2
"16/03/2025";"07:00:10";"18";"Com vítima";"603,809";"BR-376/PR";"Crescente";"Colisão frontal";1;0;0;1;0;0;0;0;0;0;1;0;0;1;0
"16/03/2025";"18:45:37";"57";"Sem vítima";"593,450";"BR-376/PR";"Crescente";"Colisão lateral no mesmo sentido";0;0;1;1;0;0;0;0;0;0;2;0;0;0;0
"16/03/2025";"20:05:23";"63";"Com vítima";"10,500";"418/PR";"Crescente";"Colisão lateral no mesmo sentido";1;0;0;1;0;0;0;0;0;0;1;2;0;0;0
"16/03/2025";"22:52:21";"73";"Sem vítima";"4,800";"418/PR";"Decrescente";"Colisão lateral no mesmo sentido";1;0;1;0;0;0;0;0;0;0;2;0;0;0;0
"17/03/2025";"00:00:24";"1";"Sem vítima";"1,600";"418/PR";"Crescente";"Saída de pista";1;0;0;0;0;0;0;0;0;0;1;0;0;0;0
"17/03/2025";"09:32:10";"87";"Sem vítima";"296,800";"BR-277/PR";"Decrescente";"Colisão traseira";2;0;0;0;0;0;0;0;0;0;2;0;0;0;0
"17/03/2025";"10:30:11";"90";"Com vítima";"3,120";"418/PR";"Decrescente";"Colisão frontal";0;0;1;0;0;0;0;0;0;1;0;0;2;0;0
"17/03/2025";"18:43:51";"111";"Sem vítima";"598,500";"BR-376/PR";"Crescente";"Colisão lateral no mesmo sentido";1;0;1;0;0;0;0;0;0;0;2;0;0;0;0
"17/03/2025";"19:42:29";"114";"Sem vítima";"185,900";"BR-373/PR";"Decrescente";"Saída de pista";0;0;0;0;0;0;0;0;0;1;2;0;0;0;0
"18/03/2025";"03:53:34";"92";"Com vítima";"235,000";"BR-277/PR";"Decrescente";"Capotamento";0;0;0;0;0;0;0;0;0;1;1;0;1;0;0
"18/03/2025";"09:11:20";"107";"Com vítima";"289,400";"BR-277/PR";"Decrescente";"Saída de pista";0;0;1;0;0;0;0;0;0;0;0;0;0;0;1
"18/03/2025";"12:31:43";"116";"Com vítima";"237,000";"BR-277/PR";"Decrescente";"Saída de pista";0;0;0;0;0;0;0;0;0;1;0;3;1;0;0
"18/03/2025";"15:24:42";"125";"Com vítima";"61,860";"427/PR";"Crescente";"Choque";0;0;0;0;0;0;0;0;0;1;2;2;0;0;0
"18/03/2025";"17:45:45";"136";"Com vítima";"181,000";"BR-476/PR";"Decrescente";"Choque";1;0;0;0;0;0;0;0;0;0;0;1;0;0;0
"18/03/2025";"18:42:30";"140";"Com vítima";"146,500";"BR-476/PR";"Decrescente";"Colisão lateral no mesmo sentido";1;0;0;1;0;0;0;0;0;0;1;1;0;0;0
"18/03/2025";"19:30:20";"143";"Sem vítima";"69,000";"427/PR";"Crescente";"Tombamento";0;0;1;0;0;0;0;0;0;0;1;0;0;0;0
"18/03/2025";"23:59:11";"154";"Sem vítima";"216,900";"BR-277/PR";"Decrescente";"Colisão lateral no mesmo sentido";1;0;1;0;0;0;0;0;0;0;2;0;0;0;0
"19/03/2025";"00:12:55";"1";"Sem vítima";"229,600";"BR-277/PR";"Crescente";"Capotamento";0;0;0;0;0;0;0;0;0;1;1;0;0;0;0
"19/03/2025";"17:58:37";"150";"Com vítima";"601,700";"BR-376/PR";"Crescente";"Colisão lateral no mesmo sentido";1;0;0;1;0;0;0;0;0;0;1;2;0;0;0
"19/03/2025";"22:53:08";"167";"Com vítima";"107,600";"BR-277/PR";"Crescente";"Colisão traseira";0;0;1;0;1;0;0;0;0;0;1;2;0;0;0
"19/03/2025";"23:31:52";"169";"Sem vítima";"215,000";"BR-277/PR";"Decrescente";"Colisão traseira";0;0;2;0;0;0;0;0;0;0;2;0;0;0;0
"19/03/2025";"23:49:17";"171";"Com vítima";"598,250";"BR-376/PR";"Crescente";"Colisão lateral no mesmo sentido";1;0;0;1;0;0;0;0;0;0;1;1;0;0;0
"20/03/2025";"05:21:22";"86";"Sem vítima";"1,900";"418/PR";"Crescente";"Saída de pista";0;0;0;0;0;0;0;0;0;1;1;0;0;0;0
"20/03/2025";"17:38:28";"144";"Sem vítima";"137,000";"BR-277/PR";"Decrescente";"Tombamento";0;0;1;0;0;0;0;0;0;0;1;0;0;0;0
"21/03/2025";"06:56:12";"100";"Sem vítima";"148,560";"BR-476/PR";"Decrescente";"Colisão traseira";2;0;0;0;0;0;0;0;0;0;0;0;0;0;0
"21/03/2025";"07:12:16";"101";"Com vítima";"10,000";"418/PR";"Decrescente";"Queda de moto";0;0;0;1;0;0;0;0;0;0;0;1;0;0;0
"21/03/2025";"08:11:45";"108";"Com vítima";"151,000";"BR-476/PR";"Decrescente";"Colisão traseira";1;0;0;1;0;0;0;0;0;0;2;0;1;0;0
"21/03/2025";"17:30:48";"142";"Com vítima";"114,020";"BR-277/PR";"Decrescente";"Atropelamento de pedestre";0;0;0;0;0;0;0;0;0;1;1;0;0;0;1
"21/03/2025";"19:31:11";"150";"Com vítima";"111,982";"BR-277/PR";"Crescente";"Engavetamento";1;0;2;0;0;0;0;0;0;0;3;1;0;0;0
"22/03/2025";"06:54:42";"171";"Sem vítima";"149,000";"BR-476/PR";"Decrescente";"Colisão traseira";1;0;1;0;0;0;0;0;0;0;2;0;0;0;0
"22/03/2025";"14:46:42";"195";"Com vítima";"147,000";"BR-476/PR";"Crescente";"Queda de moto";0;0;0;1;0;0;0;0;0;0;0;2;0;0;0
"22/03/2025";"18:58:55";"211";"Com vítima";"121,000";"BR-277/PR";"Crescente";"Colisão frontal";1;0;0;1;0;0;0;0;0;0;1;1;0;0;0
"22/03/2025";"20:34:58";"219";"Com vítima";"1,000";"Acesso BR";"Crescente";"Saída de pista";1;0;0;0;0;0;0;0;0;0;3;0;2;0;0
"23/03/2025";"05:31:35";"6";"Com vítima";"240,000";"BR-277/PR";"Decrescente";"Colisão lateral no mesmo sentido";1;0;1;0;0;0;0;0;0;0;1;1;0;0;0
"23/03/2025";"06:36:34";"7";"Com vítima";"600,000";"BR-376/PR";"Crescente";"Tombamento";1;0;0;0;0;0;0;0;0;0;0;1;0;0;0
"23/03/2025";"10:48:11";"24";"Sem vítima";"5,000";"Acesso BR";"Decrescente";"Colisão lateral no mesmo sentido";1;0;0;0;0;0;0;0;0;0;1;0;0;0;0
"23/03/2025";"11:12:18";"25";"Sem vítima";"133,000";"BR-277/PR";"Crescente";"Colisão lateral no mesmo sentido";1;0;0;1;0;0;0;0;0;0;2;0;0;0;0
"23/03/2025";"11:25:36";"26";"Sem vítima";"7,000";"418/PR";"Crescente";"Tombamento";0;0;1;0;0;0;0;0;0;0;1;0;0;0;0
"23/03/2025";"11:49:38";"27";"Com vítima";"133,800";"BR-277/PR";"Crescente";"Colisão lateral no mesmo sentido";1;0;0;1;0;0;0;0;0;0;1;1;0;0;0
"23/03/2025";"18:50:27";"49";"Sem vítima";"213,320";"BR-277/PR";"Decrescente";"Choque";1;0;0;0;0;0;0;0;0;0;1;0;0;0;0
"23/03/2025";"19:24:28";"53";"Com vítima";"19,000";"418/PR";"Crescente";"Colisão frontal";2;0;0;0;0;0;0;0;0;0;1;1;0;0;0
"23/03/2025";"20:50:48";"60";"Com vítima";"601,000";"BR-376/PR";"Crescente";"Atropelamento de pedestre";1;0;0;0;0;0;0;0;0;0;2;0;0;0;1
"23/03/2025";"21:02:59";"61";"Sem vítima";"112,000";"BR-277/PR";"Decrescente";"Saída de pista";1;0;0;0;0;0;0;0;0;0;1;0;0;0;0
"23/03/2025";"22:49:46";"70";"Com vítima";"603,000";"BR-376/PR";"Crescente";"Colisão traseira";2;0;0;0;0;0;0;0;0;0;1;0;1;0;0
"24/03/2025";"07:40:48";"106";"Com vítima";"145,000";"BR-476/PR";"Decrescente";"Colisão lateral no mesmo sentido";1;0;0;1;0;0;0;0;0;0;1;1;0;0;0
"24/03/2025";"09:29:41";"117";"Sem vítima";"123,350";"BR-277/PR";"Decrescente";"Choque";1;0;0;0;0;0;0;0;0;0;1;0;0;0;0
"24/03/2025";"09:34:36";"118";"Com vítima";"603,800";"BR-376/PR";"Crescente";"Engavetamento";0;0;3;0;0;0;0;0;0;0;2;0;0;1;0
"24/03/2025";"10:56:57";"124";"Sem vítima";"111,980";"BR-277/PR";"Crescente";"Capotamento";1;0;0;0;0;0;0;0;0;0;1;0;0;0;0
"24/03/2025";"12:26:01";"128";"Com vítima";"595,150";"BR-376/PR";"Crescente";"Colisão traseira";1;0;0;1;0;0;0;0;0;0;1;0;0;1;0
"24/03/2025";"13:36:35";"132";"Sem vítima";"211,300";"BR-373/PR";"Crescente";"Colisão traseira";1;0;0;0;0;0;0;0;0;0;1;0;0;0;0
"24/03/2025";"19:34:07";"153";"Sem vítima";"215,500";"BR-277/PR";"Decrescente";"Queda de moto";0;0;0;1;0;0;0;0;0;0;1;0;0;0;0
"24/03/2025";"22:08:56";"165";"Sem vítima";"120,100";"BR-277/PR";"Decrescente";"Saída de pista";1;0;0;0;0;0;0;0;0;0;1;0;0;0;0
"25/03/2025";"05:35:01";"23";"Com vítima";"154,000";"BR-476/PR";"Decrescente";"Colisão traseira";0;0;0;1;0;0;0;0;0;1;0;1;0;0;0
"25/03/2025";"08:29:56";"39";"Com vítima";"3,600";"Acesso BR";"Crescente";"Colisão lateral no mesmo sentido";1;0;0;1;0;0;0;0;0;0;1;0;1;0;0
"25/03/2025";"18:24:48";"78";"Sem vítima";"605,500";"BR-376/PR";"Crescente";"Tombamento";1;0;0;0;0;0;0;0;0;0;1;0;0;0;0