data;horario;n_da_ocorrencia;tipo_de_ocorrencia;km;trecho;sentido;tipo_de_acidente;automovel;bicicleta;caminhao;moto;onibus;outros;tracao_animal;transporte_de_cargas_especiais;trator_maquinas;utilitarios;ilesos;levemente_feridos;moderadamente_feridos;gravemente_feridos;mortos
"25/03/2025";"19:05:59";"84";"Com vítima";"199,120";"BR-277/PR";"Decrescente";"Colisão transversal";0;0;1;0;0;0;0;0;0;1;0;1;0;0;0
"25/03/2025";"21:04:48";"93";"Sem vítima";"155,000";"BR-476/PR";"Decrescente";"Colisão frontal";2;0;0;0;0;0;0;0;0;0;5;0;0;0;0
"25/03/2025";"22:14:31";"96";"Sem vítima";"207,010";"BR-277/PR";"Decrescente";"Saída de pista";0;0;1;0;0;0;0;0;0;0;1;0;0;0;0
"26/03/2025";"02:43:02";"4";"Sem vítima";"5,000";"418/PR";"Crescente";"Tombamento";1;0;0;0;0;0;0;0;0;0;1;0;0;0;0
"26/03/2025";"07:59:09";"16";"Com vítima";"110,000";"BR-277/PR";"Decrescente";"Colisão lateral no mesmo sentido";0;0;0;1;0;0;0;0;0;0;0;1;0;0;0
"26/03/2025";"14:08:08";"43";"Sem vítima";"161,800";"BR-277/PR";"Decrescente";"Tombamento";0;0;1;0;0;0;0;0;0;0;1;0;0;0;0
"26/03/2025";"16:45:53";"53";"Sem vítima";"282,700";"BR-373/PR";"Decrescente";"Tombamento";0;0;1;0;0;0;0;0;0;0;0;0;0;0;0
"26/03/2025";"19:33:23";"69";"Com vítima";"128,000";"BR-277/PR";"Decrescente";"Atropelamento de pedestre";0;0;0;0;0;0;0;0;0;1;2;0;0;0;1
"27/03/2025";"12:09:53";"36";"Com vítima";"199,000";"BR-373/PR";"Crescente";"Colisão transversal";2;0;0;0;0;0;0;0;0;0;0;1;0;0;0
"27/03/2025";"16:03:55";"46";"Com vítima";"254,000";"BR-277/PR";"Decrescente";"Tombamento";0;0;1;0;0;0;0;0;0;0;0;0;1;0;0
"27/03/2025";"16:14:41";"48";"Sem vítima";"111,000";"BR-277/PR";"Crescente";"Colisão lateral no mesmo sentido";1;0;0;0;0;0;0;0;0;0;1;0;0;0;0
"27/03/2025";"18:18:19";"54";"Sem vítima";"245,000";"BR-277/PR";"Decrescente";"Colisão traseira";2;0;0;0;0;0;0;0;0;0;0;0;0;0;0
"27/03/2025";"19:12:25";"56";"Sem vítima";"147,400";"BR-476/PR";"Decrescente";"Capotamento";1;0;0;0;0;0;0;0;0;0;1;0;0;0;0
"27/03/2025";"21:00:57";"65";"Sem vítima";"247,000";"BR-277/PR";"Crescente";"Colisão traseira";0;0;1;0;0;0;0;0;0;0;0;0;0;0;0
"28/03/2025";"08:26:10";"25";"Sem vítima";"255,360";"BR-277/PR";"Decrescente";"Colisão traseira";1;0;1;0;0;0;0;0;0;0;2;0;0;0;0
"28/03/2025";"15:05:16";"36";"Sem vítima";"230,850";"BR-277/PR";"Crescente";"Engavetamento";3;0;0;0;0;0;0;0;0;1;4;0;0;0;0
"28/03/2025";"17:31:57";"46";"Sem vítima";"155,000";"BR-277/PR";"Crescente";"Colisão lateral no mesmo sentido";2;0;0;0;0;0;0;0;0;0;3;0;0;0;0
"28/03/2025";"20:52:25";"68";"Sem vítima";"135,640";"BR-277/PR";"Crescente";"Colisão traseira";0;0;0;0;0;0;0;0;0;2;2;0;0;0;0
"28/03/2025";"23:08:22";"72";"Com vítima";"11,750";"423/PR";"Decrescente";"Colisão frontal";1;0;1;0;0;0;0;0;0;0;1;0;0;0;1
"29/03/2025";"20:57:38";"64";"Com vítima";"181,600";"BR-476/PR";"Decrescente";"Tombamento";0;0;1;0;0;0;0;0;0;0;0;1;0;0;0
"29/03/2025";"22:10:56";"70";"Sem vítima";"225,500";"BR-277/PR";"Crescente";"Saída de pista";0;0;1;0;0;0;0;0;0;0;1;0;0;0;0
"29/03/2025";"23:05:43";"74";"Com vítima";"190,000";"BR-373/PR";"Decrescente";"Capotamento";0;0;1;0;0;0;0;0;0;0;0;1;0;0;0
"30/03/2025";"19:44:49";"50";"Com vítima";"14,150";"418/PR";"Crescente";"Colisão frontal";2;0;0;0;0;0;0;0;0;0;0;3;0;0;1
"30/03/2025";"20:51:48";"54";"Sem vítima";"111,500";"BR-277/PR";"Decrescente";"Choque";1;0;0;0;0;0;0;0;0;0;0;0;0;0;0
"30/03/2025";"23:12:23";"61";"Sem vítima";"152,200";"BR-476/PR";"Decrescente";"Capotamento";1;0;0;0;0;0;0;0;0;0;2;0;0;0;0
"31/03/2025";"03:35:01";"8";"Com vítima";"3,120";"418/PR";"Crescente";"Atropelamento de pedestre";1;0;1;0;0;0;0;0;0;0;0;0;0;1;0
"31/03/2025";"04:20:07";"10";"Sem vítima";"213,620";"BR-277/PR";"Crescente";"Saída de pista";1;0;0;0;0;0;0;0;0;0;4;0;0;0;0
"31/03/2025";"06:28:00";"11";"Sem vítima";"599,600";"BR-376/PR";"Decrescente";"Choque";1;0;0;0;0;0;0;0;0;0;1;0;0;0;0
"31/03/2025";"09:59:37";"28";"Com vítima";"118,000";"BR-277/PR";"Crescente";"Engavetamento";2;0;0;1;0;0;0;0;0;0;6;2;0;0;0
"31/03/2025";"12:47:32";"50";"Com vítima";"281,000";"BR-277/PR";"Crescente";"Colisão frontal";1;0;2;0;0;0;0;0;0;0;2;1;0;0;0
"31/03/2025";"15:32:38";"58";"Sem vítima";"599,000";"BR-376/PR";"Decrescente";"Colisão traseira";1;0;1;0;0;0;0;0;0;0;3;0;0;0;0
"31/03/2025";"15:56:41";"61";"Com vítima";"246,000";"BR-373/PR";"Crescente";"Colisão traseira";2;0;0;0;0;0;0;0;0;0;1;1;0;0;0
"31/03/2025";"16:03:55";"63";"Com vítima";"8,050";"418/PR";"Decrescente";"Engavetamento";2;0;0;0;0;0;0;0;0;1;5;1;2;0;0
"01/04/2025";"08:11:01";"13";"Com vítima";"598,000";"BR-376/PR";"Decrescente";"Colisão transversal";1;0;0;1;0;0;0;0;0;0;0;0;1;0;0
"01/04/2025";"08:19:24";"14";"Com vítima";"16,000";"418/PR";"Decrescente";"Colisão transversal";1;0;0;1;0;0;0;0;0;0;0;0;1;0;0
"01/04/2025";"08:52:23";"16";"Com vítima";"598,300";"BR-376/PR";"Decrescente";"Colisão traseira";1;0;0;1;0;0;0;0;0;0;0;0;1;0;0
"01/04/2025";"16:53:30";"40";"Com vítima";"245,600";"BR-277/PR";"Decrescente";"Colisão lateral no mesmo sentido";1;0;0;1;0;0;0;0;0;0;1;1;0;0;0
"01/04/2025";"17:37:34";"42";"Com vítima";"11,000";"418/PR";"Decrescente";"Colisão transversal";1;0;0;1;0;0;0;0;0;0;1;0;1;0;0
"01/04/2025";"18:55:07";"48";"Sem vítima";"152,000";"BR-476/PR";"Crescente";"Colisão transversal";0;0;0;1;1;0;0;0;0;0;2;0;0;0;0
"01/04/2025";"22:22:13";"56";"Com vítima";"151,600";"BR-277/PR";"Crescente";"Acidentes de outra natureza";0;0;0;1;0;0;0;0;0;0;0;0;1;0;0
"02/04/2025";"06:21:20";"13";"Sem vítima";"158,470";"BR-277/PR";"Decrescente";"Tombamento";0;0;1;0;0;0;0;0;0;0;1;0;0;0;0
"02/04/2025";"08:01:58";"15";"Com vítima";"7,000";"418/PR";"Decrescente";"Queda de moto";0;0;0;1;0;0;0;0;0;0;0;1;0;0;0
"02/04/2025";"17:24:35";"47";"Sem vítima";"174,800";"BR-277/PR";"Crescente";"Saída de pista";1;0;0;0;0;0;0;0;0;0;1;0;0;0;0
"02/04/2025";"17:26:43";"48";"Sem vítima";"167,950";"BR-277/PR";"Decrescente";"Saída de pista";0;0;1;0;0;0;0;0;0;0;0;0;0;0;0
"02/04/2025";"17:30:11";"49";"Com vítima";"157,420";"BR-476/PR";"Decrescente";"Colisão transversal";0;0;0;1;0;1;0;0;0;0;0;1;0;0;0
"03/04/2025";"07:23:42";"8";"Sem vítima";"149,560";"BR-476/PR";"Crescente";"Colisão transversal";1;0;0;1;0;0;0;0;0;0;2;0;0;0;0
"03/04/2025";"07:48:00";"10";"Com vítima";"603,300";"BR-376/PR";"Decrescente";"Colisão traseira";1;0;0;1;0;0;0;0;0;0;1;1;0;0;0
"03/04/2025";"13:32:32";"19";"Com vítima";"241,050";"BR-277/PR";"Crescente";"Colisão traseira";1;0;1;0;0;0;0;0;0;0;0;1;0;0;0
"03/04/2025";"18:44:03";"35";"Com vítima";"157,420";"BR-476/PR";"Crescente";"Colisão lateral no mesmo sentido";0;0;0;2;0;0;0;0;0;0;1;1;0;0;0
"03/04/2025";"21:33:20";"43";"Com vítima";"602,000";"BR-376/PR";"Decrescente";"Colisão frontal";2;0;1;0;0;0;0;0;0;0;2;0;0;0;1
"04/04/2025";"02:26:45";"3";"Com vítima";"240,310";"BR-373/PR";"Decrescente";"Saída de pista";1;0;0;0;0;0;0;0;0;0;0;1;0;0;0
"04/04/2025";"06:47:42";"7";"Com vítima";"594,000";"BR-376/PR";"Decrescente";"Capotamento";1;0;0;1;0;0;0;0;0;0;0;0;0;0;1
"04/04/2025";"07:44:12";"10";"Sem vítima";"111,000";"BR-277/PR";"Decrescente";"Queda de moto";0;0;0;1;0;0;0;0;0;0;1;0;0;0;0
"04/04/2025";"18:59:44";"59";"Com vítima";"167,500";"BR-476/PR";"Decrescente";"Choque";1;0;0;0;0;0;0;0;0;0;0;1;0;0;0
"04/04/2025";"23:53:33";"75";"Sem vítima";"107,800";"BR-277/PR";"Crescente";"Choque";1;0;0;0;0;0;0;0;0;0;1;0;0;0;0
"05/04/2025";"01:38:43";"10";"Sem vítima";"269,500";"BR-373/PR";"Crescente";"Capotamento";1;0;0;0;0;0;0;0;0;0;1;0;0;0;0
"05/04/2025";"05:14:04";"15";"Sem vítima";"215,000";"BR-277/PR";"Crescente";"Saída de pista";0;0;1;0;0;0;0;0;0;0;0;0;0;0;0
"05/04/2025";"07:08:51";"18";"Sem vítima";"5,000";"Acesso BR";"Crescente";"Choque";1;0;0;0;0;0;0;0;0;0;1;0;0;0;0
"05/04/2025";"11:14:51";"43";"Sem vítima";"119,000";"BR-277/PR";"Crescente";"Capotamento";1;0;0;0;0;0;0;0;0;0;2;0;0;0;0
"05/04/2025";"16:46:23";"57";"Com vítima";"3,000";"Acesso BR";"Crescente";"Colisão traseira";1;0;0;1;0;0;0;0;0;0;1;1;0;0;0
"05/04/2025";"18:54:29";"61";"Sem vítima";"604,700";"BR-376/PR";"Decrescente";"Colisão lateral no mesmo sentido";1;0;0;0;0;0;0;0;0;0;3;0;0;0;0
"05/04/2025";"19:07:20";"62";"Com vítima";"131,200";"BR-277/PR";"Decrescente";"Engavetamento";2;0;1;0;0;0;0;0;0;0;3;1;0;0;0
"05/04/2025";"20:05:54";"67";"Com vítima";"122,200";"BR-277/PR";"Decrescente";"Atropelamento de pedestre";0;1;0;0;0;0;0;0;0;1;1;0;0;0;0
"05/04/2025";"22:15:19";"77";"Sem vítima";"135,200";"BR-277/PR";"Decrescente";"Choque";0;0;0;0;0;0;0;0;0;1;1;0;0;0;0
"05/04/2025";"23:30:01";"80";"Sem vítima";"18,800";"418/PR";"Crescente";"Colisão transversal";1;0;0;0;0;0;0;0;0;1;2;0;0;0;0
"06/04/2025";"12:32:15";"30";"Sem vítima";"145,100";"BR-476/PR";"Crescente";"Colisão traseira";1;0;0;0;0;0;0;0;0;0;3;0;0;0;0
"06/04/2025";"18:44:30";"48";"Sem vítima";"191,700";"BR-476/PR";"Decrescente";"Colisão traseira";1;0;0;0;0;0;0;0;0;1;2;0;0;0;0
"06/04/2025";"19:18:05";"50";"Com vítima";"236,670";"BR-277/PR";"Decrescente";"Saída de pista";1;0;0;0;0;0;0;0;0;0;0;1;0;0;0
"07/04/2025";"02:15:26";"2";"Sem vítima";"124,366";"BR-277/PR";"Decrescente";"Saída de pista";1;0;0;0;0;0;0;0;0;0;1;0;0;0;0
"07/04/2025";"04:37:42";"7";"Sem vítima";"36,500";"427/PR";"Crescente";"Saída de pista";1;0;0;0;0;0;0;0;0;0;1;0;0;0;0
"07/04/2025";"08:21:52";"20";"Com vítima";"216,000";"BR-277/PR";"Crescente";"Saída de pista";1;0;0;0;0;0;0;0;0;0;0;1;0;0;0
"07/04/2025";"12:31:16";"38";"Com vítima";"160,970";"BR-277/PR";"Decrescente";"Queda de moto";0;0;0;1;0;0;0;0;0;0;0;2;0;0;0
"07/04/2025";"16:42:47";"49";"Com vítima";"51,500";"427/PR";"Decrescente";"Colisão lateral no mesmo sentido";1;0;1;0;0;0;0;0;0;0;0;0;1;0;0
"07/04/2025";"18:37:24";"57";"Com vítima";"591,600";"BR-376/PR";"Decrescente";"Colisão traseira";1;0;0;1;0;0;0;0;0;0;0;1;0;0;0
"07/04/2025";"18:43:09";"58";"Com vítima";"150,600";"BR-476/PR";"Decrescente";"Colisão lateral no mesmo sentido";1;0;0;1;0;0;0;0;0;0;1;2;0;0;0
"07/04/2025";"19:23:45";"59";"Com vítima";"592,000";"BR-376/PR";"Crescente";"Colisão traseira";0;0;1;1;0;0;0;0;0;0;0;1;0;0;0
"07/04/2025";"21:55:09";"68";"Sem vítima";"201,300";"BR-277/PR";"Crescente";"Saída de pista";1;0;0;0;0;0;0;0;0;0;1;0;0;0;0
"08/04/2025";"07:08:48";"69";"Com vítima";"600,000";"BR-376/PR";"Crescente";"Colisão traseira";1;0;0;1;0;0;0;0;0;0;1;0;1;0;0
"08/04/2025";"08:11:43";"73";"Sem vítima";"280,690";"BR-373/PR";"Crescente";"Colisão traseira";1;0;1;0;0;0;0;0;0;0;2;0;0;0;0
"08/04/2025";"08:58:53";"79";"Com vítima";"595,000";"BR-376/PR";"Crescente";"Engavetamento";2;0;0;1;0;0;0;0;0;0;2;1;0;0;0
"08/04/2025";"15:00:03";"105";"Sem vítima";"122,000";"BR-277/PR";"Crescente";"Saída de pista";1;0;0;0;0;0;0;0;0;0;1;0;0;0;0
"08/04/2025";"16:02:35";"112";"Sem vítima";"35,700";"427/PR";"Crescente";"Saída de pista";1;0;0;0;0;0;0;0;0;0;1;0;0;0;0
"08/04/2025";"17:21:26";"125";"Sem vítima";"4,000";"418/PR";"Crescente";"Tombamento";0;0;1;0;0;0;0;0;0;0;0;0;0;0;0
"09/04/2025";"07:30:08";"81";"Com vítima";"108,000";"BR-277/PR";"Decrescente";"Colisão traseira";2;0;0;0;0;0;0;0;0;0;2;1;0;0;0
"09/04/2025";"07:52:14";"84";"Com vítima";"146,000";"BR-476/PR";"Decrescente";"Colisão transversal";1;0;0;1;0;0;0;0;0;0;2;1;0;0;0
"09/04/2025";"11:30:43";"105";"Sem vítima";"11,000";"423/PR";"Decrescente";"Colisão lateral no mesmo sentido";1;0;0;1;0;0;0;0;0;0;2;0;0;0;0
"09/04/2025";"14:39:06";"112";"Com vítima";"29,000";"423/PR";"Decrescente";"Colisão lateral no mesmo sentido";2;0;0;0;0;0;0;0;0;0;1;3;0;0;0
"09/04/2025";"15:28:54";"116";"Sem vítima";"599,000";"BR-376/PR";"Crescente";"Colisão traseira";0;0;1;0;0;0;0;0;0;1;9;0;0;0;0
"09/04/2025";"16:56:48";"124";"Com vítima";"17,000";"418/PR";"Crescente";"Colisão lateral no mesmo sentido";1;0;0;1;0;0;0;0;0;0;1;1;0;0;0
"10/04/2025";"02:14:53";"66";"Com vítima";"9,000";"418/PR";"Crescente";"Colisão lateral no mesmo sentido";1;0;1;0;0;0;0;0;0;0;0;0;0;0;1
"10/04/2025";"03:07:50";"67";"Sem vítima";"267,950";"BR-277/PR";"Decrescente";"Saída de pista";0;0;0;0;0;0;0;0;0;1;2;0;0;0;0
"10/04/2025";"06:44:48";"70";"Sem vítima";"118,000";"BR-277/PR";"Decrescente";"Tombamento";0;0;1;0;0;0;0;0;0;0;1;0;0;0;0
"10/04/2025";"07:21:58";"71";"Com vítima";"114,000";"BR-277/PR";"Crescente";"Queda de moto";0;0;0;1;0;0;0;0;0;0;0;1;0;0;0
"10/04/2025";"13:30:34";"86";"Sem vítima";"11,000";"423/PR";"Crescente";"Queda de moto";1;0;0;1;0;0;0;0;0;0;2;0;0;0;0
"10/04/2025";"18:05:11";"99";"Com vítima";"145,420";"BR-476/PR";"Decrescente";"Colisão lateral no mesmo sentido";2;0;0;0;0;0;0;0;0;0;0;2;0;0;0
"10/04/2025";"19:47:55";"107";"Com vítima";"172,800";"BR-476/PR";"Decrescente";"Atropelamento de pedestre";0;0;0;0;0;1;0;0;0;0;0;1;0;0;0
"11/04/2025";"02:51:10";"7";"Com vítima";"3,000";"Acesso BR";"Decrescente";"Colisão traseira";1;0;0;0;0;0;0;0;0;1;1;1;0;0;1
"11/04/2025";"07:41:31";"77";"Sem vítima";"152,000";"BR-476/PR";"Crescente";"Colisão transversal";2;0;0;0;0;0;0;0;0;0;0;0;0;0;0
"11/04/2025";"14:43:45";"106";"Com vítima";"268,180";"BR-277/PR";"Crescente";"Colisão lateral no mesmo sentido";1;0;0;1;0;0;0;0;0;0;0;1;0;0;0
"11/04/2025";"15:21:51";"109";"Com vítima";"12,500";"423/PR";"Crescente";"Colisão transversal";2;0;0;0;0;0;0;0;0;0;1;1;0;0;0
"11/04/2025";"18:08:19";"117";"Com vítima";"15,400";"423/PR";"Crescente";"Colisão lateral no mesmo sentido";2;0;0;0;0;0;0;0;0;0;3;1;0;0;0
"11/04/2025";"22:49:14";"133";"Com vítima";"123,300";"BR-277/PR";"Crescente";"Colisão frontal";1;0;0;1;0;0;0;0;0;0;0;1;0;0;1
"12/04/2025";"04:35:54";"9";"Sem vítima";"178,590";"BR-476/PR";"Decrescente";"Saída de pista";1;0;0;0;0;0;0;0;0;0;3;0;0;0;0
"12/04/2025";"06:20:40";"13";"Sem vítima";"195,000";"BR-277/PR";"Crescente";"Tombamento";0;0;1;0;0;0;0;0;0;0;1;0;0;0;0
"12/04/2025";"08:15:09";"24";"Sem vítima";"596,000";"BR-376/PR";"Decrescente";"Colisão traseira";1;0;1;0;0;0;0;0;0;0;2;0;0;0;0
"12/04/2025";"19:05:37";"66";"Com vítima";"19,000";"418/PR";"Crescente";"Colisão frontal";2;0;0;0;0;0;0;0;0;0;1;0;1;0;0
"12/04/2025";"21:09:19";"70";"Sem vítima";"240,800";"BR-277/PR";"Decrescente";"Colisão transversal";2;0;0;0;0;0;0;0;0;0;1;0;0;0;0
"13/04/2025";"13:52:48";"36";"Sem vítima";"136,100";"BR-277/PR";"Decrescente";"Saída de pista";1;0;0;0;0;0;0;0;0;0;0;0;0;0;0
"13/04/2025";"15:24:55";"39";"Sem vítima";"245,900";"BR-277/PR";"Crescente";"Saída de pista";1;0;0;0;0;0;0;0;0;0;1;0;0;0;0
"13/04/2025";"18:02:48";"50";"Sem vítima";"107,500";"BR-277/PR";"Decrescente";"Colisão traseira";2;0;0;0;0;0;0;0;0;0;2;0;0;0;0
"15/04/2025";"10:07:59";"73";"Sem vítima";"155,690";"BR-476/PR";"Crescente";"Engavetamento";2;0;0;0;1;0;0;0;0;0;3;0;0;0;0
"15/04/2025";"18:34:32";"95";"Com vítima";"9,500";"423/PR";"Crescente";"Atropelamento de ciclista";1;1;0;0;0;0;0;0;0;0;1;0;0;0;0
"15/04/2025";"19:57:35";"100";"Com vítima";"18,970";"423/PR";"Decrescente";"Capotamento";1;0;0;0;0;0;0;0;0;0;0;1;1;0;0
"15/04/2025";"23:27:46";"109";"Sem vítima";"142,250";"BR-277/PR";"Decrescente";"Colisão traseira";0;0;2;0;0;0;0;0;0;0;2;0;0;0;0
"16/04/2025";"05:36:11";"57";"Sem vítima";"234,500";"BR-277/PR";"Decrescente";"Tombamento";0;0;1;0;0;0;0;0;0;0;1;0;0;0;0
"16/04/2025";"07:04:36";"61";"Com vítima";"241,100";"BR-277/PR";"Decrescente";"Saída de pista";1;0;0;0;0;0;0;0;0;0;0;1;0;0;0
"16/04/2025";"08:02:36";"64";"Com vítima";"151,000";"BR-476/PR";"Decrescente";"Queda de moto";0;0;0;1;0;0;0;0;0;0;0;1;0;0;0
"16/04/2025";"12:27:06";"78";"Com vítima";"120,000";"BR-277/PR";"Decrescente";"Colisão traseira";1;0;0;0;0;0;0;0;0;0;0;0;1;0;0
"16/04/2025";"13:33:16";"82";"Sem vítima";"108,550";"BR-277/PR";"Decrescente";"Colisão traseira";1;0;1;0;0;0;0;0;0;0;2;0;0;0;0
"16/04/2025";"16:11:13";"91";"Sem vítima";"254,100";"BR-277/PR";"Decrescente";"Tombamento";0;0;1;0;0;0;0;0;0;0;1;0;0;0;0
"16/04/2025";"17:02:37";"95";"Sem vítima";"131,300";"BR-277/PR";"Decrescente";"Colisão traseira";0;0;2;0;0;0;0;0;0;0;2;0;0;0;0
"16/04/2025";"17:08:46";"94";"Sem vítima";"3,000";"Acesso BR";"Decrescente";"Queda de moto";0;0;0;1;0;0;0;0;0;0;1;0;0;0;0
"16/04/2025";"18:04:09";"98";"Sem vítima";"261,000";"BR-373/PR";"Decrescente";"Tombamento";0;0;1;0;0;0;0;0;0;0;1;0;0;0;0
"16/04/2025";"22:49:18";"112";"Sem vítima";"228,500";"BR-277/PR";"Crescente";"Tombamento";0;0;1;0;0;0;0;0;0;0;1;0;0;0;0
"17/04/2025";"08:17:04";"55";"Sem vítima";"602,000";"BR-376/PR";"Decrescente";"Colisão lateral no mesmo sentido";1;0;0;1;0;0;0;0;0;0;2;0;0;0;0
"17/04/2025";"09:22:31";"64";"Com vítima";"606,000";"BR-376/PR";"Decrescente";"Colisão transversal";0;0;1;1;0;0;0;0;0;0;1;1;0;0;0
"17/04/2025";"10:13:39";"70";"Sem vítima";"242,100";"BR-277/PR";"Decrescente";"Colisão lateral no mesmo sentido";2;0;0;0;0;0;0;0;0;0;3;0;0;0;0
"17/04/2025";"13:44:12";"85";"Sem vítima";"8,000";"418/PR";"Decrescente";"Colisão traseira";1;0;1;0;0;0;0;0;0;0;2;0;0;0;0
"17/04/2025";"17:44:36";"112";"Sem vítima";"111,000";"BR-277/PR";"Decrescente";"Colisão traseira";1;0;0;0;0;0;0;0;0;1;0;0;0;0;0
"17/04/2025";"18:59:49";"119";"Sem vítima";"1,000";"Acesso BR";"Crescente";"Capotamento";1;0;0;0;0;0;0;0;0;0;1;0;0;0;0
"17/04/2025";"19:01:48";"120";"Sem vítima";"108,000";"BR-277/PR";"Crescente";"Colisão traseira";2;0;0;0;0;0;0;0;0;0;0;0;0;0;0
"17/04/2025";"20:06:16";"123";"Sem vítima";"592,300";"BR-376/PR";"Decrescente";"Queda de moto";1;0;0;0;0;0;0;0;0;0;2;0;0;0;0
"17/04/2025";"20:35:40";"126";"Com vítima";"10,000";"418/PR";"Crescente";"Atropelamento de pedestre";1;0;0;0;0;0;0;0;0;0;0;1;0;0;0
"17/04/2025";"23:09:44";"144";"Com vítima";"110,200";"BR-277/PR";"Crescente";"Engavetamento";3;0;0;0;0;0;0;0;0;1;8;1;0;0;0
"18/04/2025";"01:41:47";"4";"Sem vítima";"131,000";"BR-277/PR";"Crescente";"Colisão traseira";0;0;1;0;0;0;0;0;0;1;2;0;0;0;0
"18/04/2025";"05:59:33";"26";"Sem vítima";"122,350";"BR-277/PR";"Crescente";"Colisão traseira";1;0;0;1;0;0;0;0;0;0;0;0;0;0;0
"18/04/2025";"12:41:07";"61";"Sem vítima";"146,000";"BR-277/PR";"Decrescente";"Engavetamento";4;0;0;0;0;0;0;0;0;0;4;0;0;0;0
"18/04/2025";"13:23:53";"68";"Sem vítima";"36,000";"427/PR";"Crescente";"Saída de pista";0;0;0;0;0;0;0;0;0;1;0;0;0;0;0
"18/04/2025";"18:31:09";"95";"Com vítima";"23,000";"423/PR";"Crescente";"Colisão lateral no mesmo sentido";0;0;0;1;0;0;0;0;0;1;1;1;0;0;0
"18/04/2025";"18:54:08";"97";"Sem vítima";"5,000";"Acesso BR";"Crescente";"Saída de pista";1;0;0;0;0;0;0;0;0;0;1;0;0;0;0
"20/04/2025";"00:03:24";"1";"Com vítima";"158,800";"BR-476/PR";"Crescente";"Colisão transversal";1;0;0;1;0;0;0;0;0;0;1;1;0;0;0
"20/04/2025";"00:38:37";"2";"Sem vítima";"114,350";"BR-277/PR";"Crescente";"Saída de pista";1;0;0;0;0;0;0;0;0;0;2;0;0;0;0
"20/04/2025";"19:15:28";"63";"Sem vítima";"110,000";"BR-277/PR";"Decrescente";"Colisão traseira";2;0;0;0;0;1;0;0;0;0;6;0;0;0;0
"20/04/2025";"19:37:05";"64";"Sem vítima";"264,930";"BR-277/PR";"Decrescente";"Colisão traseira";2;0;0;0;0;0;0;0;0;0;9;0;0;0;0
"20/04/2025";"19:54:08";"65";"Sem vítima";"112,000";"BR-277/PR";"Decrescente";"Engavetamento";2;0;0;0;0;0;0;0;0;0;2;0;0;0;0
"21/04/2025";"07:26:51";"9";"Com vítima";"110,000";"BR-277/PR";"Decrescente";"Colisão transversal";1;0;1;0;0;0;0;0;0;0;1;1;0;0;0
"21/04/2025";"07:34:46";"10";"Sem vítima";"115,800";"BR-277/PR";"Crescente";"Choque";0;0;1;0;0;0;0;0;0;0;1;0;0;0;0
"21/04/2025";"10:10:10";"31";"Com vítima";"605,700";"BR-376/PR";"Crescente";"Atropelamento de ciclista";1;1;0;0;0;0;0;0;0;0;1;0;0;0;0
"21/04/2025";"10:16:55";"34";"Sem vítima";"110,000";"BR-277/PR";"Crescente";"Engavetamento";2;0;0;0;0;0;0;0;0;0;2;0;0;0;0
"21/04/2025";"10:56:53";"42";"Sem vítima";"198,000";"BR-277/PR";"Decrescente";"Colisão traseira";2;0;0;0;0;0;0;0;0;0;1;0;0;0;0
"21/04/2025";"11:09:37";"41";"Sem vítima";"107,500";"BR-277/PR";"Crescente";"Engavetamento";3;0;0;0;0;0;0;0;0;0;3;0;0;0;0
"21/04/2025";"11:27:12";"43";"Sem vítima";"0,000";"Acesso BR";"Crescente";"Colisão traseira";2;0;0;0;0;0;0;0;0;0;7;0;0;0;0
"21/04/2025";"12:45:54";"54";"Com vítima";"262,000";"BR-373/PR";"Decrescente";"Colisão traseira";1;0;0;0;0;0;0;0;0;0;3;1;0;0;0
"21/04/2025";"18:28:30";"89";"Sem vítima";"603,000";"BR-376/PR";"Decrescente";"Colisão traseira";1;0;0;2;0;0;0;0;0;0;4;0;0;0;0
"21/04/2025";"20:12:35";"96";"Sem vítima";"592,000";"BR-376/PR";"Crescente";"Colisão traseira";2;0;0;0;0;0;0;0;0;0;2;0;0;0;0
"21/04/2025";"21:53:28";"106";"Com vítima";"179,050";"BR-277/PR";"Crescente";"Colisão frontal";1;0;0;0;0;0;0;0;0;1;3;0;0;1;0
"22/04/2025";"02:53:37";"14";"Com vítima";"4,000";"Acesso BR";"Decrescente";"Queda de moto";0;0;0;1;0;0;0;0;0;0;0;0;0;0;1
"22/04/2025";"02:56:35";"15";"Sem vítima";"1,000";"418/PR";"Decrescente";"Capotamento";1;0;0;0;0;0;0;0;0;0;1;0;0;0;0
"22/04/2025";"07:05:57";"65";"Sem vítima";"276,800";"BR-277/PR";"Crescente";"Saída de pista";0;0;1;0;0;0;0;0;0;0;0;0;0;0;0