data;horario;n_da_ocorrencia;tipo_de_ocorrencia;km;trecho;sentido;tipo_de_acidente;automovel;bicicleta;caminhao;moto;onibus;outros;tracao_animal;transporte_de_cargas_especiais;trator_maquinas;utilitarios;ilesos;levemente_feridos;moderadamente_feridos;gravemente_feridos;mortos
"22/04/2025";"09:36:33";"82";"Com vítima";"602,900";"BR-376/PR";"Decrescente";"Colisão lateral no mesmo sentido";1;0;0;1;0;0;0;0;0;0;0;1;0;0;0
"22/04/2025";"12:23:41";"103";"Sem vítima";"601,500";"BR-376/PR";"Decrescente";"Colisão traseira";1;0;0;0;0;0;0;0;0;1;4;0;0;0;0
"22/04/2025";"12:49:10";"105";"Com vítima";"7,000";"418/PR";"Decrescente";"Colisão lateral no mesmo sentido";0;0;0;1;0;1;0;0;0;0;0;1;1;0;0
"22/04/2025";"16:46:34";"127";"Sem vítima";"113,200";"BR-277/PR";"Crescente";"Colisão traseira";2;0;0;0;0;0;0;0;0;0;3;0;0;0;0
"22/04/2025";"17:09:00";"131";"Sem vítima";"242,700";"BR-373/PR";"Decrescente";"Colisão traseira";2;0;0;0;0;0;0;0;0;0;5;0;0;0;0
"22/04/2025";"18:51:41";"139";"Com vítima";"259,400";"BR-373/PR";"Crescente";"Atropelamento de pedestre";0;0;1;0;0;0;0;0;0;0;0;1;0;0;0
"22/04/2025";"20:03:06";"149";"Com vítima";"165,200";"BR-277/PR";"Crescente";"Colisão frontal";0;0;1;0;0;0;0;0;0;1;1;0;0;0;1
"23/04/2025";"08:38:15";"67";"Com vítima";"12,000";"418/PR";"Decrescente";"Colisão frontal";1;0;1;0;0;0;0;0;0;0;1;0;0;0;1
"23/04/2025";"12:21:09";"81";"Sem vítima";"243,000";"BR-277/PR";"Decrescente";"Saída de pista";1;0;1;0;0;0;0;0;0;0;0;0;0;0;0
"23/04/2025";"16:14:52";"92";"Com vítima";"172,100";"BR-277/PR";"Crescente";"Colisão transversal";2;0;0;0;0;0;0;0;0;0;0;1;0;1;0
"24/04/2025";"07:39:32";"67";"Com vítima";"213,500";"BR-277/PR";"Crescente";"Capotamento";1;0;0;0;0;0;0;0;0;0;0;0;1;0;0
"24/04/2025";"10:44:16";"80";"Sem vítima";"64,700";"427/PR";"Decrescente";"Colisão lateral no mesmo sentido";0;0;2;0;0;0;0;0;0;0;2;0;0;0;0
"24/04/2025";"19:13:48";"108";"Com vítima";"244,000";"BR-277/PR";"Decrescente";"Atropelamento de pedestre";1;0;0;0;0;0;0;0;0;0;1;1;0;0;0
"24/04/2025";"19:13:55";"106";"Sem vítima";"143,100";"BR-277/PR";"Crescente";"Colisão traseira";1;0;1;0;0;0;0;0;0;0;5;0;0;0;0
"25/04/2025";"16:00:21";"111";"Sem vítima";"2,000";"418/PR";"Crescente";"Colisão lateral no mesmo sentido";1;0;0;1;0;0;0;0;0;0;2;0;0;0;0
"25/04/2025";"17:41:05";"118";"Sem vítima";"112,000";"BR-277/PR";"Crescente";"Colisão lateral no mesmo sentido";1;0;1;0;0;0;0;0;0;0;2;0;0;0;0
"25/04/2025";"19:13:19";"124";"Com vítima";"4,000";"Acesso BR";"Crescente";"Colisão lateral no mesmo sentido";2;0;0;1;0;0;0;0;0;0;1;0;1;0;0
"25/04/2025";"20:00:17";"128";"Com vítima";"171,000";"BR-476/PR";"Crescente";"Atropelamento de ciclista";0;1;1;0;0;0;0;0;0;0;1;0;0;0;0
"25/04/2025";"20:57:02";"132";"Sem vítima";"132,000";"BR-277/PR";"Decrescente";"Colisão traseira";2;0;0;0;0;0;0;0;0;0;2;0;0;0;0
"25/04/2025";"23:50:57";"143";"Sem vítima";"146,160";"BR-476/PR";"Decrescente";"Colisão transversal";0;0;0;1;0;0;0;0;0;0;1;0;0;0;0
"26/04/2025";"00:02:47";"1";"Sem vítima";"117,000";"BR-277/PR";"Decrescente";"Colisão traseira";1;0;1;0;0;0;0;0;0;0;2;0;0;0;0
"26/04/2025";"00:31:44";"4";"Sem vítima";"1,500";"418/PR";"Crescente";"Colisão transversal";2;0;0;0;0;0;0;0;0;0;2;0;0;0;0
"26/04/2025";"01:38:12";"7";"Com vítima";"207,000";"BR-277/PR";"Decrescente";"Tombamento";0;0;1;0;0;0;0;0;0;0;0;0;0;0;1
"26/04/2025";"15:01:01";"54";"Com vítima";"602,700";"BR-376/PR";"Decrescente";"Tombamento";0;0;1;0;0;0;0;0;0;0;0;0;1;0;0
"26/04/2025";"19:01:37";"68";"Com vítima";"9,800";"423/PR";"Crescente";"Colisão lateral no mesmo sentido";1;0;0;1;0;0;0;0;0;0;1;2;0;0;0
"26/04/2025";"20:08:35";"69";"Sem vítima";"149,560";"BR-476/PR";"Decrescente";"Capotamento";1;0;0;0;0;0;0;0;0;0;0;0;0;0;0
"27/04/2025";"07:06:54";"15";"Com vítima";"605,700";"BR-376/PR";"Crescente";"Queda de moto";0;0;0;1;0;0;0;0;0;0;0;0;1;0;0
"27/04/2025";"09:05:37";"31";"Com vítima";"143,230";"BR-277/PR";"Crescente";"Colisão traseira";0;0;3;0;0;0;0;0;0;0;2;1;0;0;0
"27/04/2025";"09:40:39";"33";"Sem vítima";"213,317";"BR-277/PR";"Crescente";"Queda de moto";0;0;0;1;0;0;0;0;0;0;1;0;0;0;0
"27/04/2025";"10:37:39";"37";"Com vítima";"70,000";"427/PR";"Decrescente";"Queda de moto";0;0;0;1;0;0;0;0;0;0;0;0;1;0;0
"27/04/2025";"17:27:54";"55";"Sem vítima";"224,000";"BR-373/PR";"Decrescente";"Saída de pista";1;0;0;0;0;0;0;0;0;0;1;0;0;0;0
"27/04/2025";"18:24:50";"58";"Com vítima";"196,500";"BR-476/PR";"Decrescente";"Colisão transversal";1;0;1;0;0;0;0;0;0;0;1;1;0;0;0
"27/04/2025";"19:19:04";"65";"Sem vítima";"129,000";"BR-277/PR";"Decrescente";"Capotamento";1;0;0;0;0;0;0;0;0;0;3;0;0;0;0
"27/04/2025";"21:03:56";"67";"Sem vítima";"22,500";"423/PR";"Crescente";"Queda de moto";0;0;0;1;0;0;0;0;0;0;1;0;0;0;0
"27/04/2025";"22:52:47";"71";"Com vítima";"158,720";"BR-476/PR";"Crescente";"Queda de moto";0;0;0;1;0;1;0;0;0;0;0;1;0;0;0
"27/04/2025";"23:22:45";"74";"Com vítima";"194,000";"BR-476/PR";"Decrescente";"Colisão transversal";2;0;0;0;0;0;0;0;0;0;1;2;0;0;0
"28/04/2025";"14:24:50";"77";"Com vítima";"165,000";"BR-476/PR";"Crescente";"Colisão lateral no mesmo sentido";3;0;1;0;0;0;0;0;0;0;3;0;0;1;1
"28/04/2025";"16:54:20";"83";"Com vítima";"7,000";"418/PR";"Crescente";"Colisão traseira";0;0;0;1;0;1;0;0;0;0;0;1;0;0;0
"28/04/2025";"18:41:34";"85";"Com vítima";"3,300";"418/PR";"Crescente";"Saída de pista";0;0;1;0;0;0;0;0;0;0;0;1;0;0;0
"28/04/2025";"18:53:21";"86";"Com vítima";"603,000";"BR-376/PR";"Crescente";"Colisão traseira";0;0;1;0;0;1;0;0;0;0;1;0;0;0;0
"28/04/2025";"19:17:26";"88";"Sem vítima";"2,500";"418/PR";"Crescente";"Colisão traseira";2;0;0;0;0;0;0;0;0;0;2;0;0;0;0
"29/04/2025";"05:28:42";"51";"Sem vítima";"34,000";"423/PR";"Decrescente";"Colisão lateral no mesmo sentido";0;0;1;0;0;0;0;0;0;1;2;0;0;0;0
"29/04/2025";"07:34:40";"54";"Sem vítima";"110,500";"BR-277/PR";"Decrescente";"Colisão traseira";2;0;0;0;0;0;0;0;0;0;1;0;0;0;0
"29/04/2025";"08:05:21";"58";"Sem vítima";"152,310";"BR-476/PR";"Decrescente";"Colisão lateral no mesmo sentido";1;0;0;1;0;0;0;0;0;0;1;0;0;0;0
"29/04/2025";"13:52:45";"78";"Com vítima";"131,400";"BR-277/PR";"Crescente";"Queda de moto";0;0;0;1;0;0;0;0;0;0;0;1;0;0;0
"29/04/2025";"16:12:11";"92";"Sem vítima";"147,700";"BR-476/PR";"Crescente";"Colisão traseira";1;0;1;0;0;0;0;0;0;0;2;0;0;0;0
"29/04/2025";"17:10:38";"99";"Com vítima";"10,000";"423/PR";"Crescente";"Colisão traseira";1;0;0;1;0;0;0;0;0;0;1;1;0;0;0
"29/04/2025";"17:22:31";"101";"Sem vítima";"602,000";"BR-376/PR";"Crescente";"Colisão lateral no mesmo sentido";0;0;0;1;0;1;0;0;0;0;1;0;0;0;0
"29/04/2025";"17:30:55";"102";"Sem vítima";"118,110";"BR-277/PR";"Decrescente";"Tombamento";0;0;1;0;0;0;0;0;0;0;1;0;0;0;0
"29/04/2025";"17:59:45";"104";"Sem vítima";"605,000";"BR-376/PR";"Decrescente";"Colisão lateral no mesmo sentido";1;0;0;0;0;1;0;0;0;0;1;0;0;0;0
"29/04/2025";"18:16:59";"105";"Com vítima";"2,500";"418/PR";"Crescente";"Colisão traseira";1;0;0;1;0;0;0;0;0;0;1;1;0;0;0
"29/04/2025";"18:33:10";"107";"Com vítima";"603,000";"BR-376/PR";"Decrescente";"Colisão traseira";1;0;0;1;0;0;0;0;0;0;1;1;0;0;0
"30/04/2025";"00:05:51";"2";"Com vítima";"189,040";"BR-476/PR";"Decrescente";"Tombamento";0;0;1;0;0;0;0;0;0;0;3;1;0;0;0
"30/04/2025";"02:38:26";"42";"Com vítima";"243,000";"BR-373/PR";"Decrescente";"Colisão lateral no mesmo sentido";0;0;1;1;0;0;0;0;0;0;1;0;1;0;0
"30/04/2025";"06:38:50";"48";"Com vítima";"184,000";"BR-277/PR";"Crescente";"Colisão frontal";2;0;0;0;0;0;0;0;0;0;1;1;0;0;0
"30/04/2025";"07:07:25";"50";"Sem vítima";"205,210";"BR-277/PR";"Decrescente";"Tombamento";0;0;1;0;0;0;0;0;0;0;0;0;0;0;0
"30/04/2025";"07:27:03";"53";"Com vítima";"232,000";"BR-373/PR";"Decrescente";"Colisão lateral no mesmo sentido";1;0;0;1;0;0;0;0;0;0;1;0;0;1;0
"30/04/2025";"11:19:28";"68";"Com vítima";"595,000";"BR-376/PR";"Decrescente";"Queda de moto";0;0;0;1;0;0;0;0;0;0;1;0;0;1;0
"30/04/2025";"17:07:14";"96";"Com vítima";"10,500";"418/PR";"Decrescente";"Colisão lateral no mesmo sentido";2;0;0;0;0;0;0;0;0;0;1;0;0;0;1
"30/04/2025";"19:36:03";"106";"Sem vítima";"247,500";"BR-277/PR";"Crescente";"Colisão traseira";1;0;0;0;0;0;0;0;0;0;1;0;0;0;0
"30/04/2025";"20:44:54";"113";"Com vítima";"598,000";"BR-376/PR";"Decrescente";"Atropelamento de pedestre";1;0;0;0;0;0;0;0;0;0;3;1;0;0;0
"30/04/2025";"21:27:06";"118";"Sem vítima";"158,600";"BR-476/PR";"Decrescente";"Tombamento";0;0;1;0;0;0;0;0;0;0;1;0;0;0;0
"01/05/2025";"01:58:28";"4";"Sem vítima";"133,000";"BR-277/PR";"Crescente";"Choque";0;0;0;1;0;0;0;0;0;0;1;0;0;0;0
"01/05/2025";"04:17:06";"13";"Sem vítima";"237,650";"BR-277/PR";"Decrescente";"Saída de pista";0;0;1;0;0;0;0;0;0;0;1;0;0;0;0
"01/05/2025";"07:29:08";"20";"Sem vítima";"602,000";"BR-376/PR";"Decrescente";"Colisão traseira";1;0;0;0;0;0;0;0;0;0;0;0;0;0;0
"01/05/2025";"08:34:14";"26";"Com vítima";"598,000";"BR-376/PR";"Crescente";"Capotamento";1;0;0;0;0;0;0;0;0;0;0;1;0;0;0
"01/05/2025";"17:14:43";"85";"Sem vítima";"236,880";"BR-373/PR";"Decrescente";"Saída de pista";0;0;1;0;0;0;0;0;0;0;0;0;0;0;0
"01/05/2025";"20:26:47";"96";"Com vítima";"247,100";"BR-373/PR";"Decrescente";"Atropelamento de ciclista";1;1;0;0;0;0;0;0;0;0;1;0;0;0;0
"01/05/2025";"21:50:45";"100";"Sem vítima";"182,000";"BR-476/PR";"Decrescente";"Capotamento";1;0;0;0;0;0;0;0;0;0;1;0;0;0;0
"02/05/2025";"17:38:07";"95";"Com vítima";"602,000";"BR-376/PR";"Crescente";"Colisão lateral no mesmo sentido";1;0;0;1;0;0;0;0;0;0;1;1;0;0;0
"02/05/2025";"19:39:05";"103";"Sem vítima";"153,000";"BR-476/PR";"Decrescente";"Colisão lateral no mesmo sentido";1;0;0;1;0;0;0;0;0;0;2;0;0;0;0
"03/05/2025";"04:21:13";"8";"Sem vítima";"605,000";"BR-376/PR";"Decrescente";"Capotamento";1;0;0;0;0;0;0;0;0;0;1;0;0;0;0
"03/05/2025";"12:01:12";"53";"Sem vítima";"605,000";"BR-376/PR";"Decrescente";"Colisão transversal";1;0;0;0;0;0;0;0;0;0;2;0;0;0;0
"03/05/2025";"13:34:01";"60";"Com vítima";"603,500";"BR-376/PR";"Crescente";"Queda de moto";0;0;0;1;0;0;0;0;0;0;1;1;0;0;0
"03/05/2025";"18:04:14";"81";"Com vítima";"186,000";"BR-476/PR";"Crescente";"Colisão frontal";1;0;0;1;0;0;0;0;0;0;2;1;0;0;0
"03/05/2025";"18:40:34";"85";"Com vítima";"282,000";"BR-373/PR";"Crescente";"Colisão traseira";1;0;0;1;0;0;0;0;0;0;0;1;0;0;1
"03/05/2025";"20:58:31";"91";"Sem vítima";"606,000";"BR-376/PR";"Crescente";"Choque";1;0;0;0;0;0;0;0;0;0;1;0;0;0;0
"03/05/2025";"23:01:31";"96";"Com vítima";"3,000";"Acesso BR";"Crescente";"Colisão frontal";1;0;0;0;0;0;0;0;0;0;1;1;0;0;0
"04/05/2025";"05:54:55";"4";"Com vítima";"132,000";"BR-277/PR";"Crescente";"Colisão traseira";0;0;2;0;0;0;0;0;0;0;1;1;0;0;0
"04/05/2025";"18:09:16";"57";"Com vítima";"159,050";"BR-476/PR";"Crescente";"Colisão frontal";1;0;0;0;0;0;0;0;0;1;3;1;0;0;0
"04/05/2025";"19:56:10";"69";"Sem vítima";"144,050";"BR-277/PR";"Decrescente";"Colisão traseira";1;0;0;0;0;0;0;0;0;1;2;0;0;0;0
"04/05/2025";"20:15:03";"70";"Sem vítima";"594,020";"BR-376/PR";"Decrescente";"Colisão traseira";0;0;0;1;0;0;0;0;0;1;1;0;0;0;0
"04/05/2025";"20:21:05";"72";"Com vítima";"148,010";"BR-476/PR";"Crescente";"Desatrelamento";0;0;0;0;0;1;0;0;0;0;0;0;0;1;0
"04/05/2025";"22:30:14";"85";"Com vítima";"268,400";"BR-373/PR";"Decrescente";"Colisão frontal";2;0;1;0;0;0;0;0;0;0;4;1;0;0;0
"04/05/2025";"23:15:14";"91";"Sem vítima";"149,150";"BR-277/PR";"Decrescente";"Colisão lateral no mesmo sentido";0;0;1;0;1;0;0;0;0;0;2;0;0;0;0
"05/05/2025";"00:52:08";"44";"Sem vítima";"162,040";"BR-476/PR";"Decrescente";"Saída de pista";1;0;0;0;0;0;0;0;0;0;1;0;0;0;0
"05/05/2025";"01:32:41";"45";"Com vítima";"145,020";"BR-476/PR";"Decrescente";"Saída de pista";1;0;0;0;0;0;0;0;0;0;0;1;0;0;0
"05/05/2025";"08:44:35";"66";"Com vítima";"116,000";"BR-277/PR";"Decrescente";"Colisão lateral no mesmo sentido";1;0;2;0;0;0;0;0;0;0;2;1;0;0;0
"05/05/2025";"12:55:45";"90";"Com vítima";"0,100";"418/PR";"Decrescente";"Colisão traseira";0;0;2;0;0;0;0;0;0;0;0;1;0;0;0
"05/05/2025";"15:41:06";"100";"Sem vítima";"196,000";"BR-277/PR";"Decrescente";"Tombamento";0;0;1;0;0;0;0;0;0;0;2;0;0;0;0
"05/05/2025";"16:48:05";"106";"Com vítima";"19,000";"423/PR";"Crescente";"Colisão traseira";0;0;0;1;0;0;0;0;0;0;0;1;0;0;0
"05/05/2025";"17:01:53";"108";"Sem vítima";"145,030";"BR-476/PR";"Decrescente";"Colisão traseira";0;0;1;1;0;0;0;0;0;0;2;0;0;0;0
"05/05/2025";"17:32:44";"110";"Sem vítima";"602,000";"BR-376/PR";"Crescente";"Colisão traseira";1;0;0;0;0;1;0;0;0;0;1;0;0;0;0
"06/05/2025";"06:15:22";"57";"Com vítima";"145,000";"BR-277/PR";"Decrescente";"Choque";1;0;0;0;0;0;0;0;0;0;0;3;0;0;0
"06/05/2025";"10:44:12";"88";"Sem vítima";"195,000";"BR-476/PR";"Crescente";"Colisão traseira";2;0;0;0;0;0;0;0;0;0;2;0;0;0;0
"06/05/2025";"10:56:49";"89";"Sem vítima";"4,000";"418/PR";"Decrescente";"Colisão traseira";1;0;0;0;0;0;0;0;0;0;0;0;0;0;0
"06/05/2025";"12:17:30";"93";"Com vítima";"189,000";"BR-476/PR";"Decrescente";"Colisão traseira";0;0;1;1;0;0;0;0;0;0;2;1;0;0;0
"06/05/2025";"12:41:45";"94";"Sem vítima";"197,500";"BR-373/PR";"Crescente";"Tombamento";0;0;1;0;0;0;0;0;0;0;1;0;0;0;0
"07/05/2025";"05:18:04";"58";"Sem vítima";"247,500";"BR-277/PR";"Decrescente";"Saída de pista";1;0;0;0;0;0;0;0;0;0;1;0;0;0;0
"07/05/2025";"07:57:09";"74";"Com vítima";"108,400";"BR-277/PR";"Decrescente";"Colisão frontal";2;0;0;0;0;0;0;0;0;0;1;1;0;0;0
"07/05/2025";"09:09:04";"80";"Sem vítima";"196,000";"BR-277/PR";"Crescente";"Colisão traseira";1;0;1;0;0;0;0;0;0;0;4;0;0;0;0
"07/05/2025";"17:22:07";"129";"Com vítima";"605,000";"BR-376/PR";"Crescente";"Queda de moto";0;0;1;1;0;0;0;0;0;0;1;0;0;0;1
"08/05/2025";"06:00:00";"62";"Sem vítima";"248,710";"BR-373/PR";"Decrescente";"Queda de moto";0;0;0;1;0;0;0;0;0;0;1;0;0;0;0
"08/05/2025";"15:23:29";"119";"Com vítima";"600,000";"BR-376/PR";"Crescente";"Atropelamento de pedestre";1;0;0;0;0;0;0;0;0;0;0;1;0;0;0
"08/05/2025";"17:53:43";"133";"Com vítima";"147,550";"BR-476/PR";"Decrescente";"Atropelamento de pedestre";0;0;0;0;0;1;0;0;0;0;0;0;1;0;0
"09/05/2025";"07:38:48";"61";"Com vítima";"197,000";"BR-476/PR";"Decrescente";"Atropelamento de ciclista";1;1;0;0;0;0;0;0;0;0;1;0;0;0;0
"09/05/2025";"08:52:30";"70";"Com vítima";"146,000";"BR-476/PR";"Decrescente";"Colisão traseira";1;0;0;1;0;0;0;0;0;0;0;1;0;0;0
"09/05/2025";"10:07:56";"74";"Sem vítima";"131,000";"BR-277/PR";"Decrescente";"Colisão lateral no mesmo sentido";1;0;1;0;0;0;0;0;0;0;0;0;0;0;0
"09/05/2025";"18:07:26";"122";"Sem vítima";"207,808";"BR-277/PR";"Decrescente";"Colisão traseira";2;0;0;0;0;0;0;0;0;0;4;0;0;0;0
"09/05/2025";"19:20:09";"129";"Com vítima";"121,550";"BR-277/PR";"Crescente";"Colisão lateral no mesmo sentido";1;0;0;1;0;0;0;0;0;0;1;1;0;0;0
"09/05/2025";"22:19:05";"142";"Sem vítima";"140,240";"BR-277/PR";"Decrescente";"Colisão traseira";1;0;0;0;1;0;0;0;0;0;2;0;0;0;0
"09/05/2025";"23:54:51";"148";"Com vítima";"213,030";"BR-277/PR";"Decrescente";"Colisão frontal";1;0;0;0;0;0;0;0;0;1;1;2;1;0;0
"10/05/2025";"02:08:12";"11";"Com vítima";"603,450";"BR-376/PR";"Crescente";"Colisão frontal";1;0;0;1;0;0;0;0;0;0;1;1;1;0;0
"10/05/2025";"03:59:14";"16";"Sem vítima";"136,200";"BR-277/PR";"Decrescente";"Saída de pista";0;0;1;0;0;0;0;0;0;0;1;0;0;0;0
"10/05/2025";"06:30:55";"22";"Com vítima";"54,200";"427/PR";"Crescente";"Saída de pista";1;0;0;0;0;0;0;0;0;0;0;1;0;0;0
"10/05/2025";"06:40:47";"25";"Sem vítima";"9,000";"418/PR";"Decrescente";"Saída de pista";1;0;0;0;0;0;0;0;0;0;1;0;0;0;0
"10/05/2025";"19:43:52";"83";"Com vítima";"117,500";"BR-277/PR";"Crescente";"Colisão traseira";1;0;0;0;0;0;0;0;0;1;0;1;0;0;0
"11/05/2025";"03:11:48";"10";"Com vítima";"168,300";"BR-476/PR";"Crescente";"Saída de pista";1;0;0;0;0;0;0;0;0;0;0;1;0;0;0
"11/05/2025";"04:31:31";"12";"Sem vítima";"270,800";"BR-373/PR";"Decrescente";"Colisão frontal";1;0;0;0;1;0;0;0;0;0;4;0;0;0;0
"11/05/2025";"04:52:29";"13";"Sem vítima";"172,590";"BR-476/PR";"Crescente";"Saída de pista";1;0;0;0;0;0;0;0;0;0;2;0;0;0;0
"11/05/2025";"11:12:08";"38";"Sem vítima";"155,000";"BR-476/PR";"Decrescente";"Engavetamento";3;0;0;0;0;0;0;0;0;0;3;0;0;0;0
"11/05/2025";"16:23:23";"56";"Sem vítima";"178,000";"BR-277/PR";"Decrescente";"Capotamento";1;0;0;0;0;0;0;0;0;0;1;0;0;0;0
"11/05/2025";"16:40:15";"58";"Com vítima";"204,000";"BR-277/PR";"Crescente";"Capotamento";1;0;0;0;0;0;0;0;0;0;1;0;1;0;0
"11/05/2025";"17:19:29";"59";"Com vítima";"240,000";"BR-277/PR";"Decrescente";"Colisão transversal";2;0;0;0;0;0;0;0;0;0;2;0;1;0;0
"11/05/2025";"18:58:40";"69";"Sem vítima";"2,000";"Acesso BR";"Decrescente";"Queda de moto";0;0;0;1;0;0;0;0;0;0;1;0;0;0;0
"11/05/2025";"19:49:30";"73";"Sem vítima";"154,100";"BR-277/PR";"Crescente";"Queda de moto";0;0;0;1;0;0;0;0;0;0;1;0;0;0;0
"11/05/2025";"19:54:39";"74";"Com vítima";"596,000";"BR-376/PR";"Crescente";"Colisão traseira";2;0;0;0;0;0;0;0;0;0;1;1;0;0;0
"11/05/2025";"20:58:33";"81";"Com vítima";"598,034";"BR-376/PR";"Decrescente";"Atropelamento de pedestre";1;0;0;0;0;0;0;0;0;0;1;0;0;0;1
"11/05/2025";"21:59:06";"85";"Com vítima";"7,000";"418/PR";"Crescente";"Capotamento";1;0;0;0;0;0;0;0;0;0;0;1;0;0;0
"11/05/2025";"23:42:32";"91";"Com vítima";"35,100";"423/PR";"Crescente";"Colisão frontal";2;0;0;0;0;0;0;0;0;0;2;3;0;0;0
"12/05/2025";"02:00:57";"56";"Com vítima";"276,900";"BR-277/PR";"Crescente";"Saída de pista";1;0;0;0;0;0;0;0;0;0;2;0;1;1;0
"12/05/2025";"08:28:52";"69";"Sem vítima";"129,000";"BR-277/PR";"Crescente";"Capotamento";1;0;0;0;0;0;0;0;0;0;0;0;0;0;0
"12/05/2025";"17:53:08";"118";"Sem vítima";"595,300";"BR-376/PR";"Crescente";"Colisão lateral no mesmo sentido";1;0;1;0;0;0;0;0;0;0;2;0;0;0;0
"12/05/2025";"19:39:19";"123";"Sem vítima";"260,000";"BR-277/PR";"Crescente";"Colisão traseira";2;0;0;0;0;0;0;0;0;0;5;0;0;0;0
"12/05/2025";"21:10:14";"127";"Sem vítima";"9,700";"423/PR";"Crescente";"Saída de pista";1;0;0;0;0;0;0;0;0;0;1;0;0;0;0
"12/05/2025";"23:00:35";"131";"Sem vítima";"150,000";"BR-277/PR";"Decrescente";"Colisão traseira";1;0;1;0;0;0;0;0;0;0;2;0;0;0;0
"13/05/2025";"03:16:41";"53";"Sem vítima";"108,750";"BR-277/PR";"Decrescente";"Choque";1;0;0;0;0;0;0;0;0;0;2;0;0;0;0
"13/05/2025";"15:33:46";"98";"Com vítima";"185,400";"BR-277/PR";"Crescente";"Colisão frontal";0;0;2;0;0;0;0;0;0;0;0;0;0;1;1
"14/05/2025";"06:46:43";"54";"Sem vítima";"17,500";"418/PR";"Crescente";"Colisão lateral no mesmo sentido";2;0;0;0;0;0;0;0;0;0;3;0;0;0;0
"14/05/2025";"06:49:11";"56";"Com vítima";"122,350";"BR-277/PR";"Crescente";"Queda de moto";0;0;0;1;0;0;0;0;0;0;0;1;0;0;0
"14/05/2025";"07:41:20";"62";"Sem vítima";"18,000";"418/PR";"Crescente";"Colisão lateral no mesmo sentido";1;0;0;1;0;0;0;0;0;0;2;0;0;0;0
"14/05/2025";"09:55:42";"69";"Com vítima";"222,500";"BR-373/PR";"Crescente";"Colisão transversal";1;0;1;0;0;0;0;0;0;0;1;1;0;0;0
"14/05/2025";"21:34:28";"126";"Sem vítima";"117,000";"BR-277/PR";"Crescente";"Colisão transversal";1;0;1;0;0;0;0;0;0;0;3;0;0;0;0
"14/05/2025";"22:59:24";"127";"Com vítima";"599,000";"BR-376/PR";"Crescente";"Colisão lateral no mesmo sentido";2;0;0;0;0;0;0;0;0;0;2;1;0;0;0
"15/05/2025";"08:38:36";"59";"Com vítima";"195,400";"BR-373/PR";"Decrescente";"Saída de pista";1;0;0;0;0;0;0;0;0;0;0;1;0;0;0
"15/05/2025";"11:44:12";"142";"Com vítima";"144,000";"BR-476/PR";"Crescente";"Colisão transversal";1;0;2;0;0;0;0;0;0;0;2;1;0;0;0
"15/05/2025";"18:30:56";"174";"Sem vítima";"108,000";"BR-277/PR";"Decrescente";"Colisão traseira";2;0;0;0;0;0;0;0;0;0;2;0;0;0;0
"15/05/2025";"21:28:04";"186";"Sem vítima";"126,000";"BR-277/PR";"Decrescente";"Saída de pista";0;0;1;0;0;0;0;0;0;0;1;0;0;0;0
"16/05/2025";"07:20:17";"55";"Com vítima";"162,000";"BR-476/PR";"Crescente";"Saída de pista";1;0;0;0;1;0;0;0;0;0;8;1;0;0;0
"16/05/2025";"13:55:32";"79";"Com vítima";"593,000";"BR-376/PR";"Decrescente";"Queda de moto";0;0;0;1;0;0;0;0;0;0;0;1;0;0;0
"16/05/2025";"15:53:28";"90";"Sem vítima";"143,000";"BR-277/PR";"Crescente";"Colisão traseira";0;0;2;0;0;0;0;0;0;0;2;0;0;0;0
"16/05/2025";"19:48:02";"109";"Sem vítima";"128,120";"BR-277/PR";"Decrescente";"Choque";1;0;0;0;0;0;0;0;0;0;0;0;0;0;0
"17/05/2025";"17:54:10";"72";"Com vítima";"257,000";"BR-277/PR";"Crescente";"Colisão lateral no mesmo sentido";1;0;0;1;0;0;0;0;0;0;1;2;0;0;0
"17/05/2025";"18:56:23";"78";"Com vítima";"122,350";"BR-277/PR";"Decrescente";"Colisão traseira";0;0;0;1;0;0;0;0;0;1;0;0;0;1;0
"17/05/2025";"20:52:56";"82";"Sem vítima";"197,100";"BR-476/PR";"Decrescente";"Saída de pista";1;0;0;0;0;0;0;0;0;0;2;0;0;0;0
"17/05/2025";"21:10:10";"85";"Sem vítima";"135,090";"BR-277/PR";"Crescente";"Colisão traseira";0;0;2;0;0;0;0;0;0;0;2;0;0;0;0
"17/05/2025";"22:15:21";"87";"Sem vítima";"300,200";"BR-277/PR";"Crescente";"Saída de pista";1;0;0;0;0;0;0;0;0;0;1;0;0;0;0