data;horario;n_da_ocorrencia;tipo_de_ocorrencia;km;trecho;sentido;tipo_de_acidente;automovel;bicicleta;caminhao;moto;onibus;outros;tracao_animal;transporte_de_cargas_especiais;trator_maquinas;utilitarios;ilesos;levemente_feridos;moderadamente_feridos;gravemente_feridos;mortos
"17/05/2025";"23:02:48";"91";"Com vítima";"201,700";"BR-277/PR";"Crescente";"Colisão lateral no mesmo sentido";1;0;1;0;0;0;0;0;0;0;4;2;0;0;0
"18/05/2025";"11:35:57";"28";"Com vítima";"129,000";"BR-277/PR";"Decrescente";"Colisão traseira";1;0;0;1;0;0;0;0;0;0;2;2;0;0;0
"18/05/2025";"12:05:18";"30";"Sem vítima";"129,000";"BR-277/PR";"Decrescente";"Saída de pista";1;0;0;0;0;0;0;0;0;0;3;0;0;0;0
"18/05/2025";"17:34:54";"54";"Sem vítima";"29,000";"423/PR";"Crescente";"Saída de pista";1;0;0;0;0;0;0;0;0;0;0;0;0;0;0
"18/05/2025";"18:20:05";"56";"Sem vítima";"118,550";"BR-277/PR";"Decrescente";"Engavetamento";3;0;0;0;0;0;0;0;0;0;3;0;0;0;0
"18/05/2025";"20:35:31";"70";"Sem vítima";"2,000";"418/PR";"Decrescente";"Colisão traseira";1;0;2;0;0;0;0;0;0;0;3;0;0;0;0
"18/05/2025";"20:52:06";"71";"Com vítima";"214,800";"BR-373/PR";"Decrescente";"Colisão traseira";1;0;0;1;0;0;0;0;0;0;3;0;0;0;1
"18/05/2025";"21:42:36";"75";"Com vítima";"2,000";"Acesso BR";"Crescente";"Colisão traseira";0;0;0;1;0;0;0;0;0;0;0;0;1;0;0
"19/05/2025";"06:45:13";"58";"Sem vítima";"145,000";"BR-476/PR";"Decrescente";"Engavetamento";3;0;0;0;0;0;0;0;0;0;3;0;0;0;0
"19/05/2025";"07:45:40";"61";"Sem vítima";"207,000";"BR-277/PR";"Decrescente";"Saída de pista";1;0;0;0;0;0;0;0;0;0;1;0;0;0;0
"19/05/2025";"08:02:34";"63";"Com vítima";"155,000";"BR-476/PR";"Decrescente";"Saída de pista";1;0;0;0;0;0;0;0;0;0;0;1;0;0;0
"19/05/2025";"09:02:54";"67";"Sem vítima";"4,000";"418/PR";"Decrescente";"Colisão traseira";1;0;1;0;0;0;0;0;0;0;2;0;0;0;0
"19/05/2025";"10:38:00";"79";"Com vítima";"54,000";"427/PR";"Crescente";"Capotamento";1;0;0;0;0;0;0;0;0;0;0;1;0;0;0
"19/05/2025";"11:14:23";"81";"Com vítima";"9,400";"423/PR";"Crescente";"Engavetamento";2;0;1;0;0;0;0;0;0;0;2;1;0;0;0
"19/05/2025";"16:51:36";"105";"Sem vítima";"5,000";"Acesso BR";"Crescente";"Saída de pista";1;0;0;0;0;0;0;0;0;0;1;0;0;0;0
"19/05/2025";"16:59:18";"107";"Sem vítima";"123,000";"BR-277/PR";"Decrescente";"Saída de pista";1;0;0;0;0;0;0;0;0;0;1;0;0;0;0
"19/05/2025";"18:41:53";"115";"Com vítima";"21,000";"418/PR";"Crescente";"Queda de moto";0;0;0;1;0;0;0;0;0;0;0;0;1;0;0
"19/05/2025";"20:16:41";"124";"Com vítima";"21,000";"418/PR";"Crescente";"Colisão transversal";1;0;0;1;0;0;0;0;0;0;0;1;0;0;0
"19/05/2025";"22:49:21";"128";"Sem vítima";"161,500";"BR-277/PR";"Decrescente";"Acidentes de outra natureza";1;0;1;0;0;0;0;0;0;0;3;0;0;0;0
"20/05/2025";"11:39:43";"85";"Sem vítima";"5,000";"418/PR";"Decrescente";"Colisão traseira";1;0;0;0;0;0;0;0;0;0;1;0;0;0;0
"20/05/2025";"14:04:48";"96";"Com vítima";"221,010";"BR-373/PR";"Decrescente";"Colisão frontal";0;0;2;0;0;0;0;0;0;0;0;0;1;0;3
"21/05/2025";"03:47:19";"49";"Com vítima";"271,163";"BR-277/PR";"Decrescente";"Colisão traseira";0;0;1;0;0;0;0;0;0;1;7;1;0;0;0
"21/05/2025";"07:41:02";"53";"Sem vítima";"9,939";"423/PR";"Crescente";"Colisão traseira";3;0;1;0;0;0;0;0;0;0;4;0;0;0;0
"21/05/2025";"11:10:00";"68";"Sem vítima";"199,300";"BR-373/PR";"Decrescente";"Colisão lateral no mesmo sentido";0;0;2;0;0;0;0;0;0;0;2;0;0;0;0
"21/05/2025";"15:47:02";"87";"Com vítima";"3,000";"Acesso BR";"Decrescente";"Colisão traseira";2;0;0;0;0;0;0;0;0;0;2;1;0;0;0
"21/05/2025";"19:44:44";"106";"Sem vítima";"201,400";"BR-277/PR";"Crescente";"Colisão transversal";0;0;2;0;0;0;0;0;0;0;2;0;0;0;0
"21/05/2025";"20:42:19";"110";"Sem vítima";"24,000";"423/PR";"Crescente";"Saída de pista";1;0;0;0;0;0;0;0;0;0;0;0;0;0;0
"21/05/2025";"21:00:51";"113";"Com vítima";"181,690";"BR-476/PR";"Decrescente";"Saída de pista";1;0;0;0;0;0;0;0;0;0;0;1;0;0;0
"21/05/2025";"21:04:11";"112";"Sem vítima";"125,500";"BR-277/PR";"Crescente";"Tombamento";0;0;1;0;0;0;0;0;0;0;1;0;0;0;0
"21/05/2025";"23:21:14";"117";"Sem vítima";"188,010";"BR-277/PR";"Decrescente";"Saída de pista";0;0;0;0;0;0;0;0;0;1;2;0;0;0;0
"22/05/2025";"00:00:35";"1";"Sem vítima";"116,000";"BR-277/PR";"Crescente";"Colisão traseira";1;0;1;0;0;0;0;0;0;0;2;0;0;0;0
"22/05/2025";"03:05:24";"13";"Sem vítima";"183,250";"BR-476/PR";"Decrescente";"Saída de pista";0;0;0;0;0;0;0;0;0;1;1;0;0;0;0
"22/05/2025";"06:53:19";"119";"Sem vítima";"215,000";"BR-277/PR";"Crescente";"Capotamento";1;0;0;0;0;0;0;0;0;0;2;0;0;0;0
"22/05/2025";"07:11:30";"121";"Com vítima";"172,890";"BR-476/PR";"Decrescente";"Colisão transversal";1;0;0;0;0;1;0;0;0;0;0;1;0;0;0
"22/05/2025";"10:20:19";"138";"Sem vítima";"605,000";"BR-376/PR";"Crescente";"Colisão traseira";1;0;0;0;0;0;0;0;0;0;1;0;0;0;0
"22/05/2025";"11:45:30";"143";"Com vítima";"213,400";"BR-277/PR";"Crescente";"Saída de pista";1;0;0;0;0;0;0;0;0;0;4;1;0;0;0
"22/05/2025";"12:27:38";"145";"Com vítima";"192,100";"BR-476/PR";"Crescente";"Colisão transversal";0;0;4;0;0;0;0;0;0;0;3;2;0;0;0
"22/05/2025";"13:52:26";"148";"Sem vítima";"594,000";"BR-376/PR";"Crescente";"Colisão lateral no mesmo sentido";2;0;0;0;0;0;0;0;0;0;2;0;0;0;0
"22/05/2025";"14:31:42";"150";"Com vítima";"167,950";"BR-277/PR";"Crescente";"Engavetamento";1;0;2;0;0;0;0;0;0;0;2;0;0;1;0
"22/05/2025";"21:39:57";"168";"Sem vítima";"216,500";"BR-277/PR";"Decrescente";"Tombamento";0;0;1;0;0;0;0;0;0;0;1;0;0;0;0
"23/05/2025";"00:47:59";"55";"Sem vítima";"195,000";"BR-277/PR";"Decrescente";"Saída de pista";0;0;0;0;1;0;0;0;0;0;0;0;0;0;0
"23/05/2025";"03:24:39";"59";"Sem vítima";"159,050";"BR-277/PR";"Decrescente";"Tombamento";0;0;1;0;0;0;0;0;0;0;1;0;0;0;0
"23/05/2025";"08:32:45";"71";"Sem vítima";"133,000";"BR-277/PR";"Decrescente";"Colisão lateral no mesmo sentido";1;0;1;0;0;0;0;0;0;0;2;0;0;0;0
"23/05/2025";"14:17:52";"94";"Sem vítima";"605,000";"BR-376/PR";"Crescente";"Colisão lateral no mesmo sentido";1;0;1;0;0;0;0;0;0;0;2;0;0;0;0
"23/05/2025";"18:59:32";"112";"Sem vítima";"603,600";"BR-376/PR";"Decrescente";"Engavetamento";4;0;0;0;0;0;0;0;0;0;5;0;0;0;0
"23/05/2025";"22:31:17";"128";"Sem vítima";"228,050";"BR-373/PR";"Crescente";"Colisão lateral no mesmo sentido";2;0;0;0;0;0;0;0;0;0;2;0;0;0;0
"24/05/2025";"03:35:37";"13";"Com vítima";"163,300";"BR-277/PR";"Crescente";"Choque";0;0;0;0;0;0;0;0;0;0;0;0;0;0;0
"24/05/2025";"08:06:01";"27";"Sem vítima";"36,000";"423/PR";"Crescente";"Colisão transversal";1;0;0;1;0;0;0;0;0;0;0;0;0;0;0
"24/05/2025";"12:35:03";"47";"Com vítima";"602,000";"BR-376/PR";"Crescente";"Desatrelamento";1;0;0;0;0;0;0;0;0;0;1;0;1;0;0
"24/05/2025";"12:50:52";"48";"Sem vítima";"236,000";"BR-373/PR";"Crescente";"Tombamento";0;0;1;0;0;0;0;0;0;0;0;0;0;0;0
"24/05/2025";"18:02:01";"64";"Com vítima";"199,800";"BR-373/PR";"Decrescente";"Colisão transversal";1;0;1;0;0;0;0;0;0;0;3;1;0;0;0
"25/05/2025";"09:37:20";"23";"Com vítima";"186,000";"BR-373/PR";"Decrescente";"Colisão traseira";1;0;0;1;0;0;0;0;0;0;1;0;1;0;0
"25/05/2025";"18:10:13";"69";"Sem vítima";"9,400";"423/PR";"Crescente";"Colisão transversal";0;0;0;1;0;1;0;0;0;0;1;0;0;0;0
"25/05/2025";"22:10:55";"83";"Sem vítima";"265,000";"BR-373/PR";"Decrescente";"Colisão transversal";1;0;1;0;0;0;0;0;0;0;2;0;0;0;0
"26/05/2025";"11:49:28";"80";"Sem vítima";"155,690";"BR-476/PR";"Decrescente";"Colisão traseira";2;0;0;0;0;0;0;0;0;0;2;0;0;0;0
"26/05/2025";"11:58:35";"83";"Com vítima";"128,000";"BR-277/PR";"Decrescente";"Atropelamento de pedestre";0;0;1;0;0;0;0;0;0;0;1;1;0;0;0
"26/05/2025";"18:53:19";"119";"Sem vítima";"22,000";"423/PR";"Crescente";"Colisão lateral no mesmo sentido";1;0;0;1;0;0;0;0;0;0;2;0;0;0;0
"27/05/2025";"07:48:05";"56";"Sem vítima";"108,750";"BR-277/PR";"Decrescente";"Engavetamento";3;0;0;0;0;0;0;0;0;0;2;0;0;0;0
"27/05/2025";"10:17:49";"78";"Sem vítima";"25,900";"423/PR";"Decrescente";"Saída de pista";1;0;0;0;0;0;0;0;0;0;0;0;0;0;0
"27/05/2025";"10:31:57";"80";"Sem vítima";"593,000";"BR-376/PR";"Decrescente";"Colisão traseira";1;0;0;1;0;0;0;0;0;0;2;0;0;0;0
"27/05/2025";"16:23:39";"108";"Sem vítima";"55,000";"427/PR";"Crescente";"Colisão lateral no mesmo sentido";1;0;1;0;0;0;0;0;0;0;2;0;0;0;0
"27/05/2025";"18:29:11";"115";"Com vítima";"33,000";"423/PR";"Decrescente";"Colisão frontal";1;1;0;0;0;0;0;0;0;0;1;0;0;0;0
"27/05/2025";"18:29:59";"116";"Sem vítima";"286,500";"BR-277/PR";"Decrescente";"Choque";1;0;0;0;0;0;0;0;0;0;2;0;0;0;0
"27/05/2025";"19:24:36";"123";"Sem vítima";"604,000";"BR-376/PR";"Decrescente";"Colisão traseira";1;0;2;0;0;0;0;0;0;0;4;0;0;0;0
"27/05/2025";"19:36:53";"124";"Sem vítima";"193,050";"BR-373/PR";"Crescente";"Colisão traseira";0;0;2;0;0;0;0;0;0;0;2;0;0;0;0
"28/05/2025";"06:34:52";"52";"Sem vítima";"174,000";"BR-277/PR";"Decrescente";"Tombamento";0;0;0;0;0;0;0;0;0;1;0;0;0;0;0
"28/05/2025";"08:02:27";"61";"Sem vítima";"152,620";"BR-277/PR";"Decrescente";"Colisão lateral no mesmo sentido";0;0;2;0;0;0;0;0;0;0;2;0;0;0;0
"28/05/2025";"10:05:18";"67";"Com vítima";"3,000";"418/PR";"Decrescente";"Colisão traseira";1;0;1;0;0;0;0;0;0;0;1;1;0;0;0
"28/05/2025";"12:41:34";"77";"Com vítima";"144,500";"BR-476/PR";"Decrescente";"Colisão traseira";0;0;0;1;0;0;0;0;0;0;1;1;0;0;0
"28/05/2025";"17:10:49";"95";"Sem vítima";"1,000";"418/PR";"Crescente";"Colisão transversal";2;0;0;1;0;0;0;0;0;0;3;0;0;0;0
"28/05/2025";"18:22:22";"103";"Sem vítima";"71,800";"427/PR";"Decrescente";"Capotamento";1;0;0;0;0;0;0;0;0;0;2;0;0;0;0
"28/05/2025";"19:05:01";"107";"Sem vítima";"65,090";"427/PR";"Decrescente";"Saída de pista";0;0;0;0;0;0;0;0;0;1;1;0;0;0;0
"28/05/2025";"19:25:02";"105";"Sem vítima";"2,500";"418/PR";"Decrescente";"Saída de pista";0;0;0;0;0;0;0;0;0;1;1;0;0;0;0
"29/05/2025";"03:29:54";"46";"Sem vítima";"121,500";"BR-277/PR";"Decrescente";"Colisão traseira";1;0;1;0;0;0;0;0;0;0;3;0;0;0;0
"29/05/2025";"06:46:44";"52";"Sem vítima";"14,000";"418/PR";"Crescente";"Colisão traseira";2;0;0;1;0;0;0;0;0;0;3;0;0;0;0
"29/05/2025";"08:09:03";"57";"Sem vítima";"129,000";"BR-277/PR";"Crescente";"Colisão traseira";2;0;0;0;0;0;0;0;0;0;3;0;0;0;0
"29/05/2025";"16:18:32";"85";"Com vítima";"200,000";"BR-373/PR";"Decrescente";"Colisão transversal";1;0;1;0;0;0;0;0;0;0;1;0;0;0;1
"29/05/2025";"16:18:34";"84";"Com vítima";"3,010";"418/PR";"Decrescente";"Colisão traseira";2;0;0;1;0;0;0;0;0;0;2;0;0;1;0
"29/05/2025";"18:30:14";"89";"Sem vítima";"148,000";"BR-476/PR";"Crescente";"Atropelamento de pedestre";0;0;0;0;0;1;0;0;0;0;0;0;0;0;0
"29/05/2025";"18:54:49";"91";"Com vítima";"146,156";"BR-476/PR";"Crescente";"Atropelamento de pedestre";0;0;0;0;0;1;0;0;0;0;0;0;1;0;0
"29/05/2025";"21:17:06";"102";"Sem vítima";"193,200";"BR-476/PR";"Decrescente";"Colisão lateral no mesmo sentido";1;0;1;0;0;0;0;0;0;0;2;0;0;0;0
"30/05/2025";"01:39:03";"43";"Sem vítima";"119,700";"BR-277/PR";"Decrescente";"Capotamento";1;0;0;0;0;0;0;0;0;0;0;0;0;0;0
"30/05/2025";"07:29:43";"57";"Sem vítima";"601,000";"BR-376/PR";"Decrescente";"Colisão traseira";2;0;0;0;0;0;0;0;0;0;2;0;0;0;0
"30/05/2025";"12:41:35";"79";"Sem vítima";"2,000";"418/PR";"Crescente";"Colisão lateral no mesmo sentido";2;0;0;0;0;0;0;0;0;0;5;0;0;0;0
"30/05/2025";"19:02:03";"107";"Sem vítima";"264,180";"BR-373/PR";"Crescente";"Colisão traseira";2;0;0;0;0;0;0;0;0;0;2;0;0;0;0
"30/05/2025";"22:07:03";"115";"Com vítima";"128,350";"BR-277/PR";"Decrescente";"Colisão traseira";2;0;0;0;0;0;0;0;0;0;1;0;1;0;0
"31/05/2025";"17:52:54";"52";"Sem vítima";"114,000";"BR-277/PR";"Decrescente";"Capotamento";1;0;0;0;0;0;0;0;0;0;2;0;0;0;0
"31/05/2025";"22:08:12";"61";"Sem vítima";"121,000";"BR-277/PR";"Decrescente";"Colisão lateral no mesmo sentido";1;0;0;1;0;0;0;0;0;0;2;0;0;0;0
"01/06/2025";"00:19:48";"3";"Com vítima";"194,590";"BR-476/PR";"Decrescente";"Colisão frontal";2;0;0;0;0;0;0;0;0;0;1;1;0;0;0
"01/06/2025";"02:56:32";"5";"Sem vítima";"136,000";"BR-277/PR";"Crescente";"Choque";1;0;0;0;0;0;0;0;0;0;1;0;0;0;0
"01/06/2025";"04:39:22";"9";"Sem vítima";"161,100";"BR-476/PR";"Crescente";"Saída de pista";1;0;0;0;0;0;0;0;0;0;2;0;0;0;0
"01/06/2025";"08:34:52";"13";"Sem vítima";"274,300";"BR-277/PR";"Crescente";"Saída de pista";1;0;0;0;0;0;0;0;0;0;0;0;0;0;0
"01/06/2025";"12:12:30";"25";"Com vítima";"132,000";"BR-277/PR";"Decrescente";"Queda de moto";0;0;0;1;0;0;0;0;0;0;0;1;0;0;0
"01/06/2025";"14:28:06";"32";"Sem vítima";"5,000";"Acesso BR";"Crescente";"Colisão traseira";3;0;0;0;0;0;0;0;0;0;0;0;0;0;0
"01/06/2025";"18:32:55";"50";"Com vítima";"175,990";"BR-277/PR";"Crescente";"Capotamento";0;0;0;0;0;0;0;0;0;1;1;1;0;0;0
"01/06/2025";"23:23:23";"65";"Com vítima";"116,000";"BR-277/PR";"Decrescente";"Atropelamento de pedestre";1;0;0;0;0;0;0;0;0;0;1;0;0;0;1
"02/06/2025";"04:11:03";"100";"Com vítima";"166,461";"BR-277/PR";"Decrescente";"Queda de moto";0;0;0;1;0;0;0;0;0;0;0;2;0;0;0
"02/06/2025";"10:12:08";"130";"Sem vítima";"206,000";"BR-277/PR";"Decrescente";"Colisão traseira";1;0;1;0;0;0;0;0;0;0;0;0;0;0;0
"02/06/2025";"20:44:04";"179";"Com vítima";"605,800";"BR-376/PR";"Crescente";"Colisão lateral no mesmo sentido";1;0;0;1;0;0;0;0;0;0;1;1;0;0;0
"03/06/2025";"05:48:36";"31";"Sem vítima";"214,200";"BR-373/PR";"Decrescente";"Saída de pista";0;0;0;0;1;0;0;0;0;0;1;0;0;0;0
"03/06/2025";"07:38:36";"36";"Sem vítima";"605,000";"BR-376/PR";"Crescente";"Saída de pista";0;0;1;0;0;0;0;0;0;0;1;0;0;0;0
"03/06/2025";"09:27:27";"39";"Sem vítima";"1,400";"418/PR";"Decrescente";"Colisão lateral no mesmo sentido";2;0;0;0;0;0;0;0;0;0;2;0;0;0;0
"03/06/2025";"12:10:21";"50";"Sem vítima";"213,500";"BR-277/PR";"Crescente";"Choque";1;0;0;0;0;0;0;0;0;0;0;0;0;0;0
"03/06/2025";"13:37:10";"54";"Sem vítima";"136,000";"BR-277/PR";"Decrescente";"Colisão lateral no mesmo sentido";1;0;1;0;0;0;0;0;0;0;3;0;0;0;0
"03/06/2025";"14:43:22";"55";"Sem vítima";"595,000";"BR-376/PR";"Decrescente";"Colisão lateral no mesmo sentido";0;0;2;0;0;0;0;0;0;0;2;0;0;0;0
"03/06/2025";"15:54:44";"64";"Sem vítima";"38,000";"427/PR";"Decrescente";"Saída de pista";0;0;1;0;0;0;0;0;0;0;1;0;0;0;0
"03/06/2025";"16:15:49";"66";"Sem vítima";"208,900";"BR-277/PR";"Decrescente";"Capotamento";1;0;0;0;0;0;0;0;0;0;0;0;0;0;0
"03/06/2025";"16:22:56";"67";"Sem vítima";"598,809";"BR-376/PR";"Decrescente";"Colisão traseira";2;0;0;0;0;0;0;0;0;0;3;0;0;0;0
"03/06/2025";"18:34:24";"72";"Sem vítima";"190,500";"BR-476/PR";"Crescente";"Engavetamento";2;0;0;0;0;0;0;0;0;1;5;0;0;0;0
"03/06/2025";"19:53:46";"78";"Com vítima";"186,780";"BR-476/PR";"Decrescente";"Colisão lateral no mesmo sentido";1;0;0;1;0;0;0;0;0;0;1;1;0;0;0
"04/06/2025";"01:05:17";"46";"Sem vítima";"244,690";"BR-277/PR";"Decrescente";"Saída de pista";1;0;0;0;0;0;0;0;0;0;2;0;0;0;0
"04/06/2025";"09:42:02";"71";"Com vítima";"20,000";"418/PR";"Crescente";"Colisão lateral no mesmo sentido";1;0;1;0;0;0;0;0;0;0;1;1;0;0;0
"04/06/2025";"13:08:06";"77";"Sem vítima";"11,120";"423/PR";"Crescente";"Colisão traseira";2;0;1;0;0;0;0;0;0;0;3;0;0;0;0
"04/06/2025";"14:22:14";"81";"Sem vítima";"9,939";"423/PR";"Crescente";"Colisão lateral no mesmo sentido";2;0;0;0;0;0;0;0;0;0;3;0;0;0;0
"04/06/2025";"16:42:34";"91";"Com vítima";"112,600";"BR-277/PR";"Crescente";"Atropelamento de pedestre";1;0;0;0;0;0;0;0;0;0;1;0;0;0;1
"04/06/2025";"18:38:45";"95";"Com vítima";"600,150";"BR-376/PR";"Decrescente";"Colisão lateral no mesmo sentido";1;0;0;1;0;0;0;0;0;0;1;1;0;0;0
"04/06/2025";"23:42:36";"108";"Com vítima";"110,950";"BR-277/PR";"Decrescente";"Capotamento";1;0;0;0;0;0;0;0;0;0;1;2;0;0;0
"05/06/2025";"00:40:48";"42";"Sem vítima";"265,000";"BR-277/PR";"Crescente";"Colisão traseira";1;0;1;0;0;0;0;0;0;0;2;0;0;0;0
"05/06/2025";"13:52:34";"90";"Sem vítima";"143,000";"BR-277/PR";"Decrescente";"Saída de pista";1;0;0;0;0;0;0;0;0;0;0;0;0;0;0
"05/06/2025";"15:37:05";"101";"Com vítima";"189,500";"BR-373/PR";"Decrescente";"Tombamento";0;0;1;0;0;0;0;0;0;0;0;1;0;0;0
"05/06/2025";"19:44:37";"122";"Com vítima";"109,100";"BR-277/PR";"Decrescente";"Colisão traseira";1;0;1;0;0;0;0;0;0;0;5;1;0;0;0
"05/06/2025";"20:28:58";"125";"Sem vítima";"603,309";"BR-376/PR";"Crescente";"Saída de pista";0;0;1;0;0;0;0;0;0;0;1;0;0;0;0
"05/06/2025";"22:32:28";"132";"Sem vítima";"36,090";"423/PR";"Decrescente";"Saída de pista";1;0;0;0;0;0;0;0;0;0;1;0;0;0;0
"06/06/2025";"04:50:46";"39";"Sem vítima";"140,000";"BR-277/PR";"Crescente";"Tombamento";0;0;1;0;0;0;0;0;0;0;1;0;0;0;0
"06/06/2025";"18:45:23";"93";"Sem vítima";"165,100";"BR-277/PR";"Crescente";"Colisão traseira";0;0;0;0;0;0;0;0;0;2;2;0;0;0;0
"06/06/2025";"19:10:14";"97";"Sem vítima";"1,010";"Acesso BR";"Crescente";"Engavetamento";1;0;1;0;0;0;0;0;0;1;6;0;0;0;0
"06/06/2025";"21:44:24";"105";"Com vítima";"136,100";"BR-277/PR";"Crescente";"Colisão lateral no mesmo sentido";1;0;0;0;0;1;0;0;0;0;1;1;0;0;0
"06/06/2025";"22:04:36";"106";"Sem vítima";"121,485";"BR-277/PR";"Decrescente";"Colisão traseira";1;0;1;0;0;0;0;0;0;0;2;0;0;0;0
"07/06/2025";"11:31:18";"35";"Sem vítima";"123,000";"BR-277/PR";"Decrescente";"Colisão traseira";0;0;1;0;0;0;0;0;0;1;2;0;0;0;0
"07/06/2025";"12:27:43";"37";"Sem vítima";"141,000";"BR-277/PR";"Decrescente";"Engavetamento";1;0;2;0;0;0;0;0;0;0;3;0;0;0;0
"07/06/2025";"12:52:57";"39";"Sem vítima";"144,530";"BR-476/PR";"Decrescente";"Colisão transversal";1;0;0;1;0;0;0;0;0;0;2;0;0;0;0
"07/06/2025";"13:57:23";"41";"Sem vítima";"114,000";"BR-277/PR";"Crescente";"Colisão traseira";1;0;0;0;0;0;0;0;0;1;2;0;0;0;0
"07/06/2025";"18:06:13";"48";"Sem vítima";"1,000";"Acesso BR";"Crescente";"Queda de moto";0;0;0;1;0;0;0;0;0;0;0;0;0;0;0
"07/06/2025";"21:17:41";"58";"Sem vítima";"1,000";"418/PR";"Decrescente";"Capotamento";1;0;0;0;0;0;0;0;0;0;1;0;0;0;0
"07/06/2025";"22:44:04";"64";"Sem vítima";"7,000";"418/PR";"Crescente";"Tombamento";0;0;1;0;0;0;0;0;0;0;1;0;0;0;0
"08/06/2025";"01:26:33";"4";"Sem vítima";"159,000";"BR-476/PR";"Decrescente";"Saída de pista";1;0;0;0;0;0;0;0;0;0;1;0;0;0;0
"08/06/2025";"04:18:18";"6";"Sem vítima";"1,000";"Acesso BR";"Crescente";"Saída de pista";1;0;0;0;0;0;0;0;0;0;1;0;0;0;0
"08/06/2025";"05:39:50";"10";"Sem vítima";"1,000";"418/PR";"Crescente";"Saída de pista";1;0;0;0;0;0;0;0;0;0;4;0;0;0;0
"08/06/2025";"06:35:18";"13";"Com vítima";"596,000";"BR-376/PR";"Decrescente";"Colisão lateral no mesmo sentido";2;0;0;0;0;0;0;0;0;0;4;0;1;0;0
"08/06/2025";"08:10:24";"14";"Sem vítima";"5,000";"Acesso BR";"Crescente";"Saída de pista";1;0;0;0;0;0;0;0;0;0;0;0;0;0;0
"08/06/2025";"13:11:53";"25";"Com vítima";"187,000";"BR-277/PR";"Decrescente";"Acidentes de outra natureza";1;0;1;0;0;0;0;0;0;0;1;1;0;0;0
"08/06/2025";"15:01:17";"28";"Com vítima";"4,000";"418/PR";"Crescente";"Queda de moto";0;0;0;1;0;0;0;0;0;0;1;1;0;0;0
"08/06/2025";"20:05:17";"47";"Sem vítima";"1,200";"418/PR";"Crescente";"Saída de pista";1;0;0;0;0;0;0;0;0;0;1;0;0;0;0
"08/06/2025";"23:46:51";"54";"Sem vítima";"114,000";"BR-277/PR";"Decrescente";"Saída de pista";1;0;0;0;0;0;0;0;0;0;1;0;0;0;0
"09/06/2025";"06:36:19";"42";"Sem vítima";"117,900";"BR-277/PR";"Crescente";"Saída de pista";1;0;0;0;0;0;0;0;0;0;1;0;0;0;0
"09/06/2025";"06:55:02";"45";"Com vítima";"152,000";"BR-476/PR";"Decrescente";"Colisão lateral no mesmo sentido";1;0;0;1;0;0;0;0;0;0;1;1;0;0;0
"09/06/2025";"08:16:01";"54";"Sem vítima";"119,000";"BR-277/PR";"Crescente";"Engavetamento";3;0;0;0;0;0;0;0;0;1;4;0;0;0;0
"09/06/2025";"12:26:43";"83";"Sem vítima";"235,000";"BR-373/PR";"Decrescente";"Saída de pista";1;0;0;0;0;0;0;0;0;0;0;0;0;0;0
"09/06/2025";"13:08:19";"85";"Sem vítima";"182,000";"BR-277/PR";"Decrescente";"Saída de pista";1;0;0;0;0;0;0;0;0;0;5;0;0;0;0
"09/06/2025";"13:28:10";"87";"Sem vítima";"169,500";"BR-277/PR";"Crescente";"Saída de pista";0;0;1;0;0;0;0;0;0;0;1;0;0;0;0
"09/06/2025";"16:05:10";"97";"Sem vítima";"205,050";"BR-277/PR";"Decrescente";"Colisão lateral no mesmo sentido";0;0;2;0;0;0;0;0;0;0;2;0;0;0;0
"09/06/2025";"18:30:35";"108";"Com vítima";"241,610";"BR-373/PR";"Crescente";"Colisão traseira";0;0;0;1;0;0;0;0;0;0;0;0;0;1;0
"09/06/2025";"18:57:38";"109";"Sem vítima";"149,500";"BR-476/PR";"Decrescente";"Colisão traseira";2;0;1;0;0;0;0;0;0;1;3;0;0;0;0
"10/06/2025";"18:36:20";"100";"Com vítima";"10,000";"423/PR";"Crescente";"Colisão transversal";1;0;0;1;0;0;0;0;0;0;1;1;0;0;0
"11/06/2025";"07:19:42";"38";"Com vítima";"9,400";"423/PR";"Decrescente";"Colisão transversal";1;0;0;1;0;0;0;0;0;0;1;1;0;0;0
"11/06/2025";"20:11:36";"91";"Sem vítima";"195,900";"BR-476/PR";"Crescente";"Colisão transversal";2;0;0;0;0;0;0;0;0;0;2;0;0;0;0
"12/06/2025";"07:09:31";"46";"Com vítima";"158,000";"BR-476/PR";"Crescente";"Colisão lateral no mesmo sentido";0;0;0;2;0;0;0;0;0;0;1;1;0;0;0