data;horario;n_da_ocorrencia;tipo_de_ocorrencia;km;trecho;sentido;tipo_de_acidente;automovel;bicicleta;caminhao;moto;onibus;outros;tracao_animal;transporte_de_cargas_especiais;trator_maquinas;utilitarios;ilesos;levemente_feridos;moderadamente_feridos;gravemente_feridos;mortos
"04/07/2025";"19:10:26";"53";"Sem vítima";"139,500";"BR-277/PR";"Crescente";"Colisão lateral no mesmo sentido";1;0;1;0;0;0;0;0;0;0;2;0;0;0;0
"04/07/2025";"19:58:48";"60";"Sem vítima";"156,520";"BR-476/PR";"Decrescente";"Engavetamento";3;0;0;0;0;0;0;0;0;0;5;0;0;0;0
"05/07/2025";"09:51:44";"32";"Sem vítima";"1,000";"418/PR";"Crescente";"Colisão transversal";1;0;1;0;0;0;0;0;0;0;2;0;0;0;0
"05/07/2025";"13:09:21";"41";"Sem vítima";"6,000";"418/PR";"Crescente";"Colisão traseira";1;0;0;1;0;0;0;0;0;0;2;0;0;0;0
"05/07/2025";"18:40:47";"68";"Sem vítima";"3,000";"418/PR";"Crescente";"Colisão lateral no mesmo sentido";1;0;0;1;0;0;0;0;0;0;2;0;0;0;0
"05/07/2025";"19:09:24";"69";"Sem vítima";"3,800";"418/PR";"Crescente";"Capotamento";1;0;0;0;0;0;0;0;0;0;1;0;0;0;0
"05/07/2025";"21:57:39";"75";"Sem vítima";"9,400";"423/PR";"Crescente";"Colisão lateral no mesmo sentido";2;0;0;0;0;0;0;0;0;0;2;0;0;0;0
"06/07/2025";"05:57:39";"10";"Sem vítima";"133,400";"BR-277/PR";"Decrescente";"Saída de pista";1;0;0;0;0;0;0;0;0;0;1;0;0;0;0
"06/07/2025";"06:49:52";"13";"Sem vítima";"14,200";"423/PR";"Decrescente";"Saída de pista";1;0;0;0;0;0;0;0;0;0;0;0;0;0;0
"06/07/2025";"07:25:09";"14";"Sem vítima";"113,800";"BR-277/PR";"Crescente";"Saída de pista";1;0;0;0;0;0;0;0;0;0;0;0;0;0;0
"06/07/2025";"16:01:14";"45";"Com vítima";"116,170";"BR-277/PR";"Crescente";"Saída de pista";1;0;0;0;0;0;0;0;0;0;0;0;2;0;0
"06/07/2025";"18:21:52";"54";"Sem vítima";"10,000";"423/PR";"Decrescente";"Engavetamento";3;0;0;0;0;0;0;0;0;0;5;0;0;0;0
"06/07/2025";"21:39:20";"72";"Sem vítima";"171,200";"BR-476/PR";"Crescente";"Atropelamento de animal";1;0;0;0;0;0;0;0;0;0;1;0;0;0;0
"06/07/2025";"21:54:48";"73";"Com vítima";"184,000";"BR-277/PR";"Crescente";"Colisão lateral no mesmo sentido";1;0;1;0;0;0;0;0;0;0;1;2;0;0;0
"07/07/2025";"06:57:01";"45";"Sem vítima";"212,620";"BR-277/PR";"Crescente";"Choque";1;0;0;0;0;0;0;0;0;0;3;0;0;0;0
"07/07/2025";"08:00:09";"51";"Com vítima";"595,000";"BR-376/PR";"Decrescente";"Queda de moto";0;0;0;1;0;0;0;0;0;0;1;0;1;0;0
"07/07/2025";"12:08:29";"71";"Sem vítima";"260,400";"BR-373/PR";"Decrescente";"Colisão frontal";1;0;0;0;0;0;0;0;0;0;1;0;0;0;0
"07/07/2025";"18:20:18";"95";"Sem vítima";"246,650";"BR-277/PR";"Decrescente";"Colisão frontal";1;0;0;0;0;0;0;0;0;1;5;0;0;0;0
"07/07/2025";"23:08:59";"117";"Sem vítima";"13,000";"418/PR";"Crescente";"Engavetamento";3;0;0;0;0;0;0;0;0;0;3;0;0;0;0
"08/07/2025";"07:21:04";"124";"Sem vítima";"115,470";"BR-277/PR";"Decrescente";"Colisão traseira";1;0;1;0;0;0;0;0;0;0;2;0;0;0;0
"08/07/2025";"13:22:34";"141";"Sem vítima";"247,900";"BR-277/PR";"Decrescente";"Queda de moto";0;0;0;1;0;0;0;0;0;0;1;0;0;0;0
"08/07/2025";"14:22:50";"146";"Sem vítima";"121,300";"BR-277/PR";"Decrescente";"Saída de pista";1;0;0;0;0;0;0;0;0;0;1;0;0;0;0
"08/07/2025";"16:53:27";"161";"Sem vítima";"134,000";"BR-277/PR";"Decrescente";"Saída de pista";1;0;0;0;0;0;0;0;0;0;2;0;0;0;0
"08/07/2025";"17:54:05";"163";"Com vítima";"602,000";"BR-376/PR";"Crescente";"Colisão lateral no mesmo sentido";1;0;0;1;0;0;0;0;0;0;2;0;1;0;0
"08/07/2025";"18:38:00";"167";"Sem vítima";"124,500";"BR-277/PR";"Decrescente";"Choque";1;0;0;0;0;0;0;0;0;0;1;0;0;0;0
"08/07/2025";"19:22:34";"172";"Sem vítima";"595,000";"BR-376/PR";"Crescente";"Colisão traseira";1;0;0;1;0;0;0;0;0;0;3;0;0;0;0
"08/07/2025";"21:46:29";"183";"Sem vítima";"7,500";"418/PR";"Crescente";"Tombamento";0;0;1;0;0;0;0;0;0;0;1;0;0;0;0
"09/07/2025";"02:02:53";"49";"Sem vítima";"206,100";"BR-277/PR";"Decrescente";"Tombamento";0;0;1;0;0;0;0;0;0;0;1;0;0;0;0
"09/07/2025";"07:11:52";"56";"Sem vítima";"220,000";"BR-373/PR";"Crescente";"Saída de pista";1;0;0;0;0;0;0;0;0;0;1;0;0;0;0
"09/07/2025";"07:20:03";"55";"Sem vítima";"197,700";"BR-476/PR";"Crescente";"Tombamento";0;0;1;0;0;0;0;0;0;0;0;0;0;0;0
"09/07/2025";"08:09:49";"58";"Com vítima";"196,000";"BR-476/PR";"Decrescente";"Colisão lateral no mesmo sentido";3;0;0;0;0;0;0;0;0;0;2;0;1;0;0
"09/07/2025";"12:06:30";"67";"Sem vítima";"213,320";"BR-277/PR";"Crescente";"Saída de pista";0;0;0;1;0;0;0;0;0;0;1;0;0;0;0
"09/07/2025";"14:59:00";"80";"Sem vítima";"601,000";"BR-376/PR";"Crescente";"Colisão traseira";0;0;1;0;0;1;0;0;0;0;1;0;0;0;0
"09/07/2025";"18:29:01";"88";"Com vítima";"296,100";"BR-277/PR";"Crescente";"Tombamento";1;0;1;0;0;0;0;0;0;0;1;0;1;0;0
"09/07/2025";"19:16:44";"89";"Sem vítima";"0,000";"Acesso BR";"Crescente";"Colisão lateral no mesmo sentido";1;0;0;1;0;0;0;0;0;0;2;0;0;0;0
"09/07/2025";"19:41:54";"91";"Com vítima";"604,800";"BR-376/PR";"Crescente";"Colisão traseira";1;0;0;1;0;1;0;0;0;0;1;0;1;0;0
"10/07/2025";"02:59:26";"51";"Sem vítima";"4,500";"Acesso BR";"Crescente";"Capotamento";1;0;0;0;0;0;0;0;0;0;1;0;0;0;0
"10/07/2025";"05:22:01";"55";"Sem vítima";"594,000";"BR-376/PR";"Decrescente";"Colisão traseira";1;0;0;0;1;0;0;0;0;0;2;0;0;0;0
"10/07/2025";"08:32:00";"63";"Sem vítima";"121,500";"BR-277/PR";"Decrescente";"Colisão transversal";2;0;1;0;0;0;0;0;0;0;3;0;0;0;0
"10/07/2025";"09:25:19";"67";"Sem vítima";"5,000";"Acesso BR";"Crescente";"Colisão transversal";3;0;0;0;0;0;0;0;0;0;2;0;0;0;0
"10/07/2025";"09:43:11";"69";"Sem vítima";"132,000";"BR-277/PR";"Crescente";"Colisão traseira";1;0;0;0;0;0;0;0;0;0;0;0;0;0;0
"10/07/2025";"17:52:58";"100";"Sem vítima";"113,470";"BR-277/PR";"Decrescente";"Colisão traseira";2;0;0;0;0;0;0;0;0;0;2;0;0;0;0
"10/07/2025";"22:45:42";"117";"Com vítima";"151,500";"BR-476/PR";"Crescente";"Choque";1;0;0;0;0;0;0;0;0;0;0;0;1;0;0
"10/07/2025";"23:25:45";"119";"Com vítima";"5,100";"418/PR";"Crescente";"Atropelamento de pedestre";0;0;1;0;0;0;0;0;0;0;1;0;0;0;1
"11/07/2025";"10:32:15";"81";"Sem vítima";"601,090";"BR-376/PR";"Decrescente";"Colisão traseira";2;0;0;0;0;0;0;0;0;0;3;0;0;0;0
"11/07/2025";"12:53:02";"94";"Sem vítima";"159,000";"BR-476/PR";"Crescente";"Colisão frontal";2;0;0;0;0;0;0;0;0;0;2;0;0;0;0
"11/07/2025";"17:22:22";"115";"Com vítima";"171,070";"BR-476/PR";"Crescente";"Colisão traseira";2;0;0;0;0;0;0;0;0;0;2;0;0;0;0
"11/07/2025";"20:40:45";"131";"Sem vítima";"183,000";"BR-277/PR";"Crescente";"Queda de moto";0;0;0;1;0;0;0;0;0;0;1;0;0;0;0
"11/07/2025";"21:26:30";"135";"Sem vítima";"13,100";"418/PR";"Crescente";"Engavetamento";2;0;0;0;0;1;0;0;0;0;2;0;0;0;0
"12/07/2025";"04:43:23";"11";"Sem vítima";"10,100";"418/PR";"Decrescente";"Atropelamento de animal";1;0;0;0;0;0;0;0;0;0;2;0;0;0;0
"12/07/2025";"05:50:52";"16";"Com vítima";"107,500";"BR-277/PR";"Crescente";"Saída de pista";0;0;1;0;0;0;0;0;0;0;0;0;1;0;0
"12/07/2025";"05:54:47";"17";"Sem vítima";"21,850";"418/PR";"Crescente";"Capotamento";1;0;0;0;0;0;0;0;0;0;1;0;0;0;0
"12/07/2025";"06:32:33";"20";"Com vítima";"196,000";"BR-277/PR";"Decrescente";"Colisão frontal";1;0;1;0;0;0;0;0;0;0;1;0;0;1;0
"12/07/2025";"07:37:15";"23";"Com vítima";"6,000";"418/PR";"Decrescente";"Colisão traseira";0;0;1;1;0;0;0;0;0;0;1;1;0;0;0
"12/07/2025";"09:43:37";"29";"Sem vítima";"180,900";"BR-476/PR";"Crescente";"Queda de moto";0;0;0;1;0;0;0;0;0;0;0;0;0;0;0
"12/07/2025";"15:17:08";"57";"Sem vítima";"120,000";"BR-277/PR";"Crescente";"Colisão lateral no mesmo sentido";0;0;1;0;0;0;0;0;0;1;1;0;0;0;0
"12/07/2025";"15:44:58";"61";"Sem vítima";"9,400";"423/PR";"Crescente";"Colisão lateral no mesmo sentido";1;0;0;1;0;0;0;0;0;0;2;0;0;0;0
"12/07/2025";"19:08:09";"79";"Sem vítima";"594,404";"BR-376/PR";"Crescente";"Colisão traseira";2;0;0;0;0;0;0;0;0;0;4;0;0;0;0
"13/07/2025";"01:44:45";"7";"Com vítima";"108,750";"BR-277/PR";"Crescente";"Queda de moto";0;0;0;0;0;1;0;0;0;0;0;0;0;0;0
"13/07/2025";"02:03:50";"11";"Sem vítima";"150,300";"BR-476/PR";"Crescente";"Queda de moto";0;0;0;1;0;0;0;0;0;0;1;0;0;0;0
"13/07/2025";"02:42:49";"14";"Sem vítima";"242,640";"BR-373/PR";"Decrescente";"Saída de pista";1;0;0;0;0;0;0;0;0;0;1;0;0;0;0
"13/07/2025";"03:25:16";"16";"Sem vítima";"162,130";"BR-476/PR";"Crescente";"Colisão traseira";1;0;0;0;0;0;0;0;0;1;1;0;0;0;0
"13/07/2025";"04:34:06";"19";"Sem vítima";"145,410";"BR-476/PR";"Decrescente";"Queda de moto";0;0;0;1;0;0;0;0;0;0;1;0;0;0;0
"13/07/2025";"05:34:27";"23";"Sem vítima";"126,367";"BR-277/PR";"Crescente";"Saída de pista";1;0;0;0;0;0;0;0;0;0;1;0;0;0;0
"13/07/2025";"06:49:37";"25";"Com vítima";"216,910";"BR-277/PR";"Decrescente";"Colisão lateral no mesmo sentido";1;0;1;0;0;0;0;0;0;0;1;0;1;0;0
"13/07/2025";"07:08:18";"26";"Com vítima";"243,800";"BR-373/PR";"Decrescente";"Saída de pista";1;0;0;0;0;0;0;0;0;0;0;0;1;0;0
"13/07/2025";"15:49:17";"59";"Sem vítima";"116,500";"BR-277/PR";"Decrescente";"Colisão transversal";1;0;1;0;0;0;0;0;0;0;4;0;0;0;0
"13/07/2025";"18:46:19";"71";"Com vítima";"13,000";"418/PR";"Crescente";"Colisão traseira";1;0;0;1;0;0;0;0;0;0;0;0;0;0;1
"13/07/2025";"19:10:15";"73";"Com vítima";"150,000";"BR-277/PR";"Crescente";"Queda de moto";0;0;0;1;0;0;0;0;0;0;0;0;2;0;0
"13/07/2025";"19:25:43";"75";"Sem vítima";"116,000";"BR-277/PR";"Decrescente";"Colisão traseira";1;0;0;0;0;0;0;0;0;0;1;0;0;0;0
"13/07/2025";"22:55:59";"85";"Sem vítima";"175,100";"BR-277/PR";"Decrescente";"Colisão lateral no mesmo sentido";1;0;0;0;0;1;0;0;0;0;5;0;0;0;0
"14/07/2025";"01:35:36";"3";"Com vítima";"216,050";"BR-277/PR";"Decrescente";"Saída de pista";1;0;0;0;0;0;0;0;0;0;0;0;1;0;0
"14/07/2025";"08:06:11";"12";"Com vítima";"160,000";"BR-277/PR";"Decrescente";"Colisão lateral no mesmo sentido";2;0;1;0;0;0;0;0;0;0;5;1;0;0;0
"14/07/2025";"09:04:26";"16";"Sem vítima";"592,800";"BR-376/PR";"Crescente";"Colisão transversal";1;0;0;0;0;0;0;0;0;0;1;0;0;0;0
"14/07/2025";"12:51:46";"35";"Com vítima";"605,000";"BR-376/PR";"Crescente";"Engavetamento";1;0;2;0;0;0;0;0;0;0;2;0;1;0;0
"14/07/2025";"18:16:45";"59";"Com vítima";"594,409";"BR-376/PR";"Decrescente";"Colisão lateral no mesmo sentido";1;0;0;1;0;0;0;0;0;0;1;0;1;0;0
"14/07/2025";"19:41:05";"63";"Sem vítima";"144,000";"BR-476/PR";"Decrescente";"Colisão lateral no mesmo sentido";1;0;1;0;0;0;0;0;0;0;4;0;0;0;0
"14/07/2025";"20:12:02";"66";"Sem vítima";"1,100";"418/PR";"Decrescente";"Tombamento";0;0;1;0;0;0;0;0;0;0;1;0;0;0;0
"15/07/2025";"08:48:00";"17";"Sem vítima";"269,160";"BR-373/PR";"Crescente";"Saída de pista";1;0;0;0;0;0;0;0;0;0;1;0;0;0;0
"15/07/2025";"16:57:34";"53";"Com vítima";"18,250";"418/PR";"Crescente";"Atropelamento de pedestre";1;0;0;0;0;0;0;0;0;0;1;0;0;1;0
"15/07/2025";"20:06:08";"63";"Sem vítima";"7,100";"418/PR";"Decrescente";"Tombamento";0;0;1;0;0;0;0;0;0;0;1;0;0;0;0
"16/07/2025";"00:53:20";"1";"Sem vítima";"229,830";"BR-373/PR";"Crescente";"Saída de pista";1;0;0;0;0;0;0;0;0;0;0;0;0;0;0
"16/07/2025";"06:21:44";"9";"Com vítima";"185,020";"BR-373/PR";"Crescente";"Saída de pista";0;0;1;0;0;0;0;0;0;0;0;1;0;0;0
"16/07/2025";"06:30:54";"10";"Com vítima";"152,000";"BR-476/PR";"Crescente";"Colisão traseira";0;0;1;1;0;0;0;0;0;0;1;0;1;0;0
"16/07/2025";"06:55:07";"11";"Com vítima";"119,000";"BR-277/PR";"Decrescente";"Atropelamento de pedestre";0;0;1;0;0;0;0;0;0;0;1;0;1;0;0
"16/07/2025";"09:24:36";"19";"Sem vítima";"17,000";"418/PR";"Decrescente";"Saída de pista";1;0;0;0;0;0;0;0;0;0;1;0;0;0;0
"16/07/2025";"16:12:44";"50";"Sem vítima";"0,100";"Acesso BR";"Crescente";"Colisão traseira";0;0;2;0;0;0;0;0;0;0;2;0;0;0;0
"16/07/2025";"17:32:43";"55";"Sem vítima";"109,000";"BR-277/PR";"Crescente";"Saída de pista";1;0;0;0;0;0;0;0;0;0;1;0;0;0;0
"16/07/2025";"18:57:55";"60";"Com vítima";"34,110";"423/PR";"Decrescente";"Atropelamento de ciclista";0;0;0;0;0;1;0;0;0;0;0;0;0;0;0
"16/07/2025";"22:33:14";"80";"Sem vítima";"124,000";"BR-277/PR";"Crescente";"Engavetamento";1;0;2;0;0;0;0;0;0;0;3;0;0;0;0
"17/07/2025";"06:37:51";"10";"Sem vítima";"143,800";"BR-277/PR";"Decrescente";"Colisão traseira";0;0;1;0;0;0;0;0;0;1;1;0;0;0;0
"17/07/2025";"10:18:47";"26";"Sem vítima";"109,000";"BR-277/PR";"Crescente";"Colisão traseira";0;0;0;2;0;0;0;0;0;0;2;0;0;0;0
"17/07/2025";"13:03:25";"35";"Sem vítima";"230,000";"BR-277/PR";"Decrescente";"Colisão transversal";1;0;1;0;0;0;0;0;0;0;2;0;0;0;0
"17/07/2025";"14:00:39";"40";"Sem vítima";"216,050";"BR-373/PR";"Crescente";"Colisão traseira";1;0;1;0;0;0;0;0;0;0;2;0;0;0;0
"17/07/2025";"15:46:26";"52";"Sem vítima";"10,300";"418/PR";"Crescente";"Colisão lateral no mesmo sentido";0;0;0;1;0;0;0;0;0;0;1;0;0;0;0
"17/07/2025";"21:32:10";"77";"Sem vítima";"199,400";"BR-373/PR";"Decrescente";"Colisão traseira";1;0;0;0;0;1;0;0;0;0;3;0;0;0;0
"17/07/2025";"21:38:47";"78";"Sem vítima";"36,050";"423/PR";"Decrescente";"Saída de pista";1;0;0;0;0;0;0;0;0;0;1;0;0;0;0
"17/07/2025";"22:29:11";"81";"Com vítima";"35,100";"423/PR";"Decrescente";"Queda de moto";1;0;0;1;0;0;0;0;0;0;1;0;1;0;0
"18/07/2025";"02:05:24";"46";"Sem vítima";"234,270";"BR-277/PR";"Decrescente";"Colisão lateral no mesmo sentido";0;0;1;0;0;0;0;0;0;1;1;0;0;0;0
"18/07/2025";"10:37:39";"74";"Sem vítima";"20,000";"418/PR";"Crescente";"Colisão lateral no mesmo sentido";0;0;0;1;0;0;0;0;0;0;1;0;0;0;0
"18/07/2025";"12:42:58";"83";"Com vítima";"7,000";"418/PR";"Crescente";"Colisão lateral no mesmo sentido";1;0;0;1;0;0;0;0;0;0;1;0;1;0;0
"18/07/2025";"13:17:14";"86";"Sem vítima";"117,900";"BR-277/PR";"Crescente";"Choque";0;0;1;0;0;0;0;0;0;0;1;0;0;0;0
"18/07/2025";"14:34:21";"90";"Sem vítima";"118,000";"BR-277/PR";"Decrescente";"Engavetamento";3;0;0;0;0;0;0;0;0;1;4;0;0;0;0
"18/07/2025";"14:53:02";"92";"Sem vítima";"118,030";"BR-277/PR";"Decrescente";"Colisão traseira";2;0;0;0;0;0;0;0;0;0;2;0;0;0;0
"18/07/2025";"15:24:00";"95";"Sem vítima";"174,000";"BR-277/PR";"Crescente";"Saída de pista";1;0;0;0;0;0;0;0;0;0;2;0;0;0;0
"18/07/2025";"16:31:29";"100";"Sem vítima";"596,000";"BR-376/PR";"Decrescente";"Colisão traseira";2;0;1;0;0;0;0;0;0;0;3;0;0;0;0
"18/07/2025";"18:37:52";"109";"Sem vítima";"119,500";"BR-277/PR";"Decrescente";"Saída de pista";0;0;1;0;0;0;0;0;0;0;2;0;0;0;0
"18/07/2025";"19:10:20";"110";"Com vítima";"197,000";"BR-476/PR";"Decrescente";"Atropelamento de pedestre";1;0;0;0;0;0;0;0;0;0;1;0;0;0;1
"18/07/2025";"21:10:39";"119";"Com vítima";"7,100";"418/PR";"Decrescente";"Queda de moto";0;0;0;1;0;0;0;0;0;0;0;0;1;0;0
"18/07/2025";"22:57:46";"125";"Sem vítima";"147,900";"BR-476/PR";"Crescente";"Capotamento";1;0;0;0;0;0;0;0;0;0;1;0;0;0;0
"19/07/2025";"01:15:19";"12";"Sem vítima";"2,050";"Acesso BR";"Decrescente";"Colisão traseira";1;0;0;0;0;1;0;0;0;0;4;0;0;0;0
"19/07/2025";"07:35:14";"33";"Com vítima";"217,300";"BR-277/PR";"Decrescente";"Colisão traseira";1;0;1;0;0;0;0;0;0;0;10;3;0;0;0
"19/07/2025";"12:20:14";"57";"Com vítima";"17,900";"423/PR";"Crescente";"Queda de moto";0;0;0;1;0;0;0;0;0;0;0;1;0;0;0
"19/07/2025";"12:44:54";"60";"Com vítima";"249,800";"BR-277/PR";"Decrescente";"Colisão lateral no mesmo sentido";0;0;1;1;0;0;0;0;0;0;1;0;0;0;1
"19/07/2025";"14:43:46";"68";"Sem vítima";"159,000";"BR-476/PR";"Decrescente";"Colisão traseira";2;0;0;0;0;0;0;0;0;0;0;0;0;0;0
"19/07/2025";"15:59:20";"80";"Com vítima";"108,000";"BR-277/PR";"Crescente";"Saída de pista";0;0;1;0;0;0;0;0;0;0;1;0;1;0;0
"20/07/2025";"01:22:51";"3";"Sem vítima";"113,470";"BR-277/PR";"Decrescente";"Tombamento";0;0;1;0;0;0;0;0;0;0;1;0;0;0;0
"20/07/2025";"03:21:04";"7";"Sem vítima";"605,520";"BR-376/PR";"Crescente";"Saída de pista";1;0;0;0;0;0;0;0;0;0;1;0;0;0;0
"20/07/2025";"08:05:10";"14";"Com vítima";"196,100";"BR-476/PR";"Crescente";"Colisão transversal";2;0;0;0;0;0;0;0;0;0;4;1;0;0;0
"20/07/2025";"11:37:19";"25";"Sem vítima";"157,000";"BR-476/PR";"Decrescente";"Saída de pista";1;0;0;0;0;0;0;0;0;0;0;0;0;0;0
"20/07/2025";"13:43:28";"34";"Com vítima";"153,250";"BR-277/PR";"Decrescente";"Colisão transversal";1;0;0;1;0;0;0;0;0;0;1;0;0;1;0
"20/07/2025";"17:34:06";"51";"Sem vítima";"141,000";"BR-277/PR";"Decrescente";"Colisão traseira";2;0;0;0;0;0;0;0;0;0;2;0;0;0;0
"20/07/2025";"18:15:32";"54";"Sem vítima";"4,700";"418/PR";"Decrescente";"Choque";1;0;0;0;0;0;0;0;0;0;1;0;0;0;0
"20/07/2025";"19:40:25";"60";"Com vítima";"169,585";"BR-476/PR";"Crescente";"Colisão frontal";1;0;0;0;0;0;0;0;0;1;0;0;1;0;3
"21/07/2025";"08:47:19";"68";"Com vítima";"144,000";"BR-476/PR";"Decrescente";"Queda de moto";2;0;0;1;0;0;0;0;0;1;3;0;1;0;0
"21/07/2025";"11:01:09";"80";"Sem vítima";"230,500";"BR-277/PR";"Decrescente";"Colisão lateral no mesmo sentido";1;0;0;0;0;0;0;0;0;1;2;0;0;0;0
"21/07/2025";"14:21:00";"90";"Sem vítima";"108,000";"BR-277/PR";"Crescente";"Queda de moto";0;0;0;1;0;0;0;0;0;0;1;0;0;0;0
"21/07/2025";"14:27:54";"94";"Com vítima";"114,000";"BR-277/PR";"Crescente";"Colisão frontal";1;0;0;1;0;0;0;0;0;0;1;0;2;0;0
"21/07/2025";"18:31:53";"108";"Sem vítima";"158,000";"BR-476/PR";"Crescente";"Engavetamento";3;0;0;0;0;0;0;0;0;0;6;0;0;0;0
"21/07/2025";"18:55:05";"111";"Sem vítima";"12,000";"423/PR";"Crescente";"Colisão transversal";1;0;1;0;0;0;0;0;0;0;2;0;0;0;0
"22/07/2025";"07:04:09";"56";"Com vítima";"193,000";"BR-476/PR";"Decrescente";"Saída de pista";1;0;0;0;0;0;0;0;0;0;0;0;1;0;0
"22/07/2025";"07:29:56";"61";"Sem vítima";"146,000";"BR-476/PR";"Decrescente";"Saída de pista";1;0;0;0;0;0;0;0;0;0;1;0;0;0;0
"22/07/2025";"07:48:45";"62";"Com vítima";"197,700";"BR-476/PR";"Decrescente";"Tombamento";0;0;1;0;0;0;0;0;0;0;0;0;1;0;0
"22/07/2025";"09:06:52";"72";"Sem vítima";"606,200";"BR-376/PR";"Decrescente";"Engavetamento";1;0;0;0;0;1;0;0;0;0;1;0;0;0;0
"22/07/2025";"11:33:07";"80";"Com vítima";"33,950";"423/PR";"Crescente";"Colisão lateral no mesmo sentido";0;0;1;0;0;0;0;0;0;1;0;0;2;0;0
"22/07/2025";"12:23:56";"82";"Sem vítima";"109,050";"BR-277/PR";"Decrescente";"Colisão transversal";1;0;1;0;0;0;0;0;0;0;2;0;0;0;0
"23/07/2025";"06:59:35";"61";"Com vítima";"602,029";"BR-376/PR";"Decrescente";"Colisão traseira";2;0;0;0;0;0;0;0;0;0;1;2;0;0;0
"23/07/2025";"07:28:15";"64";"Sem vítima";"202,000";"BR-277/PR";"Decrescente";"Colisão lateral no mesmo sentido";1;0;1;0;0;0;0;0;0;0;2;0;0;0;0
"23/07/2025";"11:57:15";"84";"Sem vítima";"142,300";"BR-277/PR";"Crescente";"Colisão traseira";0;0;1;0;0;0;0;0;0;0;1;0;0;0;0
"23/07/2025";"12:11:40";"87";"Com vítima";"115,600";"BR-277/PR";"Decrescente";"Colisão lateral no mesmo sentido";0;0;1;1;0;0;0;0;0;0;1;0;1;0;0
"23/07/2025";"16:13:40";"104";"Sem vítima";"29,718";"423/PR";"Crescente";"Engavetamento";1;0;4;0;0;0;0;0;0;0;4;0;0;0;0
"23/07/2025";"19:49:10";"121";"Com vítima";"112,974";"BR-277/PR";"Decrescente";"Colisão lateral no mesmo sentido";1;0;0;1;0;0;0;0;0;0;1;1;0;0;0
"24/07/2025";"06:36:58";"45";"Sem vítima";"1,000";"418/PR";"Crescente";"Colisão traseira";1;0;0;0;0;0;0;0;0;0;1;0;0;0;0
"24/07/2025";"11:07:47";"69";"Sem vítima";"112,000";"BR-277/PR";"Decrescente";"Colisão traseira";1;0;0;0;0;0;0;0;0;0;1;0;0;0;0
"24/07/2025";"13:04:23";"78";"Com vítima";"213,000";"BR-373/PR";"Decrescente";"Capotamento";1;0;0;0;0;0;0;0;0;0;4;2;0;0;0
"24/07/2025";"17:42:32";"96";"Sem vítima";"36,020";"427/PR";"Crescente";"Saída de pista";0;0;0;0;1;0;0;0;0;0;2;0;0;0;0
"24/07/2025";"17:46:57";"97";"Sem vítima";"178,788";"BR-476/PR";"Crescente";"Saída de pista";1;0;0;0;0;0;0;0;0;0;1;0;0;0;0
"24/07/2025";"18:23:26";"100";"Com vítima";"195,344";"BR-476/PR";"Crescente";"Colisão frontal";1;0;0;1;0;0;0;0;0;0;1;1;0;0;0
"24/07/2025";"20:15:00";"111";"Sem vítima";"597,100";"BR-376/PR";"Decrescente";"Colisão traseira";0;0;2;0;0;0;0;0;0;0;2;0;0;0;0
"24/07/2025";"20:17:18";"112";"Com vítima";"292,100";"BR-277/PR";"Crescente";"Colisão lateral no mesmo sentido";1;0;0;0;1;0;0;0;0;0;13;0;1;1;0
"24/07/2025";"22:23:10";"120";"Com vítima";"35,200";"423/PR";"Decrescente";"Colisão frontal";1;0;0;1;0;0;0;0;0;0;1;1;0;0;0
"24/07/2025";"23:43:05";"123";"Sem vítima";"604,200";"BR-376/PR";"Decrescente";"Capotamento";1;0;0;0;0;0;0;0;0;0;2;0;0;0;0
"25/07/2025";"02:16:46";"41";"Sem vítima";"141,231";"BR-277/PR";"Decrescente";"Colisão traseira";0;0;2;0;0;0;0;0;0;0;3;0;0;0;0
"25/07/2025";"06:54:20";"51";"Com vítima";"603,000";"BR-376/PR";"Crescente";"Desatrelamento";0;0;1;0;0;0;0;0;0;0;1;0;0;0;1
"25/07/2025";"08:19:00";"60";"Sem vítima";"20,000";"418/PR";"Decrescente";"Colisão traseira";0;0;0;1;0;0;0;0;0;0;1;0;0;0;0
"25/07/2025";"10:59:00";"73";"Sem vítima";"245,000";"BR-277/PR";"Decrescente";"Colisão lateral no mesmo sentido";1;0;1;0;0;0;0;0;0;0;2;0;0;0;0
"25/07/2025";"14:40:29";"89";"Sem vítima";"108,000";"BR-277/PR";"Decrescente";"Colisão traseira";1;0;0;0;0;0;0;0;0;0;1;0;0;0;0
"25/07/2025";"14:59:22";"91";"Sem vítima";"122,000";"BR-277/PR";"Decrescente";"Engavetamento";3;0;0;0;0;0;0;0;0;0;4;0;0;0;0