data;horario;n_da_ocorrencia;tipo_de_ocorrencia;km;trecho;sentido;tipo_de_acidente;automovel;bicicleta;caminhao;moto;onibus;outros;tracao_animal;transporte_de_cargas_especiais;trator_maquinas;utilitarios;ilesos;levemente_feridos;moderadamente_feridos;gravemente_feridos;mortos
"21/08/2025";"12:55:18";"74";"Sem vítima";"3,000";"418/PR";"Crescente";"Colisão traseira";1;0;2;0;0;0;0;0;0;1;4;0;0;0;0
"21/08/2025";"21:19:43";"115";"Com vítima";"21,000";"418/PR";"Crescente";"Colisão lateral no mesmo sentido";2;0;0;1;0;0;0;0;0;0;2;0;0;2;0
"21/08/2025";"22:45:24";"124";"Sem vítima";"132,500";"BR-277/PR";"Crescente";"Engavetamento";3;0;0;0;0;0;0;0;0;0;4;0;0;0;0
"22/08/2025";"03:31:02";"39";"Sem vítima";"2,800";"418/PR";"Crescente";"Saída de pista";1;0;0;0;0;0;0;0;0;0;0;0;0;0;0
"22/08/2025";"04:19:51";"41";"Sem vítima";"16,300";"418/PR";"Crescente";"Colisão frontal";2;0;0;0;0;0;0;0;0;0;1;0;0;0;0
"22/08/2025";"06:45:30";"44";"Com vítima";"147,000";"BR-476/PR";"Crescente";"Colisão lateral no mesmo sentido";1;0;0;1;0;0;0;0;0;0;1;1;0;0;0
"22/08/2025";"08:42:40";"57";"Sem vítima";"2,000";"418/PR";"Decrescente";"Colisão lateral no mesmo sentido";0;0;0;1;0;0;0;0;0;1;2;0;0;0;0
"22/08/2025";"11:36:37";"85";"Sem vítima";"19,100";"418/PR";"Crescente";"Colisão traseira";1;0;1;0;0;0;0;0;0;0;2;0;0;0;0
"22/08/2025";"18:43:52";"118";"Sem vítima";"156,200";"BR-476/PR";"Crescente";"Engavetamento";3;0;0;0;0;0;0;0;0;0;4;0;0;0;0
"22/08/2025";"19:29:35";"123";"Com vítima";"601,000";"BR-376/PR";"Crescente";"Colisão lateral no mesmo sentido";1;0;0;1;0;0;0;0;0;0;1;0;1;0;0
"23/08/2025";"00:40:07";"2";"Sem vítima";"158,000";"BR-277/PR";"Decrescente";"Colisão traseira";2;0;0;0;0;0;0;0;0;0;6;0;0;0;0
"23/08/2025";"07:41:37";"11";"Com vítima";"14,655";"423/PR";"Decrescente";"Saída de pista";1;0;0;0;0;0;0;0;0;0;0;1;0;0;0
"23/08/2025";"10:37:25";"22";"Sem vítima";"108,749";"BR-277/PR";"Decrescente";"Choque";1;0;0;0;0;0;0;0;0;0;1;0;0;0;0
"23/08/2025";"15:45:43";"51";"Sem vítima";"598,000";"BR-376/PR";"Crescente";"Choque";1;0;0;0;0;0;0;0;0;0;1;0;0;0;0
"23/08/2025";"16:53:14";"62";"Sem vítima";"129,000";"BR-277/PR";"Crescente";"Engavetamento";1;0;0;0;0;0;0;0;0;0;1;0;0;0;0
"24/08/2025";"02:41:58";"2";"Sem vítima";"116,000";"BR-277/PR";"Decrescente";"Saída de pista";1;0;0;0;0;0;0;0;0;0;2;0;0;0;0
"24/08/2025";"02:57:14";"3";"Sem vítima";"299,500";"BR-277/PR";"Decrescente";"Saída de pista";1;0;0;0;0;0;0;0;0;0;1;0;0;0;0
"24/08/2025";"04:10:02";"4";"Sem vítima";"222,500";"BR-373/PR";"Crescente";"Capotamento";1;0;0;0;0;0;0;0;0;0;1;0;0;0;0
"24/08/2025";"08:28:39";"12";"Sem vítima";"274,000";"BR-277/PR";"Decrescente";"Saída de pista";1;0;0;0;0;0;0;0;0;0;1;0;0;0;0
"24/08/2025";"10:35:26";"19";"Com vítima";"122,000";"BR-277/PR";"Decrescente";"Atropelamento de pedestre";0;0;1;0;0;0;0;0;0;0;0;0;0;1;0
"24/08/2025";"11:06:21";"22";"Com vítima";"204,600";"BR-373/PR";"Decrescente";"Colisão frontal";2;0;0;0;0;0;0;0;0;0;0;0;2;0;1
"24/08/2025";"22:57:00";"61";"Sem vítima";"206,950";"BR-277/PR";"Decrescente";"Colisão traseira";0;0;2;0;0;0;0;0;0;1;4;0;0;0;0
"24/08/2025";"23:32:43";"64";"Com vítima";"14,500";"418/PR";"Crescente";"Colisão frontal";1;0;0;1;0;0;0;0;0;0;1;0;1;0;0
"25/08/2025";"00:32:04";"1";"Sem vítima";"151,000";"BR-476/PR";"Crescente";"Capotamento";1;0;0;0;0;0;0;0;0;0;1;0;0;0;0
"25/08/2025";"08:02:48";"10";"Com vítima";"160,000";"BR-476/PR";"Decrescente";"Colisão lateral no mesmo sentido";1;0;0;1;0;0;0;0;0;0;1;1;0;0;0
"25/08/2025";"11:23:45";"30";"Sem vítima";"223,000";"BR-373/PR";"Crescente";"Saída de pista";0;0;1;0;0;0;0;0;0;0;1;0;0;0;0
"25/08/2025";"12:36:03";"32";"Com vítima";"2,000";"Acesso BR";"Crescente";"Colisão traseira";1;0;0;1;0;0;0;0;0;0;1;1;0;0;0
"25/08/2025";"14:04:16";"36";"Com vítima";"7,000";"418/PR";"Crescente";"Colisão traseira";1;0;0;1;0;0;0;0;0;0;1;1;0;0;0
"25/08/2025";"15:50:57";"40";"Sem vítima";"122,000";"BR-277/PR";"Crescente";"Colisão traseira";0;0;0;1;0;0;0;0;0;0;0;0;0;0;0
"25/08/2025";"16:21:22";"42";"Com vítima";"10,000";"418/PR";"Crescente";"Acidentes de outra natureza";0;0;0;1;0;0;0;0;0;0;0;0;0;1;0
"25/08/2025";"19:08:01";"55";"Com vítima";"193,200";"BR-476/PR";"Decrescente";"Colisão traseira";0;0;2;0;0;0;0;0;0;0;1;0;0;0;1
"26/08/2025";"08:30:57";"43";"Sem vítima";"17,600";"418/PR";"Crescente";"Colisão traseira";1;0;1;0;0;1;0;0;0;0;2;0;0;0;0
"26/08/2025";"11:35:58";"50";"Sem vítima";"238,500";"BR-277/PR";"Decrescente";"Saída de pista";1;0;0;0;0;0;0;0;0;0;3;0;0;0;0
"26/08/2025";"17:26:35";"61";"Com vítima";"112,000";"BR-277/PR";"Crescente";"Colisão lateral no mesmo sentido";1;0;0;1;0;0;0;0;0;0;1;0;1;0;0
"26/08/2025";"21:45:22";"77";"Sem vítima";"114,000";"BR-277/PR";"Crescente";"Saída de pista";1;0;0;0;0;0;0;0;0;0;1;0;0;0;0
"27/08/2025";"10:21:24";"63";"Com vítima";"605,000";"BR-376/PR";"Decrescente";"Colisão traseira";0;0;0;0;0;0;0;0;0;2;1;0;1;0;0
"27/08/2025";"14:58:09";"88";"Sem vítima";"15,100";"423/PR";"Crescente";"Colisão frontal";0;0;2;0;0;0;0;0;0;0;2;0;0;0;0
"27/08/2025";"17:21:12";"97";"Com vítima";"148,000";"BR-476/PR";"Crescente";"Queda de moto";0;0;0;1;0;0;0;0;0;0;0;0;1;0;0
"28/08/2025";"00:15:32";"1";"Com vítima";"115,000";"BR-277/PR";"Decrescente";"Queda de moto";0;0;0;1;0;0;0;0;0;0;0;0;1;0;0
"28/08/2025";"08:31:00";"48";"Sem vítima";"597,000";"BR-376/PR";"Crescente";"Saída de pista";1;0;0;0;0;0;0;0;0;0;0;0;0;0;0
"28/08/2025";"12:24:16";"61";"Com vítima";"600,000";"BR-376/PR";"Crescente";"Colisão traseira";0;0;1;1;0;0;0;0;0;0;0;1;0;0;0
"28/08/2025";"13:57:11";"66";"Sem vítima";"134,400";"BR-277/PR";"Decrescente";"Colisão frontal";1;0;1;0;0;0;0;0;0;0;0;0;0;0;0
"28/08/2025";"16:26:32";"73";"Sem vítima";"208,470";"BR-277/PR";"Decrescente";"Engavetamento";1;0;2;0;0;0;0;0;0;0;3;0;0;0;0
"29/08/2025";"07:09:48";"47";"Sem vítima";"596,000";"BR-376/PR";"Crescente";"Engavetamento";2;0;1;0;1;0;0;0;0;0;0;0;0;0;0
"29/08/2025";"07:30:29";"48";"Sem vítima";"150,000";"BR-476/PR";"Crescente";"Saída de pista";1;0;0;0;0;0;0;0;0;0;0;0;0;0;0
"29/08/2025";"09:33:05";"54";"Sem vítima";"151,000";"BR-476/PR";"Decrescente";"Engavetamento";2;0;0;0;0;0;0;0;0;1;0;0;0;0;0
"29/08/2025";"13:08:31";"67";"Sem vítima";"600,000";"BR-376/PR";"Crescente";"Colisão frontal";1;0;0;1;0;0;0;0;0;0;2;0;0;0;0
"29/08/2025";"16:11:21";"88";"Com vítima";"130,110";"BR-277/PR";"Crescente";"Queda de moto";0;0;0;1;0;1;0;0;0;0;0;1;1;0;0
"29/08/2025";"16:48:23";"91";"Com vítima";"243,300";"BR-373/PR";"Decrescente";"Colisão traseira";2;0;0;1;0;0;0;0;0;0;2;0;0;1;0
"29/08/2025";"18:40:51";"98";"Sem vítima";"113,080";"BR-277/PR";"Crescente";"Colisão traseira";1;0;0;0;0;0;0;0;0;1;2;0;0;0;0
"30/08/2025";"00:04:32";"1";"Sem vítima";"178,900";"BR-277/PR";"Decrescente";"Capotamento";1;0;0;0;0;0;0;0;0;0;2;0;0;0;0
"30/08/2025";"05:30:17";"33";"Com vítima";"227,400";"BR-373/PR";"Crescente";"Queda de moto";0;0;0;0;0;0;0;0;0;0;0;0;0;0;0
"30/08/2025";"05:42:41";"34";"Sem vítima";"120,500";"BR-277/PR";"Decrescente";"Saída de pista";1;0;0;0;0;0;0;0;0;0;2;0;0;0;0
"30/08/2025";"07:50:25";"40";"Sem vítima";"135,300";"BR-277/PR";"Crescente";"Colisão transversal";1;0;1;0;0;0;0;0;0;0;2;0;0;0;0
"31/08/2025";"07:15:36";"9";"Sem vítima";"267,682";"BR-373/PR";"Crescente";"Saída de pista";1;0;0;0;0;0;0;0;0;0;1;0;0;0;0
"31/08/2025";"09:21:55";"15";"Sem vítima";"137,000";"BR-277/PR";"Crescente";"Colisão lateral no mesmo sentido";0;0;1;1;0;0;0;0;0;0;2;0;0;0;0
"31/08/2025";"11:35:46";"22";"Sem vítima";"108,000";"BR-277/PR";"Decrescente";"Colisão traseira";2;0;0;0;0;0;0;0;0;0;2;0;0;0;0
"31/08/2025";"13:42:12";"30";"Sem vítima";"111,000";"BR-277/PR";"Decrescente";"Colisão traseira";1;0;0;1;0;0;0;0;0;0;1;0;0;0;0
"31/08/2025";"19:23:55";"54";"Com vítima";"122,300";"BR-277/PR";"Decrescente";"Atropelamento de pedestre";0;0;0;0;0;1;0;0;0;0;0;0;1;0;0
"01/09/2025";"13:15:43";"68";"Sem vítima";"239,000";"BR-277/PR";"Crescente";"Saída de pista";1;0;0;0;0;0;0;0;0;0;0;0;0;0;0
"01/09/2025";"20:03:07";"89";"Com vítima";"605,500";"BR-376/PR";"Crescente";"Colisão lateral no mesmo sentido";1;0;0;1;0;0;0;0;0;0;1;0;1;0;0
"02/09/2025";"03:22:31";"32";"Sem vítima";"136,360";"BR-277/PR";"Decrescente";"Tombamento";0;0;1;0;0;0;0;0;0;0;1;0;0;0;0
"02/09/2025";"08:22:15";"50";"Sem vítima";"6,900";"418/PR";"Crescente";"Tombamento";0;0;1;0;0;0;0;0;0;0;1;0;0;0;0
"02/09/2025";"13:41:25";"85";"Com vítima";"145,000";"BR-476/PR";"Crescente";"Colisão traseira";1;0;1;0;0;0;0;0;0;0;0;1;0;0;0
"02/09/2025";"14:57:12";"89";"Com vítima";"268,000";"BR-277/PR";"Crescente";"Colisão frontal";0;0;2;0;0;0;0;0;0;0;0;2;0;0;0
"03/09/2025";"01:37:20";"40";"Com vítima";"207,205";"BR-277/PR";"Decrescente";"Capotamento";0;0;0;0;0;0;0;0;0;1;0;1;0;0;0
"03/09/2025";"08:06:55";"52";"Sem vítima";"107,500";"BR-277/PR";"Decrescente";"Colisão lateral no mesmo sentido";1;0;0;1;0;0;0;0;0;0;2;0;0;0;0
"03/09/2025";"17:17:53";"95";"Sem vítima";"593,800";"BR-376/PR";"Decrescente";"Colisão traseira";1;0;0;0;0;0;0;0;0;0;1;0;0;0;0
"03/09/2025";"19:15:09";"104";"Sem vítima";"232,000";"BR-373/PR";"Crescente";"Saída de pista";0;0;1;0;0;0;0;0;0;0;1;0;0;0;0
"03/09/2025";"20:13:54";"111";"Sem vítima";"192,409";"BR-373/PR";"Crescente";"Colisão traseira";2;0;0;0;0;0;0;0;0;0;2;0;0;0;0
"03/09/2025";"23:17:19";"126";"Sem vítima";"252,864";"BR-277/PR";"Crescente";"Colisão traseira";1;0;1;0;0;0;0;0;0;0;2;0;0;0;0
"04/09/2025";"01:30:38";"44";"Sem vítima";"247,000";"BR-277/PR";"Crescente";"Colisão traseira";0;0;2;0;0;0;0;0;0;0;2;0;0;0;0
"04/09/2025";"07:38:35";"57";"Com vítima";"604,000";"BR-376/PR";"Decrescente";"Queda de moto";0;0;0;1;0;0;0;0;0;0;0;1;0;0;0
"04/09/2025";"08:35:55";"63";"Sem vítima";"109,000";"BR-277/PR";"Decrescente";"Colisão traseira";0;0;2;0;0;0;0;0;0;0;2;0;0;0;0
"04/09/2025";"08:58:26";"65";"Sem vítima";"150,000";"BR-476/PR";"Decrescente";"Colisão frontal";2;0;0;0;0;0;0;0;0;0;2;0;0;0;0
"04/09/2025";"16:50:46";"102";"Sem vítima";"598,050";"BR-376/PR";"Crescente";"Colisão lateral no mesmo sentido";1;0;0;0;0;0;0;0;0;0;1;0;0;0;0
"04/09/2025";"17:56:42";"109";"Sem vítima";"108,349";"BR-277/PR";"Decrescente";"Queda de moto";0;0;0;1;0;0;0;0;0;0;1;0;0;0;0
"04/09/2025";"21:02:45";"123";"Com vítima";"6,100";"418/PR";"Decrescente";"Queda de moto";0;0;0;1;0;0;0;0;0;0;0;0;1;0;0
"05/09/2025";"00:31:18";"8";"Com vítima";"606,000";"BR-376/PR";"Crescente";"Atropelamento de pedestre";0;0;0;1;0;0;0;0;0;0;0;0;1;0;0
"05/09/2025";"07:18:25";"43";"Com vítima";"17,000";"418/PR";"Crescente";"Colisão lateral no mesmo sentido";0;0;0;1;0;0;0;0;0;0;1;0;0;1;0
"05/09/2025";"10:34:54";"55";"Sem vítima";"594,000";"BR-376/PR";"Decrescente";"Colisão traseira";0;0;2;0;0;0;0;0;0;0;0;0;0;0;0
"05/09/2025";"11:06:58";"58";"Sem vítima";"140,239";"BR-277/PR";"Decrescente";"Engavetamento";3;0;0;0;0;0;0;0;0;0;0;0;0;0;0
"05/09/2025";"13:20:57";"69";"Sem vítima";"55,000";"427/PR";"Crescente";"Saída de pista";1;0;0;0;0;0;0;0;0;0;1;0;0;0;0
"05/09/2025";"19:50:27";"103";"Sem vítima";"130,000";"BR-277/PR";"Decrescente";"Colisão lateral no mesmo sentido";1;0;1;0;0;0;0;0;0;0;2;0;0;0;0
"05/09/2025";"21:02:51";"106";"Com vítima";"146,000";"BR-476/PR";"Crescente";"Capotamento";1;0;0;0;0;0;0;0;0;0;0;0;1;0;0
"05/09/2025";"23:09:55";"109";"Sem vítima";"32,000";"423/PR";"Decrescente";"Capotamento";1;0;0;0;0;0;0;0;0;0;1;0;0;0;0
"05/09/2025";"23:13:02";"110";"Sem vítima";"603,000";"BR-376/PR";"Decrescente";"Capotamento";1;0;0;0;0;0;0;0;0;0;1;0;0;0;0
"05/09/2025";"23:16:36";"111";"Sem vítima";"111,000";"BR-277/PR";"Crescente";"Colisão traseira";2;0;0;0;0;0;0;0;0;0;3;0;0;0;0
"06/09/2025";"06:27:28";"15";"Sem vítima";"136,000";"BR-277/PR";"Decrescente";"Capotamento";1;0;0;0;0;0;0;0;0;0;0;0;0;0;0
"06/09/2025";"09:23:39";"28";"Com vítima";"173,000";"BR-277/PR";"Decrescente";"Atropelamento de animal";0;0;0;1;0;0;0;0;0;0;0;0;1;0;0
"06/09/2025";"17:44:43";"54";"Sem vítima";"177,625";"BR-277/PR";"Decrescente";"Colisão frontal";1;0;1;0;0;0;0;0;0;0;2;0;0;0;0
"06/09/2025";"18:05:11";"55";"Com vítima";"9,500";"423/PR";"Crescente";"Colisão lateral no mesmo sentido";1;0;0;1;0;0;0;0;0;0;1;2;0;0;0
"06/09/2025";"19:20:33";"60";"Sem vítima";"192,400";"BR-476/PR";"Crescente";"Saída de pista";1;0;0;0;0;0;0;0;0;0;1;0;0;0;0
"06/09/2025";"23:43:01";"68";"Com vítima";"192,400";"BR-476/PR";"Crescente";"Colisão lateral no mesmo sentido";1;0;0;0;0;0;0;0;0;1;1;1;0;0;0
"07/09/2025";"06:08:31";"71";"Com vítima";"236,100";"BR-373/PR";"Crescente";"Colisão frontal";1;0;0;0;0;0;0;0;0;0;1;1;0;0;0
"07/09/2025";"18:53:57";"109";"Com vítima";"33,800";"423/PR";"Decrescente";"Colisão frontal";1;0;0;1;0;0;0;0;0;0;2;0;0;0;1
"07/09/2025";"23:14:01";"122";"Sem vítima";"146,700";"BR-476/PR";"Decrescente";"Choque";2;0;0;0;0;0;0;0;0;0;3;0;0;0;0
"08/09/2025";"10:41:39";"51";"Com vítima";"17,800";"418/PR";"Crescente";"Queda de moto";0;0;0;1;0;0;0;0;0;0;0;0;1;0;0
"08/09/2025";"13:14:05";"60";"Com vítima";"251,400";"BR-373/PR";"Crescente";"Colisão lateral no mesmo sentido";1;0;0;1;0;0;0;0;0;0;1;1;0;0;0
"08/09/2025";"13:43:33";"63";"Com vítima";"156,000";"BR-476/PR";"Crescente";"Colisão frontal";1;0;0;1;0;0;0;0;0;0;1;0;1;0;0
"08/09/2025";"21:22:30";"96";"Sem vítima";"138,000";"BR-277/PR";"Decrescente";"Colisão traseira";1;0;0;0;0;1;0;0;0;0;1;0;0;0;0
"09/09/2025";"07:07:20";"41";"Com vítima";"272,964";"BR-277/PR";"Crescente";"Colisão lateral no mesmo sentido";0;0;2;0;0;0;0;0;0;0;1;1;0;0;0
"09/09/2025";"07:21:35";"43";"Com vítima";"199,000";"BR-277/PR";"Decrescente";"Colisão frontal";1;0;2;0;0;0;0;0;0;0;2;1;0;0;0
"09/09/2025";"07:42:38";"45";"Com vítima";"300,177";"BR-277/PR";"Decrescente";"Colisão frontal";1;0;1;0;0;0;0;0;0;0;1;2;0;0;0
"09/09/2025";"07:50:00";"46";"Sem vítima";"137,000";"BR-277/PR";"Decrescente";"Saída de pista";1;0;0;0;0;0;0;0;0;0;0;0;0;0;0
"09/09/2025";"08:37:11";"49";"Sem vítima";"136,000";"BR-277/PR";"Decrescente";"Saída de pista";1;0;0;0;0;0;0;0;0;0;0;0;0;0;0
"09/09/2025";"08:40:58";"50";"Sem vítima";"598,000";"BR-376/PR";"Decrescente";"Engavetamento";3;0;0;0;0;0;0;0;0;0;0;0;0;0;0
"09/09/2025";"12:35:10";"63";"Sem vítima";"2,000";"Acesso BR";"Crescente";"Colisão lateral no mesmo sentido";2;0;0;0;0;0;0;0;0;0;2;0;0;0;0
"09/09/2025";"14:17:25";"70";"Sem vítima";"108,749";"BR-277/PR";"Crescente";"Acidentes de outra natureza";2;0;0;0;0;0;0;0;0;0;2;0;0;0;0
"09/09/2025";"14:47:16";"71";"Sem vítima";"37,050";"427/PR";"Crescente";"Tombamento";0;0;1;0;0;0;0;0;0;0;1;0;0;0;0
"09/09/2025";"15:56:31";"75";"Com vítima";"29,950";"423/PR";"Crescente";"Colisão transversal";1;0;1;0;0;0;0;0;0;0;1;1;0;0;0
"09/09/2025";"17:25:11";"83";"Sem vítima";"178,900";"BR-476/PR";"Crescente";"Tombamento";0;0;1;0;0;0;0;0;0;0;1;0;0;0;0
"09/09/2025";"17:40:44";"86";"Sem vítima";"18,960";"423/PR";"Decrescente";"Choque";1;0;0;0;0;1;0;0;0;0;1;0;0;0;0
"09/09/2025";"18:13:01";"88";"Com vítima";"153,500";"BR-476/PR";"Decrescente";"Desatrelamento";0;0;0;0;0;1;0;0;0;0;0;0;0;0;0
"10/09/2025";"11:02:11";"186";"Sem vítima";"162,000";"BR-476/PR";"Decrescente";"Capotamento";1;0;0;0;0;0;0;0;0;0;0;0;0;0;0
"10/09/2025";"12:25:29";"193";"Sem vítima";"183,000";"BR-277/PR";"Crescente";"Saída de pista";1;0;0;0;0;0;0;0;0;0;1;0;0;0;0
"10/09/2025";"15:57:46";"218";"Sem vítima";"145,000";"BR-476/PR";"Decrescente";"Tombamento";0;0;1;0;0;0;0;0;0;0;0;0;0;0;0
"10/09/2025";"19:53:48";"237";"Com vítima";"148,290";"BR-277/PR";"Decrescente";"Colisão lateral no mesmo sentido";1;0;1;0;0;0;0;0;0;0;0;2;0;0;0
"11/09/2025";"13:31:25";"94";"Sem vítima";"108,349";"BR-277/PR";"Decrescente";"Colisão traseira";0;0;1;1;0;0;0;0;0;0;2;0;0;0;0
"11/09/2025";"17:40:24";"123";"Com vítima";"265,000";"BR-373/PR";"Decrescente";"Colisão traseira";0;0;0;2;0;0;0;0;0;0;0;0;1;0;0
"11/09/2025";"17:46:47";"124";"Com vítima";"20,000";"418/PR";"Decrescente";"Colisão lateral no mesmo sentido";0;0;0;1;0;1;0;0;0;0;0;0;1;0;0
"12/09/2025";"11:26:46";"82";"Com vítima";"111,000";"BR-277/PR";"Decrescente";"Queda de moto";0;0;0;1;0;0;0;0;0;0;0;1;0;0;0
"12/09/2025";"13:45:03";"98";"Sem vítima";"111,000";"BR-277/PR";"Decrescente";"Engavetamento";3;0;0;0;0;0;0;0;0;0;3;0;0;0;0
"12/09/2025";"16:09:51";"116";"Sem vítima";"135,200";"BR-277/PR";"Decrescente";"Colisão traseira";2;0;0;0;0;0;0;0;0;0;2;0;0;0;0
"12/09/2025";"16:32:41";"118";"Sem vítima";"117,000";"BR-277/PR";"Decrescente";"Colisão transversal";0;0;1;0;1;0;0;0;0;0;2;0;0;0;0
"12/09/2025";"17:04:13";"121";"Sem vítima";"9,600";"418/PR";"Crescente";"Colisão traseira";2;0;0;0;0;0;0;0;0;0;6;0;0;0;0
"12/09/2025";"17:37:11";"123";"Sem vítima";"121,000";"BR-277/PR";"Decrescente";"Engavetamento";3;0;0;0;0;0;0;0;0;0;2;0;0;0;0
"12/09/2025";"20:37:20";"135";"Com vítima";"151,500";"BR-476/PR";"Crescente";"Colisão lateral no mesmo sentido";0;0;0;1;0;1;0;0;0;0;0;0;1;0;0
"12/09/2025";"20:50:49";"137";"Com vítima";"112,000";"BR-277/PR";"Crescente";"Atropelamento de pedestre";0;0;0;0;0;1;0;0;0;0;0;0;1;0;0
"12/09/2025";"20:55:44";"139";"Sem vítima";"129,000";"BR-277/PR";"Crescente";"Capotamento";1;0;0;0;0;0;0;0;0;0;1;0;0;0;0
"12/09/2025";"21:08:07";"140";"Com vítima";"152,311";"BR-476/PR";"Decrescente";"Colisão lateral no mesmo sentido";1;0;0;1;0;0;0;0;0;0;1;0;1;0;0
"13/09/2025";"01:27:08";"9";"Sem vítima";"151,500";"BR-476/PR";"Crescente";"Colisão traseira";1;0;0;0;0;1;0;0;0;0;1;0;0;0;0
"13/09/2025";"04:25:23";"18";"Com vítima";"218,000";"BR-277/PR";"Crescente";"Saída de pista";1;0;0;0;0;0;0;0;0;0;3;0;0;1;0
"13/09/2025";"04:28:45";"19";"Sem vítima";"108,750";"BR-277/PR";"Crescente";"Saída de pista";1;0;0;0;0;0;0;0;0;0;4;0;0;0;0
"13/09/2025";"15:20:32";"51";"Com vítima";"131,000";"BR-277/PR";"Crescente";"Queda de moto";0;0;0;1;0;0;0;0;0;0;0;0;2;0;0
"14/09/2025";"13:10:02";"28";"Com vítima";"600,000";"BR-376/PR";"Crescente";"Atropelamento de pedestre";2;0;0;0;0;0;0;0;0;0;0;0;1;0;0
"14/09/2025";"15:47:02";"43";"Com vítima";"206,050";"BR-277/PR";"Crescente";"Tombamento";0;0;1;0;0;0;0;0;0;0;0;1;0;0;0
"14/09/2025";"15:52:32";"44";"Com vítima";"144,000";"BR-476/PR";"Decrescente";"Choque";0;0;0;1;0;0;0;0;0;0;0;2;0;0;0
"14/09/2025";"17:30:50";"52";"Com vítima";"598,520";"BR-376/PR";"Crescente";"Queda de moto";0;0;0;2;0;0;0;0;0;0;0;0;2;0;0
"14/09/2025";"19:05:51";"59";"Com vítima";"255,137";"BR-373/PR";"Decrescente";"Colisão lateral no mesmo sentido";0;0;1;0;0;0;0;0;0;1;0;1;0;0;1
"14/09/2025";"19:08:43";"58";"Sem vítima";"110,600";"BR-277/PR";"Decrescente";"Colisão traseira";2;0;0;0;0;0;0;0;0;0;2;0;0;0;0
"14/09/2025";"19:17:58";"60";"Com vítima";"232,260";"BR-373/PR";"Decrescente";"Colisão transversal";2;0;0;0;0;0;0;0;0;0;0;2;1;1;0
"14/09/2025";"19:48:39";"61";"Com vítima";"237,650";"BR-277/PR";"Decrescente";"Atropelamento de ciclista";1;1;0;0;0;0;0;0;0;0;0;1;0;0;0
"14/09/2025";"20:09:47";"62";"Com vítima";"256,030";"BR-373/PR";"Crescente";"Queda de moto";0;0;0;1;0;0;0;0;0;0;0;0;0;1;0
"15/09/2025";"08:14:58";"52";"Com vítima";"606,000";"BR-376/PR";"Crescente";"Engavetamento";3;0;0;0;0;0;0;0;0;0;3;1;0;0;0
"15/09/2025";"09:51:54";"62";"Sem vítima";"142,000";"BR-277/PR";"Decrescente";"Saída de pista";1;0;0;0;0;0;0;0;0;0;1;0;0;0;0
"15/09/2025";"10:43:13";"71";"Sem vítima";"147,900";"BR-476/PR";"Crescente";"Colisão transversal";0;0;1;0;0;0;0;0;0;1;2;0;0;0;0
"15/09/2025";"12:05:42";"74";"Sem vítima";"179,000";"BR-476/PR";"Crescente";"Tombamento";0;0;1;0;0;0;0;0;0;0;0;0;0;0;0
"15/09/2025";"15:22:03";"88";"Sem vítima";"20,600";"418/PR";"Crescente";"Colisão lateral no mesmo sentido";1;0;0;1;0;0;0;0;0;0;3;0;0;0;0
"15/09/2025";"15:43:49";"90";"Sem vítima";"36,000";"423/PR";"Crescente";"Colisão transversal";1;0;0;1;0;0;0;0;0;0;2;0;0;0;0
"15/09/2025";"17:39:03";"101";"Sem vítima";"208,500";"BR-373/PR";"Crescente";"Queda de moto";0;0;0;1;0;0;0;0;0;0;2;0;0;0;0
"15/09/2025";"17:57:20";"104";"Sem vítima";"605,500";"BR-376/PR";"Crescente";"Colisão lateral no mesmo sentido";1;0;1;0;0;0;0;0;0;0;2;0;0;0;0
"16/09/2025";"02:54:14";"31";"Sem vítima";"134,010";"BR-277/PR";"Crescente";"Saída de pista";0;0;1;0;0;0;0;0;0;0;1;0;0;0;0
"16/09/2025";"03:20:43";"32";"Com vítima";"603,700";"BR-376/PR";"Decrescente";"Capotamento";1;0;0;0;0;0;0;0;0;0;0;0;1;0;0
"16/09/2025";"04:55:37";"33";"Sem vítima";"605,301";"BR-376/PR";"Decrescente";"Colisão lateral no mesmo sentido";0;0;2;0;0;0;0;0;0;0;2;0;0;0;0
"16/09/2025";"07:35:25";"39";"Sem vítima";"605,400";"BR-376/PR";"Decrescente";"Colisão lateral no mesmo sentido";1;0;0;0;0;0;0;0;0;0;0;0;0;0;0
"16/09/2025";"07:44:36";"41";"Sem vítima";"109,000";"BR-277/PR";"Decrescente";"Atropelamento de pedestre";0;0;0;1;0;0;0;0;0;0;1;0;0;0;0
"16/09/2025";"10:40:23";"63";"Sem vítima";"165,000";"BR-277/PR";"Crescente";"Colisão traseira";2;0;0;0;0;0;0;0;0;0;4;0;0;0;0