data;horario;n_da_ocorrencia;tipo_de_ocorrencia;km;trecho;sentido;tipo_de_acidente;automovel;bicicleta;caminhao;moto;onibus;outros;tracao_animal;transporte_de_cargas_especiais;trator_maquinas;utilitarios;ilesos;levemente_feridos;moderadamente_feridos;gravemente_feridos;mortos
"16/09/2025";"13:08:47";"72";"Com vítima";"162,000";"BR-476/PR";"Crescente";"Queda de moto";0;0;0;1;0;0;0;0;0;0;0;0;2;0;0
"16/09/2025";"18:26:17";"102";"Com vítima";"151,000";"BR-476/PR";"Decrescente";"Colisão lateral no mesmo sentido";1;0;0;1;0;0;0;0;0;0;2;0;1;0;0
"17/09/2025";"01:18:28";"32";"Sem vítima";"108,050";"BR-277/PR";"Decrescente";"Colisão traseira";0;0;1;0;0;0;0;0;0;1;2;0;0;0;0
"17/09/2025";"17:49:41";"92";"Com vítima";"10,000";"423/PR";"Crescente";"Colisão frontal";1;0;0;1;0;0;0;0;0;0;1;1;0;0;0
"17/09/2025";"19:50:33";"105";"Sem vítima";"272,200";"BR-277/PR";"Decrescente";"Saída de pista";0;0;0;0;0;0;0;0;0;1;1;0;0;0;0
"17/09/2025";"22:28:27";"114";"Sem vítima";"14,655";"423/PR";"Decrescente";"Colisão transversal";2;0;0;0;0;0;0;0;0;0;2;0;0;0;0
"17/09/2025";"23:29:47";"118";"Com vítima";"146,500";"BR-476/PR";"Crescente";"Choque";1;0;0;0;0;0;0;0;0;0;0;0;1;0;0
"18/09/2025";"06:41:18";"124";"Sem vítima";"159,000";"BR-476/PR";"Crescente";"Colisão lateral no mesmo sentido";1;0;0;1;0;0;0;0;0;0;2;0;0;0;0
"18/09/2025";"18:36:49";"171";"Com vítima";"151,000";"BR-476/PR";"Crescente";"Colisão lateral no mesmo sentido";0;0;0;1;0;0;0;0;0;1;1;0;1;0;0
"19/09/2025";"03:37:41";"42";"Com vítima";"258,483";"BR-373/PR";"Decrescente";"Colisão frontal";1;0;1;0;0;0;0;0;0;0;0;0;0;1;2
"19/09/2025";"06:45:50";"44";"Sem vítima";"144,000";"BR-476/PR";"Decrescente";"Engavetamento";1;0;0;0;0;1;0;0;0;1;2;0;0;0;0
"19/09/2025";"10:43:51";"65";"Com vítima";"593,000";"BR-376/PR";"Decrescente";"Colisão traseira";1;0;1;0;0;0;0;0;0;0;1;0;1;0;0
"19/09/2025";"12:23:07";"79";"Sem vítima";"593,000";"BR-376/PR";"Decrescente";"Engavetamento";1;0;1;0;0;1;0;0;0;0;2;0;0;0;0
"19/09/2025";"12:25:32";"80";"Sem vítima";"596,000";"BR-376/PR";"Crescente";"Colisão traseira";0;0;2;0;0;0;0;0;0;0;2;0;0;0;0
"19/09/2025";"16:52:11";"99";"Com vítima";"145,000";"BR-476/PR";"Decrescente";"Colisão lateral no mesmo sentido";0;0;0;1;0;0;0;0;0;1;1;0;1;0;0
"19/09/2025";"17:42:26";"102";"Com vítima";"152,000";"BR-476/PR";"Decrescente";"Colisão transversal";1;0;0;1;0;0;0;0;0;0;1;0;1;0;0
"19/09/2025";"18:09:00";"104";"Com vítima";"147,000";"BR-476/PR";"Decrescente";"Colisão lateral no mesmo sentido";2;0;0;0;0;0;0;0;0;0;1;0;1;0;0
"19/09/2025";"19:28:00";"110";"Com vítima";"186,500";"BR-373/PR";"Decrescente";"Saída de pista";1;0;0;0;0;0;0;0;0;0;0;0;1;0;0
"19/09/2025";"19:50:51";"114";"Com vítima";"118,800";"BR-277/PR";"Crescente";"Atropelamento de pedestre";2;0;1;0;0;0;0;0;0;0;1;0;2;0;0
"19/09/2025";"22:20:13";"121";"Com vítima";"7,200";"418/PR";"Crescente";"Colisão traseira";2;0;0;0;0;0;0;0;0;0;1;0;1;0;0
"20/09/2025";"05:46:38";"140";"Sem vítima";"151,000";"BR-277/PR";"Crescente";"Saída de pista";1;0;0;0;0;0;0;0;0;0;3;0;0;0;0
"20/09/2025";"06:40:25";"141";"Com vítima";"7,000";"418/PR";"Crescente";"Colisão traseira";0;0;0;2;0;0;0;0;0;0;1;0;1;0;0
"20/09/2025";"17:36:05";"192";"Sem vítima";"140,000";"BR-277/PR";"Decrescente";"Colisão lateral no mesmo sentido";0;0;1;0;0;0;0;0;0;1;2;0;0;0;0
"21/09/2025";"00:45:29";"1";"Com vítima";"1,000";"418/PR";"Decrescente";"Capotamento";1;0;0;0;0;0;0;0;0;0;1;0;1;0;0
"21/09/2025";"12:47:42";"37";"Sem vítima";"139,000";"BR-277/PR";"Decrescente";"Colisão traseira";2;0;0;0;0;0;0;0;0;0;0;0;0;0;0
"21/09/2025";"14:05:53";"44";"Com vítima";"71,019";"427/PR";"Crescente";"Colisão traseira";2;0;0;0;0;0;0;0;0;0;0;2;0;0;0
"21/09/2025";"14:47:39";"49";"Com vítima";"199,000";"BR-373/PR";"Decrescente";"Saída de pista";1;0;0;0;0;0;0;0;0;0;0;2;0;0;0
"21/09/2025";"16:04:28";"56";"Com vítima";"592,150";"BR-376/PR";"Crescente";"Colisão lateral no mesmo sentido";0;0;0;1;0;0;0;0;0;1;1;1;0;0;0
"21/09/2025";"16:49:43";"61";"Sem vítima";"2,120";"418/PR";"Crescente";"Saída de pista";1;0;0;0;0;0;0;0;0;0;1;0;0;0;0
"21/09/2025";"21:37:44";"76";"Com vítima";"597,801";"BR-376/PR";"Crescente";"Queda de moto";0;0;0;1;0;0;0;0;0;0;0;2;0;0;0
"21/09/2025";"22:00:40";"78";"Com vítima";"280,200";"BR-373/PR";"Crescente";"Colisão frontal";1;0;1;0;0;0;0;0;0;0;1;0;0;1;1
"22/09/2025";"07:45:55";"25";"Sem vítima";"173,000";"BR-277/PR";"Crescente";"Saída de pista";1;0;0;0;0;0;0;0;0;0;1;0;0;0;0
"22/09/2025";"08:31:40";"29";"Sem vítima";"18,000";"418/PR";"Crescente";"Saída de pista";1;0;0;0;0;0;0;0;0;0;1;0;0;0;0
"22/09/2025";"08:53:05";"33";"Sem vítima";"601,300";"BR-376/PR";"Crescente";"Colisão traseira";1;0;0;0;0;0;0;0;0;1;2;0;0;0;0
"22/09/2025";"09:27:48";"37";"Sem vítima";"65,000";"427/PR";"Decrescente";"Saída de pista";1;0;0;0;0;0;0;0;0;0;1;0;0;0;0
"22/09/2025";"11:03:50";"43";"Com vítima";"175,800";"BR-476/PR";"Decrescente";"Saída de pista";1;0;0;0;0;0;0;0;0;0;0;0;1;0;0
"22/09/2025";"11:21:44";"44";"Com vítima";"136,000";"BR-277/PR";"Decrescente";"Colisão traseira";1;0;0;0;0;0;0;0;0;1;3;0;1;0;0
"22/09/2025";"11:34:55";"46";"Sem vítima";"163,000";"BR-476/PR";"Crescente";"Saída de pista";1;0;0;0;0;0;0;0;0;0;1;0;0;0;0
"22/09/2025";"11:39:33";"45";"Sem vítima";"171,000";"BR-277/PR";"Decrescente";"Saída de pista";1;0;0;0;0;0;0;0;0;0;4;0;0;0;0
"22/09/2025";"14:03:00";"55";"Sem vítima";"5,000";"Acesso BR";"Decrescente";"Colisão traseira";1;0;0;0;0;0;0;0;0;0;2;0;0;0;0
"22/09/2025";"15:29:23";"64";"Sem vítima";"197,672";"BR-277/PR";"Crescente";"Capotamento";1;0;0;0;0;0;0;0;0;0;1;0;0;0;0
"22/09/2025";"17:32:26";"71";"Com vítima";"597,150";"BR-376/PR";"Crescente";"Saída de pista";1;0;0;0;0;0;0;0;0;0;0;0;2;0;0
"23/09/2025";"00:17:55";"2";"Com vítima";"17,500";"418/PR";"Decrescente";"Colisão lateral no mesmo sentido";0;0;0;2;0;0;0;0;0;0;0;1;0;1;0
"23/09/2025";"05:22:37";"12";"Sem vítima";"140,000";"BR-277/PR";"Decrescente";"Choque";0;0;1;0;0;0;0;0;0;0;1;0;0;0;0
"23/09/2025";"06:17:30";"14";"Com vítima";"148,000";"BR-476/PR";"Decrescente";"Colisão transversal";1;0;0;1;0;0;0;0;0;0;1;1;0;0;0
"23/09/2025";"06:32:20";"15";"Sem vítima";"149,000";"BR-476/PR";"Decrescente";"Colisão traseira";2;0;0;0;0;0;0;0;0;0;2;0;0;0;0
"23/09/2025";"06:51:05";"16";"Sem vítima";"150,400";"BR-476/PR";"Decrescente";"Engavetamento";5;0;0;0;0;0;0;0;0;0;5;0;0;0;0
"23/09/2025";"07:58:40";"26";"Sem vítima";"15,155";"423/PR";"Crescente";"Saída de pista";1;0;0;0;0;0;0;0;0;0;1;0;0;0;0
"23/09/2025";"08:22:55";"30";"Sem vítima";"110,000";"BR-277/PR";"Decrescente";"Colisão traseira";2;0;0;0;0;0;0;0;0;0;2;0;0;0;0
"23/09/2025";"17:45:39";"91";"Sem vítima";"241,500";"BR-373/PR";"Decrescente";"Saída de pista";1;0;0;0;0;0;0;0;0;0;2;0;0;0;0
"23/09/2025";"19:53:45";"96";"Sem vítima";"117,651";"BR-277/PR";"Crescente";"Colisão traseira";0;0;1;0;0;0;0;0;0;1;5;0;0;0;0
"24/09/2025";"01:10:04";"1";"Sem vítima";"144,000";"BR-277/PR";"Crescente";"Colisão lateral no mesmo sentido";0;0;1;0;0;0;0;0;0;0;1;0;0;0;0
"24/09/2025";"06:36:54";"7";"Sem vítima";"147,100";"BR-277/PR";"Decrescente";"Capotamento";1;0;0;0;0;0;0;0;0;0;1;0;0;0;0
"24/09/2025";"07:40:57";"9";"Com vítima";"144,000";"BR-476/PR";"Decrescente";"Queda de moto";0;0;0;1;0;0;0;0;0;0;1;1;0;0;0
"24/09/2025";"14:56:51";"50";"Com vítima";"135,500";"BR-277/PR";"Decrescente";"Tombamento";0;0;1;0;0;0;0;0;0;0;0;1;0;0;0
"24/09/2025";"17:31:36";"64";"Sem vítima";"13,000";"423/PR";"Crescente";"Colisão frontal";2;0;0;0;0;0;0;0;0;0;2;0;0;0;0
"24/09/2025";"18:30:50";"67";"Sem vítima";"165,500";"BR-277/PR";"Crescente";"Colisão traseira";1;0;1;0;0;0;0;0;0;0;3;0;0;0;0
"24/09/2025";"19:23:57";"70";"Sem vítima";"169,291";"BR-476/PR";"Crescente";"Colisão lateral no mesmo sentido";1;0;0;1;0;0;0;0;0;0;2;0;0;0;0
"24/09/2025";"20:46:04";"75";"Sem vítima";"591,600";"BR-376/PR";"Decrescente";"Colisão traseira";1;0;0;1;0;0;0;0;0;0;2;0;0;0;0
"25/09/2025";"12:52:41";"45";"Sem vítima";"3,000";"418/PR";"Crescente";"Saída de pista";1;0;1;1;0;0;0;0;0;1;4;0;0;0;0
"25/09/2025";"14:43:05";"58";"Sem vítima";"593,000";"BR-376/PR";"Decrescente";"Colisão transversal";1;0;1;0;0;0;0;0;0;0;2;0;0;0;0
"25/09/2025";"23:19:12";"96";"Sem vítima";"198,173";"BR-277/PR";"Crescente";"Tombamento";0;0;1;0;0;0;0;0;0;0;1;0;0;0;0
"26/09/2025";"04:15:26";"8";"Sem vítima";"239,580";"BR-277/PR";"Decrescente";"Colisão transversal";0;0;1;0;0;0;0;0;0;1;1;0;0;0;0
"26/09/2025";"06:50:15";"12";"Com vítima";"152,500";"BR-476/PR";"Decrescente";"Colisão traseira";1;0;0;1;0;0;0;0;0;0;1;1;0;0;0
"26/09/2025";"14:19:16";"54";"Sem vítima";"198,000";"BR-277/PR";"Crescente";"Colisão transversal";4;0;0;0;0;0;0;0;0;0;0;0;0;0;0
"26/09/2025";"18:12:46";"71";"Com vítima";"221,489";"BR-373/PR";"Decrescente";"Queda de moto";0;0;0;1;0;0;0;0;0;0;0;0;1;0;0
"26/09/2025";"18:57:35";"75";"Sem vítima";"12,100";"423/PR";"Decrescente";"Colisão lateral no mesmo sentido";1;0;0;0;0;0;0;0;0;1;2;0;0;0;0
"26/09/2025";"21:13:35";"91";"Sem vítima";"7,100";"418/PR";"Crescente";"Colisão traseira";0;0;0;0;0;0;0;0;0;2;2;0;0;0;0
"27/09/2025";"00:07:55";"1";"Com vítima";"172,808";"BR-277/PR";"Decrescente";"Saída de pista";1;0;0;0;0;0;0;0;0;0;0;1;0;0;0
"27/09/2025";"02:36:37";"10";"Sem vítima";"591,600";"BR-376/PR";"Crescente";"Colisão lateral no mesmo sentido";1;0;0;1;0;0;0;0;0;0;4;0;0;0;0
"27/09/2025";"14:56:26";"54";"Sem vítima";"136,800";"BR-277/PR";"Crescente";"Colisão lateral no mesmo sentido";1;0;1;0;0;0;0;0;0;0;2;0;0;0;0
"27/09/2025";"15:52:01";"55";"Com vítima";"221,500";"BR-277/PR";"Decrescente";"Colisão frontal";2;0;0;0;0;0;0;0;0;0;0;0;4;1;1
"27/09/2025";"17:36:43";"62";"Com vítima";"177,300";"BR-476/PR";"Decrescente";"Colisão lateral no mesmo sentido";1;0;1;0;0;0;0;0;0;0;1;0;0;0;1
"27/09/2025";"22:39:09";"70";"Sem vítima";"269,000";"BR-373/PR";"Crescente";"Colisão frontal";1;0;2;0;0;0;0;0;0;0;3;0;0;0;0
"28/09/2025";"06:57:36";"5";"Com vítima";"603,700";"BR-376/PR";"Decrescente";"Atropelamento de pedestre";0;0;0;0;0;0;0;0;0;0;0;0;0;0;1
"28/09/2025";"18:29:04";"44";"Sem vítima";"115,600";"BR-277/PR";"Decrescente";"Colisão traseira";2;0;0;0;0;0;0;0;0;0;1;0;0;0;0
"28/09/2025";"21:15:30";"53";"Com vítima";"200,000";"BR-277/PR";"Decrescente";"Queda de moto";0;0;0;0;0;1;0;0;0;0;0;0;0;0;0
"29/09/2025";"12:40:24";"118";"Com vítima";"4,000";"Acesso BR";"Decrescente";"Colisão traseira";2;0;0;0;0;0;0;0;0;0;1;1;0;0;0
"29/09/2025";"14:41:15";"128";"Sem vítima";"111,000";"BR-277/PR";"Decrescente";"Colisão traseira";2;0;0;0;0;0;0;0;0;0;2;0;0;0;0
"29/09/2025";"18:24:26";"145";"Com vítima";"605,800";"BR-376/PR";"Crescente";"Colisão lateral no mesmo sentido";1;0;0;1;0;0;0;0;0;0;1;1;0;0;0
"29/09/2025";"18:42:22";"147";"Com vítima";"239,305";"BR-373/PR";"Decrescente";"Colisão traseira";0;0;1;0;0;0;0;0;1;0;0;0;1;0;0
"29/09/2025";"19:20:40";"153";"Com vítima";"606,200";"BR-376/PR";"Crescente";"Capotamento";1;0;0;0;0;0;0;0;0;0;0;1;0;0;0
"29/09/2025";"21:13:16";"159";"Sem vítima";"220,320";"BR-373/PR";"Decrescente";"Colisão lateral no mesmo sentido";1;0;1;0;0;0;0;0;0;0;2;0;0;0;0
"30/09/2025";"05:28:33";"8";"Sem vítima";"146,128";"BR-277/PR";"Crescente";"Tombamento";0;0;1;0;0;0;0;0;0;0;1;0;0;0;0
"30/09/2025";"06:17:32";"9";"Com vítima";"9,500";"423/PR";"Decrescente";"Colisão frontal";1;0;0;1;0;0;0;0;0;0;0;0;1;0;0
"30/09/2025";"07:07:29";"11";"Sem vítima";"139,000";"BR-277/PR";"Decrescente";"Colisão frontal";1;0;1;0;0;0;0;0;0;0;2;0;0;0;0
"30/09/2025";"07:18:17";"12";"Sem vítima";"154,000";"BR-277/PR";"Crescente";"Colisão lateral no mesmo sentido";2;0;0;0;0;0;0;0;0;0;6;0;0;0;0
"30/09/2025";"07:48:54";"14";"Sem vítima";"64,000";"427/PR";"Crescente";"Saída de pista";1;0;0;0;0;0;0;0;0;0;0;0;0;0;0
"30/09/2025";"12:06:32";"40";"Sem vítima";"111,000";"BR-277/PR";"Crescente";"Colisão traseira";0;0;3;0;0;0;0;0;0;0;3;0;0;0;0
"30/09/2025";"12:27:55";"41";"Com vítima";"113,000";"BR-277/PR";"Crescente";"Colisão traseira";1;0;1;0;0;0;0;0;0;0;1;1;0;0;0
"30/09/2025";"14:37:24";"52";"Sem vítima";"117,000";"BR-277/PR";"Crescente";"Colisão traseira";0;0;2;0;0;0;0;0;0;0;0;0;0;0;0
"30/09/2025";"16:07:52";"62";"Sem vítima";"115,120";"BR-277/PR";"Crescente";"Colisão traseira";0;0;2;0;0;0;0;0;0;0;0;0;0;0;0
"30/09/2025";"18:34:15";"74";"Com vítima";"151,311";"BR-476/PR";"Crescente";"Colisão traseira";0;0;0;1;0;1;0;0;0;0;0;1;0;0;0
"01/10/2025";"07:34:41";"34";"Com vítima";"3,000";"418/PR";"Crescente";"Queda de moto";1;0;0;2;0;0;0;0;0;0;3;0;1;0;0
"01/10/2025";"07:46:25";"35";"Com vítima";"598,800";"BR-376/PR";"Decrescente";"Colisão traseira";0;0;0;1;0;0;0;0;0;1;1;0;1;0;0
"01/10/2025";"10:00:19";"50";"Sem vítima";"129,000";"BR-277/PR";"Crescente";"Colisão lateral no mesmo sentido";0;0;2;0;0;0;0;0;0;0;2;0;0;0;0
"01/10/2025";"19:11:04";"84";"Com vítima";"115,000";"BR-277/PR";"Crescente";"Atropelamento de pedestre";0;0;0;1;0;0;0;0;0;0;1;0;1;0;0
"01/10/2025";"19:25:11";"85";"Sem vítima";"113,500";"BR-277/PR";"Crescente";"Colisão lateral no mesmo sentido";0;0;1;0;0;1;0;0;0;0;1;0;0;0;0
"02/10/2025";"00:12:11";"2";"Sem vítima";"595,000";"BR-376/PR";"Crescente";"Colisão lateral no mesmo sentido";1;0;0;0;0;0;0;0;0;1;2;0;0;0;0
"02/10/2025";"06:50:57";"80";"Sem vítima";"200,050";"BR-277/PR";"Crescente";"Saída de pista";0;0;1;0;0;0;0;0;0;0;1;0;0;0;0
"02/10/2025";"09:37:52";"89";"Com vítima";"22,000";"423/PR";"Crescente";"Colisão traseira";0;0;1;0;0;0;0;0;0;1;1;0;2;0;0
"02/10/2025";"09:41:27";"90";"Sem vítima";"592,000";"BR-376/PR";"Decrescente";"Colisão traseira";0;0;0;1;0;0;0;0;0;1;2;0;0;0;0
"02/10/2025";"14:03:08";"97";"Com vítima";"6,000";"418/PR";"Decrescente";"Tombamento";1;0;1;0;0;0;0;0;0;1;0;0;2;0;1
"02/10/2025";"14:08:58";"98";"Com vítima";"54,000";"427/PR";"Crescente";"Colisão frontal";2;0;0;0;0;0;0;0;0;0;0;0;2;0;1
"02/10/2025";"17:52:23";"118";"Com vítima";"600,000";"BR-376/PR";"Crescente";"Colisão lateral no mesmo sentido";1;0;0;1;0;0;0;0;0;1;2;0;1;0;0
"02/10/2025";"20:42:25";"125";"Sem vítima";"2,000";"418/PR";"Decrescente";"Colisão traseira";0;0;0;1;0;0;0;0;0;0;1;0;0;0;0
"02/10/2025";"22:17:10";"128";"Com vítima";"598,800";"BR-376/PR";"Decrescente";"Colisão lateral no mesmo sentido";0;0;0;1;0;0;0;0;0;0;0;0;2;0;0
"03/10/2025";"07:34:11";"95";"Com vítima";"21,000";"418/PR";"Crescente";"Colisão frontal";1;0;0;1;0;0;0;0;0;0;1;0;1;0;0
"03/10/2025";"10:25:52";"109";"Sem vítima";"173,000";"BR-277/PR";"Decrescente";"Saída de pista";1;0;0;0;0;0;0;0;0;0;0;0;0;0;0
"03/10/2025";"11:08:04";"111";"Sem vítima";"603,000";"BR-376/PR";"Crescente";"Colisão transversal";2;0;0;0;0;0;0;0;0;0;0;0;0;0;0
"03/10/2025";"11:22:16";"113";"Sem vítima";"117,000";"BR-277/PR";"Crescente";"Colisão transversal";1;0;0;0;0;0;0;0;0;0;0;0;0;0;0
"03/10/2025";"12:29:49";"114";"Sem vítima";"202,000";"BR-373/PR";"Decrescente";"Saída de pista";0;0;2;0;0;0;0;0;0;0;0;0;0;0;0
"03/10/2025";"16:59:41";"130";"Sem vítima";"136,000";"BR-277/PR";"Decrescente";"Saída de pista";1;0;0;0;0;0;0;0;0;0;1;0;0;0;0
"03/10/2025";"17:26:24";"131";"Com vítima";"179,000";"BR-277/PR";"Crescente";"Choque";1;0;0;0;0;0;0;0;0;0;0;3;0;0;0
"03/10/2025";"19:26:27";"136";"Com vítima";"234,576";"BR-373/PR";"Crescente";"Tombamento";0;0;1;0;0;0;0;0;0;0;0;0;1;0;0
"04/10/2025";"09:34:03";"31";"Sem vítima";"606,000";"BR-376/PR";"Crescente";"Colisão transversal";2;0;0;0;0;0;0;0;0;0;0;0;0;0;0
"04/10/2025";"10:13:45";"34";"Sem vítima";"122,000";"BR-277/PR";"Decrescente";"Queda de bicicleta";0;1;0;0;0;0;0;0;0;0;0;0;0;0;0
"04/10/2025";"23:58:04";"94";"Sem vítima";"49,000";"427/PR";"Decrescente";"Queda de moto";0;0;0;1;0;0;0;0;0;0;0;0;0;0;0
"05/10/2025";"09:15:58";"26";"Sem vítima";"182,000";"BR-476/PR";"Decrescente";"Tombamento";0;0;1;0;0;0;0;0;0;0;1;0;0;0;0
"05/10/2025";"12:03:38";"41";"Sem vítima";"3,300";"418/PR";"Crescente";"Engavetamento";3;0;0;0;0;0;0;0;0;0;3;0;0;0;0
"05/10/2025";"13:40:23";"46";"Sem vítima";"4,600";"418/PR";"Decrescente";"Colisão lateral no mesmo sentido";2;0;0;0;0;0;0;0;0;0;3;0;0;0;0
"05/10/2025";"14:04:42";"47";"Com vítima";"9,400";"423/PR";"Decrescente";"Colisão lateral no mesmo sentido";0;0;0;1;0;0;0;0;0;0;0;0;0;0;1
"05/10/2025";"15:36:04";"56";"Com vítima";"594,100";"BR-376/PR";"Decrescente";"Choque";0;0;0;1;0;0;0;0;0;0;0;0;0;1;0
"05/10/2025";"18:03:38";"65";"Com vítima";"137,150";"BR-277/PR";"Crescente";"Engavetamento";3;0;0;0;0;0;0;0;0;0;2;0;1;0;0
"05/10/2025";"19:49:51";"75";"Com vítima";"157,120";"BR-476/PR";"Crescente";"Saída de pista";1;0;0;0;0;0;0;0;0;0;0;0;1;0;0
"05/10/2025";"21:20:10";"91";"Sem vítima";"217,000";"BR-277/PR";"Decrescente";"Acidentes de outra natureza";1;0;1;0;0;0;0;0;0;0;3;0;0;0;0
"05/10/2025";"21:36:21";"90";"Sem vítima";"604,100";"BR-376/PR";"Decrescente";"Saída de pista";1;0;0;0;0;0;0;0;0;0;1;0;0;0;0
"06/10/2025";"06:38:29";"29";"Sem vítima";"605,000";"BR-376/PR";"Decrescente";"Colisão traseira";2;0;0;0;0;0;0;0;0;0;2;0;0;0;0
"06/10/2025";"07:53:58";"35";"Com vítima";"146,000";"BR-476/PR";"Decrescente";"Colisão traseira";1;0;0;1;0;0;0;0;0;0;2;1;0;0;0
"06/10/2025";"16:28:10";"82";"Sem vítima";"181,000";"BR-277/PR";"Decrescente";"Saída de pista";1;0;0;0;0;0;0;0;0;0;1;0;0;0;0
"06/10/2025";"16:54:52";"83";"Sem vítima";"219,000";"BR-373/PR";"Crescente";"Queda de moto";0;0;0;1;0;0;0;0;0;0;1;0;0;0;0
"06/10/2025";"19:37:55";"95";"Com vítima";"10,000";"423/PR";"Decrescente";"Colisão lateral no mesmo sentido";2;0;0;0;0;0;0;0;0;0;0;0;1;0;0
"07/10/2025";"06:59:41";"31";"Sem vítima";"135,500";"BR-277/PR";"Decrescente";"Saída de pista";1;0;0;0;0;0;0;0;0;0;1;0;0;0;0
"07/10/2025";"10:47:31";"55";"Sem vítima";"219,000";"BR-373/PR";"Decrescente";"Colisão traseira";0;0;1;0;0;0;0;0;0;0;0;0;0;0;0
"07/10/2025";"16:31:51";"76";"Com vítima";"8,100";"418/PR";"Decrescente";"Colisão lateral no mesmo sentido";0;0;1;1;0;0;0;0;0;0;1;0;0;1;0
"07/10/2025";"17:32:13";"80";"Com vítima";"122,150";"BR-277/PR";"Crescente";"Colisão lateral no mesmo sentido";1;0;0;1;0;0;0;0;0;0;1;1;0;0;0
"07/10/2025";"19:29:43";"87";"Sem vítima";"145,900";"BR-476/PR";"Crescente";"Colisão traseira";1;0;0;0;0;1;0;0;0;0;0;0;0;0;0
"07/10/2025";"19:56:55";"89";"Sem vítima";"600,050";"BR-376/PR";"Decrescente";"Colisão traseira";4;0;1;0;0;1;0;0;0;0;6;0;0;0;0
"07/10/2025";"21:57:01";"95";"Sem vítima";"232,370";"BR-277/PR";"Decrescente";"Colisão lateral no mesmo sentido";1;0;1;0;0;0;0;0;0;0;2;0;0;0;0
"08/10/2025";"15:59:25";"66";"Sem vítima";"143,400";"BR-277/PR";"Decrescente";"Tombamento";1;0;0;0;0;0;0;0;0;0;2;0;0;0;0
"08/10/2025";"21:34:29";"88";"Sem vítima";"12,500";"418/PR";"Crescente";"Saída de pista";1;0;0;0;0;0;0;0;0;0;1;0;0;0;0
"08/10/2025";"22:04:37";"91";"Com vítima";"108,749";"BR-277/PR";"Decrescente";"Colisão traseira";1;0;1;0;0;0;0;0;0;0;2;1;0;0;0
"09/10/2025";"02:14:02";"29";"Com vítima";"0,600";"418/PR";"Crescente";"Choque";1;0;0;0;0;0;0;0;0;0;1;1;0;0;0
"09/10/2025";"05:56:28";"31";"Sem vítima";"209,000";"BR-277/PR";"Crescente";"Saída de pista";0;0;1;0;0;0;0;0;0;0;1;0;0;0;0
"09/10/2025";"06:09:22";"32";"Com vítima";"602,950";"BR-376/PR";"Crescente";"Atropelamento de ciclista";0;0;0;1;0;0;0;0;0;0;1;1;0;0;0
"09/10/2025";"06:26:39";"34";"Sem vítima";"137,000";"BR-277/PR";"Decrescente";"Saída de pista";1;0;0;0;0;0;0;0;0;0;1;0;0;0;0
"09/10/2025";"12:00:43";"55";"Sem vítima";"117,000";"BR-277/PR";"Crescente";"Colisão traseira";2;0;0;0;0;0;0;0;0;0;2;0;0;0;0
"09/10/2025";"12:45:49";"58";"Sem vítima";"112,050";"BR-277/PR";"Crescente";"Colisão traseira";2;0;1;0;0;0;0;0;0;0;3;0;0;0;0
"09/10/2025";"17:15:19";"74";"Sem vítima";"118,000";"BR-277/PR";"Crescente";"Colisão traseira";1;0;1;0;0;0;0;0;0;0;2;0;0;0;0
"09/10/2025";"19:01:50";"77";"Sem vítima";"603,700";"BR-376/PR";"Crescente";"Colisão lateral no mesmo sentido";2;0;0;0;0;0;0;0;0;0;2;0;0;0;0
"10/10/2025";"07:50:10";"42";"Sem vítima";"61,200";"427/PR";"Decrescente";"Saída de pista";0;0;0;0;0;0;0;0;0;1;1;0;0;0;0
"10/10/2025";"07:58:00";"37";"Sem vítima";"162,000";"BR-476/PR";"Decrescente";"Saída de pista";1;0;0;0;0;0;0;0;0;0;1;0;0;0;0
"10/10/2025";"07:58:19";"38";"Sem vítima";"115,000";"BR-277/PR";"Decrescente";"Colisão traseira";1;0;0;0;0;0;0;0;0;1;2;0;0;0;0
"10/10/2025";"10:01:39";"53";"Com vítima";"169,000";"BR-476/PR";"Crescente";"Colisão frontal";1;0;2;0;0;0;0;0;0;0;3;2;2;0;0
"10/10/2025";"15:11:21";"71";"Sem vítima";"303,500";"BR-277/PR";"Crescente";"Colisão traseira";2;0;0;0;0;0;0;0;0;0;10;0;0;0;0
"10/10/2025";"15:30:43";"73";"Sem vítima";"147,950";"BR-476/PR";"Decrescente";"Colisão lateral no mesmo sentido";2;0;0;0;0;0;0;0;0;0;1;0;0;0;0