data;horario;n_da_ocorrencia;tipo_de_ocorrencia;km;trecho;sentido;tipo_de_acidente;automovel;bicicleta;caminhao;moto;onibus;outros;tracao_animal;transporte_de_cargas_especiais;trator_maquinas;utilitarios;ilesos;levemente_feridos;moderadamente_feridos;gravemente_feridos;mortos
"02/11/2025";"15:55:17";"56";"Sem vítima";"175,000";"BR-277/PR";"Decrescente";"Colisão transversal";2;0;0;0;0;0;0;0;0;0;4;0;0;0;0
"02/11/2025";"18:25:22";"70";"Com vítima";"196,700";"BR-277/PR";"Crescente";"Colisão frontal";1;0;1;0;0;0;0;0;0;0;1;0;0;0;1
"02/11/2025";"19:36:38";"77";"Sem vítima";"38,800";"427/PR";"Crescente";"Saída de pista";1;0;0;0;0;0;0;0;0;0;1;0;0;0;0
"03/11/2025";"04:33:18";"8";"Sem vítima";"245,000";"BR-277/PR";"Decrescente";"Saída de pista";0;0;1;0;0;0;0;0;0;0;1;0;0;0;0
"03/11/2025";"06:25:21";"13";"Sem vítima";"8,000";"418/PR";"Crescente";"Colisão traseira";1;0;0;1;0;0;0;0;0;0;2;0;0;0;0
"03/11/2025";"08:23:55";"20";"Sem vítima";"13,000";"423/PR";"Crescente";"Colisão frontal";1;0;1;0;0;0;0;0;0;0;2;0;0;0;0
"03/11/2025";"08:42:25";"23";"Sem vítima";"19,000";"418/PR";"Crescente";"Colisão lateral no mesmo sentido";2;0;0;0;0;0;0;0;0;0;2;0;0;0;0
"03/11/2025";"12:00:25";"50";"Sem vítima";"2,100";"418/PR";"Decrescente";"Tombamento";1;0;0;0;0;0;0;0;0;0;1;0;0;0;0
"03/11/2025";"13:33:58";"55";"Sem vítima";"230,360";"BR-373/PR";"Decrescente";"Saída de pista";1;0;0;0;0;0;0;0;0;0;1;0;0;0;0
"03/11/2025";"15:25:44";"62";"Sem vítima";"258,900";"BR-277/PR";"Decrescente";"Acidentes de outra natureza";1;0;1;0;0;0;0;0;0;0;6;0;0;0;0
"03/11/2025";"17:02:47";"73";"Sem vítima";"591,853";"BR-376/PR";"Decrescente";"Colisão traseira";2;0;0;0;0;0;0;0;0;0;2;0;0;0;0
"03/11/2025";"18:26:04";"80";"Com vítima";"277,000";"BR-373/PR";"Crescente";"Colisão frontal";1;0;0;1;0;0;0;0;0;0;1;0;1;0;1
"03/11/2025";"18:39:08";"82";"Com vítima";"152,000";"BR-476/PR";"Crescente";"Queda de moto";0;0;0;1;0;0;0;0;0;0;0;0;2;0;0
"03/11/2025";"19:13:20";"84";"Com vítima";"601,700";"BR-376/PR";"Decrescente";"Colisão lateral no mesmo sentido";1;0;0;1;0;0;0;0;0;0;1;0;1;0;0
"03/11/2025";"20:13:49";"89";"Sem vítima";"4,500";"418/PR";"Decrescente";"Choque";1;0;0;0;0;0;0;0;0;0;1;0;0;0;0
"04/11/2025";"01:17:22";"3";"Sem vítima";"220,000";"BR-277/PR";"Crescente";"Saída de pista";1;0;0;0;0;0;0;0;0;0;2;0;0;0;0
"04/11/2025";"08:15:34";"12";"Com vítima";"603,000";"BR-376/PR";"Decrescente";"Colisão lateral no mesmo sentido";1;0;0;1;0;0;0;0;0;0;1;1;0;0;0
"04/11/2025";"12:31:14";"38";"Sem vítima";"142,000";"BR-277/PR";"Decrescente";"Saída de pista";1;0;0;0;0;0;0;0;0;0;1;0;0;0;0
"04/11/2025";"12:34:09";"40";"Com vítima";"605,301";"BR-376/PR";"Crescente";"Queda de moto";0;0;0;1;0;0;0;0;0;0;0;1;0;0;0
"04/11/2025";"14:48:45";"50";"Sem vítima";"6,000";"418/PR";"Crescente";"Saída de pista";0;0;1;0;0;0;0;0;0;0;0;0;0;0;0
"04/11/2025";"17:18:48";"67";"Sem vítima";"604,000";"BR-376/PR";"Crescente";"Colisão lateral no mesmo sentido";1;0;0;1;0;0;0;0;0;0;2;0;0;0;0
"04/11/2025";"17:50:31";"72";"Com vítima";"108,010";"BR-277/PR";"Decrescente";"Capotamento";1;0;0;0;0;0;0;0;0;0;0;0;1;0;0
"04/11/2025";"19:50:21";"80";"Com vítima";"604,000";"BR-376/PR";"Crescente";"Colisão lateral no mesmo sentido";1;0;0;1;0;0;0;0;0;0;1;1;0;0;0
"04/11/2025";"21:08:42";"84";"Sem vítima";"179,000";"BR-277/PR";"Crescente";"Capotamento";1;0;0;0;0;0;0;0;0;0;1;0;0;0;0
"05/11/2025";"12:39:38";"74";"Sem vítima";"108,749";"BR-277/PR";"Decrescente";"Colisão traseira";2;0;0;0;0;0;0;0;0;0;2;0;0;0;0
"05/11/2025";"13:20:20";"76";"Sem vítima";"216,000";"BR-277/PR";"Decrescente";"Colisão lateral no mesmo sentido";1;0;0;1;0;0;0;0;0;0;2;0;0;0;0
"05/11/2025";"14:25:46";"80";"Sem vítima";"116,000";"BR-277/PR";"Decrescente";"Saída de pista";1;0;0;0;0;0;0;0;0;0;1;0;0;0;0
"05/11/2025";"16:20:19";"90";"Com vítima";"19,000";"418/PR";"Crescente";"Queda de moto";0;0;0;1;0;0;0;0;0;0;0;1;0;0;0
"05/11/2025";"17:11:30";"98";"Sem vítima";"127,000";"BR-277/PR";"Crescente";"Colisão traseira";1;0;1;0;0;0;0;0;0;0;2;0;0;0;0
"06/11/2025";"02:58:30";"8";"Sem vítima";"246,750";"BR-373/PR";"Decrescente";"Saída de pista";1;0;0;0;0;0;0;0;0;0;1;0;0;0;0
"06/11/2025";"07:08:09";"19";"Com vítima";"190,000";"BR-277/PR";"Crescente";"Colisão transversal";2;0;0;0;0;0;0;0;0;0;1;2;0;0;0
"06/11/2025";"07:31:46";"21";"Sem vítima";"256,286";"BR-277/PR";"Crescente";"Colisão lateral no mesmo sentido";0;0;0;2;0;0;0;0;0;0;2;0;0;0;0
"06/11/2025";"09:57:45";"36";"Sem vítima";"125,000";"BR-277/PR";"Crescente";"Colisão traseira";0;0;0;1;0;0;0;0;0;1;2;0;0;0;0
"06/11/2025";"15:04:30";"66";"Sem vítima";"170,000";"BR-476/PR";"Decrescente";"Saída de pista";0;0;0;0;0;0;0;0;0;1;1;0;0;0;0
"06/11/2025";"16:11:58";"77";"Sem vítima";"10,000";"423/PR";"Crescente";"Colisão lateral no mesmo sentido";2;0;0;0;0;0;0;0;0;0;2;0;0;0;0
"06/11/2025";"20:20:26";"100";"Com vítima";"2,500";"Acesso BR";"Decrescente";"Colisão lateral no mesmo sentido";1;0;0;1;0;0;0;0;0;0;1;0;1;0;0
"07/11/2025";"04:41:04";"9";"Com vítima";"181,500";"BR-277/PR";"Decrescente";"Tombamento";0;0;1;0;0;0;0;0;0;0;0;0;1;0;0
"07/11/2025";"05:14:50";"11";"Com vítima";"12,582";"423/PR";"Decrescente";"Colisão traseira";1;0;1;0;0;0;0;0;0;0;1;1;0;0;0
"07/11/2025";"10:18:10";"44";"Sem vítima";"117,000";"BR-277/PR";"Decrescente";"Colisão traseira";1;0;0;1;0;0;0;0;0;0;3;0;0;0;0
"07/11/2025";"10:28:11";"45";"Sem vítima";"114,000";"BR-277/PR";"Crescente";"Colisão traseira";1;0;0;0;0;0;0;0;0;0;2;0;0;0;0
"07/11/2025";"17:17:54";"86";"Com vítima";"250,800";"BR-277/PR";"Decrescente";"Colisão frontal";0;0;2;0;0;0;0;0;0;0;2;0;1;0;0
"07/11/2025";"18:36:29";"88";"Sem vítima";"157,500";"BR-476/PR";"Decrescente";"Saída de pista";0;0;0;0;0;0;0;0;0;1;2;0;0;0;0
"07/11/2025";"19:22:43";"92";"Com vítima";"239,000";"BR-277/PR";"Crescente";"Colisão transversal";1;0;1;0;0;0;0;0;0;0;1;0;1;0;0
"07/11/2025";"21:02:01";"98";"Sem vítima";"168,000";"BR-277/PR";"Decrescente";"Saída de pista";0;0;1;0;0;0;0;0;0;0;1;0;0;0;0
"07/11/2025";"22:37:17";"104";"Sem vítima";"145,227";"BR-277/PR";"Crescente";"Colisão lateral no mesmo sentido";1;0;2;0;0;0;0;0;0;0;4;0;0;0;0
"08/11/2025";"00:34:04";"3";"Com vítima";"214,000";"BR-277/PR";"Decrescente";"Saída de pista";0;0;1;0;0;0;0;0;0;0;0;0;1;0;0
"08/11/2025";"04:18:13";"22";"Com vítima";"154,950";"BR-476/PR";"Decrescente";"Saída de pista";1;0;0;0;0;0;0;0;0;0;0;0;1;0;0
"08/11/2025";"12:49:49";"63";"Com vítima";"108,000";"BR-277/PR";"Decrescente";"Capotamento";1;0;0;0;0;0;0;0;0;0;0;0;1;0;0
"08/11/2025";"17:26:15";"92";"Sem vítima";"4,009";"418/PR";"Crescente";"Colisão traseira";1;0;0;1;0;0;0;0;0;0;2;0;0;0;0
"08/11/2025";"19:36:01";"103";"Com vítima";"205,389";"BR-373/PR";"Decrescente";"Colisão frontal";2;0;0;0;0;0;0;0;0;0;0;0;1;2;1
"09/11/2025";"02:40:51";"14";"Com vítima";"177,200";"BR-476/PR";"Decrescente";"Atropelamento de animal";1;0;0;0;0;0;0;0;0;0;0;1;0;0;0
"09/11/2025";"04:28:31";"19";"Sem vítima";"121,010";"BR-277/PR";"Decrescente";"Colisão transversal";2;0;0;0;0;0;0;0;0;0;2;0;0;0;0
"09/11/2025";"11:40:23";"55";"Sem vítima";"136,000";"BR-277/PR";"Decrescente";"Queda de moto";0;0;0;1;0;0;0;0;0;0;0;0;0;0;0
"09/11/2025";"15:18:49";"67";"Sem vítima";"70,600";"427/PR";"Decrescente";"Tombamento";0;0;1;0;0;0;0;0;0;0;0;0;0;0;0
"09/11/2025";"17:06:50";"78";"Com vítima";"112,471";"BR-277/PR";"Crescente";"Queda de moto";0;0;0;1;0;0;0;0;0;0;0;0;0;1;0
"09/11/2025";"18:27:12";"83";"Sem vítima";"107,500";"BR-277/PR";"Crescente";"Engavetamento";1;0;2;0;0;0;0;0;0;0;3;0;0;0;0
"09/11/2025";"20:01:17";"96";"Com vítima";"1,000";"418/PR";"Crescente";"Colisão transversal";1;0;0;0;0;0;0;0;0;1;3;1;0;0;0
"09/11/2025";"21:48:22";"103";"Com vítima";"18,700";"418/PR";"Crescente";"Queda de moto";0;0;0;1;0;0;0;0;0;0;0;0;1;0;0
"10/11/2025";"02:17:54";"51";"Sem vítima";"13,000";"418/PR";"Crescente";"Capotamento";1;0;0;0;0;0;0;0;0;0;1;0;0;0;0
"10/11/2025";"09:07:50";"19";"Com vítima";"603,000";"BR-376/PR";"Decrescente";"Capotamento";0;0;1;0;0;0;0;0;0;0;0;1;0;0;0
"10/11/2025";"11:06:40";"20";"Sem vítima";"604,000";"BR-376/PR";"Crescente";"Colisão traseira";1;0;0;0;0;0;0;0;0;0;1;0;0;0;0
"10/11/2025";"12:27:00";"28";"Sem vítima";"2,800";"418/PR";"Crescente";"Colisão traseira";0;0;2;0;0;0;0;0;0;0;2;0;0;0;0
"10/11/2025";"15:54:49";"44";"Sem vítima";"187,900";"BR-476/PR";"Decrescente";"Colisão traseira";0;0;2;0;0;0;0;0;0;0;3;0;0;0;0
"10/11/2025";"16:36:20";"56";"Com vítima";"199,800";"BR-277/PR";"Decrescente";"Colisão frontal";1;0;1;0;0;0;0;0;0;1;1;0;3;0;0
"10/11/2025";"16:44:51";"58";"Sem vítima";"30,000";"423/PR";"Crescente";"Saída de pista";1;0;0;0;0;0;0;0;0;0;1;0;0;0;0
"10/11/2025";"20:01:54";"73";"Com vítima";"1,400";"Acesso BR";"Crescente";"Colisão lateral no mesmo sentido";1;0;0;1;0;0;0;0;0;0;1;0;1;0;0
"10/11/2025";"20:19:14";"76";"Sem vítima";"287,000";"BR-277/PR";"Crescente";"Saída de pista";1;0;0;0;0;0;0;0;0;0;1;0;0;0;0
"10/11/2025";"22:51:23";"86";"Sem vítima";"284,400";"BR-277/PR";"Decrescente";"Tombamento";0;0;1;0;0;0;0;0;0;0;1;0;0;0;0
"11/11/2025";"06:47:09";"56";"Com vítima";"163,000";"BR-476/PR";"Crescente";"Colisão lateral no mesmo sentido";2;0;0;0;0;0;0;0;0;0;0;2;0;0;0
"11/11/2025";"16:28:43";"113";"Com vítima";"592,000";"BR-376/PR";"Decrescente";"Colisão transversal";0;0;1;1;0;0;0;0;0;0;2;1;0;0;0
"11/11/2025";"18:47:59";"123";"Sem vítima";"604,100";"BR-376/PR";"Crescente";"Engavetamento";1;0;2;0;0;0;0;0;0;0;3;0;0;0;0
"12/11/2025";"01:12:18";"36";"Com vítima";"188,000";"BR-373/PR";"Decrescente";"Saída de pista";0;0;0;0;0;0;0;0;0;1;0;0;0;1;0
"12/11/2025";"11:51:44";"102";"Sem vítima";"178,000";"BR-277/PR";"Decrescente";"Colisão lateral no mesmo sentido";0;0;2;0;0;0;0;0;0;0;1;0;0;0;0
"12/11/2025";"12:19:18";"105";"Com vítima";"124,000";"BR-277/PR";"Crescente";"Capotamento";1;0;0;0;0;0;0;0;0;0;0;1;1;0;0
"12/11/2025";"14:34:40";"117";"Sem vítima";"240,555";"BR-277/PR";"Decrescente";"Tombamento";0;0;1;0;0;0;0;0;0;0;0;0;0;0;0
"12/11/2025";"16:43:19";"123";"Com vítima";"292,967";"BR-277/PR";"Decrescente";"Tombamento";0;0;1;0;0;0;0;0;0;0;0;2;0;0;0
"12/11/2025";"19:09:46";"133";"Com vítima";"153,720";"BR-476/PR";"Decrescente";"Colisão frontal";0;0;0;1;1;0;0;0;0;0;1;0;0;0;1
"13/11/2025";"16:06:27";"90";"Com vítima";"239,580";"BR-277/PR";"Crescente";"Colisão transversal";1;0;1;0;0;0;0;0;0;0;1;2;3;0;0
"13/11/2025";"18:06:02";"97";"Sem vítima";"12,000";"423/PR";"Crescente";"Choque";1;0;0;0;0;0;0;0;0;0;1;0;0;0;0
"13/11/2025";"23:51:47";"118";"Com vítima";"266,678";"BR-373/PR";"Decrescente";"Colisão frontal";2;0;0;0;0;0;0;0;0;0;1;0;1;0;0
"14/11/2025";"10:13:27";"50";"Sem vítima";"136,800";"BR-277/PR";"Decrescente";"Saída de pista";0;0;1;0;0;0;0;0;0;0;1;0;0;0;0
"14/11/2025";"11:52:31";"65";"Com vítima";"197,000";"BR-277/PR";"Decrescente";"Colisão frontal";3;0;0;0;0;0;0;0;0;0;2;2;0;0;1
"14/11/2025";"13:09:54";"69";"Sem vítima";"135,150";"BR-277/PR";"Decrescente";"Colisão traseira";1;0;1;0;0;0;0;0;0;0;2;0;0;0;0
"14/11/2025";"16:01:37";"81";"Com vítima";"144,000";"BR-476/PR";"Decrescente";"Colisão traseira";1;0;0;1;0;0;0;0;0;0;1;0;1;0;0
"14/11/2025";"18:24:39";"90";"Com vítima";"115,010";"BR-277/PR";"Crescente";"Colisão traseira";1;0;0;1;0;0;0;0;0;0;1;0;1;0;0
"14/11/2025";"19:07:33";"95";"Sem vítima";"603,100";"BR-376/PR";"Decrescente";"Colisão transversal";1;0;1;0;0;0;0;0;0;0;3;0;0;0;0
"14/11/2025";"22:07:23";"115";"Com vítima";"177,000";"BR-277/PR";"Crescente";"Colisão frontal";2;0;0;0;0;0;0;0;0;0;0;0;3;0;0
"15/11/2025";"06:26:02";"20";"Sem vítima";"54,600";"427/PR";"Decrescente";"Saída de pista";1;0;0;0;0;0;0;0;0;0;0;0;0;0;0
"15/11/2025";"09:08:25";"35";"Sem vítima";"154,000";"BR-476/PR";"Decrescente";"Colisão lateral no mesmo sentido";1;0;0;0;0;0;0;0;0;0;1;0;0;0;0
"15/11/2025";"12:51:07";"56";"Sem vítima";"117,000";"BR-277/PR";"Decrescente";"Colisão traseira";2;0;0;0;0;0;0;0;0;0;2;0;0;0;0
"15/11/2025";"14:06:16";"61";"Sem vítima";"119,800";"BR-277/PR";"Crescente";"Colisão lateral no mesmo sentido";0;0;1;0;0;0;0;0;0;1;2;0;0;0;0
"15/11/2025";"20:35:43";"85";"Sem vítima";"144,500";"BR-476/PR";"Crescente";"Colisão traseira";1;0;0;0;0;0;0;0;0;1;5;0;0;0;0
"15/11/2025";"21:40:59";"87";"Sem vítima";"16,800";"418/PR";"Decrescente";"Colisão transversal";1;0;0;0;0;0;0;0;0;1;2;0;0;0;0
"16/11/2025";"07:54:06";"11";"Sem vítima";"236,668";"BR-277/PR";"Crescente";"Saída de pista";1;0;0;0;0;0;0;0;0;0;1;0;0;0;0
"16/11/2025";"11:03:52";"25";"Com vítima";"150,000";"BR-277/PR";"Decrescente";"Saída de pista";0;0;1;0;0;0;0;0;0;0;1;1;0;0;0
"16/11/2025";"16:38:28";"37";"Sem vítima";"108,349";"BR-277/PR";"Decrescente";"Colisão traseira";2;0;0;0;0;0;0;0;0;0;2;0;0;0;0
"16/11/2025";"18:45:49";"44";"Com vítima";"155,682";"BR-277/PR";"Crescente";"Colisão lateral no mesmo sentido";1;0;0;1;0;0;0;0;0;0;1;0;1;0;0
"16/11/2025";"20:06:19";"50";"Com vítima";"223,790";"BR-277/PR";"Decrescente";"Capotamento";0;0;0;0;0;0;0;0;0;1;0;0;1;0;0
"16/11/2025";"21:54:19";"56";"Com vítima";"124,010";"BR-277/PR";"Crescente";"Capotamento";1;0;0;0;0;0;0;0;0;0;1;3;1;0;0
"17/11/2025";"05:56:21";"13";"Com vítima";"247,497";"BR-277/PR";"Decrescente";"Saída de pista";1;0;0;0;0;0;0;0;0;0;0;2;0;0;0
"17/11/2025";"06:42:16";"15";"Sem vítima";"20,000";"423/PR";"Decrescente";"Saída de pista";1;0;0;0;0;0;0;0;0;0;1;0;0;0;0
"17/11/2025";"07:10:04";"17";"Sem vítima";"597,000";"BR-376/PR";"Crescente";"Saída de pista";1;0;0;0;0;0;0;0;0;0;1;0;0;0;0
"17/11/2025";"07:23:25";"18";"Sem vítima";"112,974";"BR-277/PR";"Decrescente";"Saída de pista";0;0;0;0;1;0;0;0;0;1;2;0;0;0;0
"17/11/2025";"07:57:47";"22";"Sem vítima";"239,557";"BR-277/PR";"Decrescente";"Tombamento";1;0;0;0;0;0;0;0;0;0;7;0;0;0;0
"17/11/2025";"10:23:01";"37";"Sem vítima";"602,000";"BR-376/PR";"Crescente";"Saída de pista";1;0;0;0;0;0;0;0;0;0;0;0;0;0;0
"17/11/2025";"13:05:56";"54";"Sem vítima";"66,000";"427/PR";"Crescente";"Tombamento";0;0;1;0;0;0;0;0;0;0;1;0;0;0;0
"17/11/2025";"18:40:00";"78";"Sem vítima";"7,000";"418/PR";"Crescente";"Colisão frontal";2;0;0;0;0;0;0;0;0;0;5;0;0;0;0
"17/11/2025";"20:09:02";"83";"Com vítima";"118,020";"BR-277/PR";"Decrescente";"Colisão lateral no mesmo sentido";1;0;1;0;0;0;0;0;0;0;1;1;0;0;0
"18/11/2025";"04:45:05";"10";"Sem vítima";"117,000";"BR-277/PR";"Decrescente";"Queda de moto";0;0;0;1;0;0;0;0;0;0;0;0;0;0;0
"18/11/2025";"05:25:01";"11";"Sem vítima";"147,950";"BR-277/PR";"Decrescente";"Colisão traseira";0;0;0;0;0;0;0;0;0;2;5;0;0;0;0
"18/11/2025";"06:18:38";"12";"Com vítima";"175,000";"BR-277/PR";"Decrescente";"Colisão lateral no mesmo sentido";1;0;1;0;0;0;0;0;0;0;3;3;1;0;0
"18/11/2025";"09:12:59";"20";"Sem vítima";"37,000";"423/PR";"Decrescente";"Saída de pista";0;0;1;0;0;0;0;0;0;0;1;0;0;0;0
"18/11/2025";"10:13:27";"30";"Sem vítima";"152,000";"BR-476/PR";"Decrescente";"Capotamento";1;0;0;0;0;0;0;0;0;0;1;0;0;0;0
"18/11/2025";"13:30:02";"43";"Sem vítima";"247,722";"BR-373/PR";"Decrescente";"Colisão traseira";0;0;1;0;0;0;0;0;0;0;1;0;0;0;0
"18/11/2025";"16:08:34";"63";"Sem vítima";"157,000";"BR-476/PR";"Decrescente";"Colisão traseira";2;0;0;0;0;0;0;0;0;0;2;0;0;0;0
"18/11/2025";"16:28:05";"66";"Com vítima";"204,000";"BR-277/PR";"Decrescente";"Tombamento";0;0;1;0;0;0;0;0;0;0;1;1;0;0;0
"19/11/2025";"07:32:29";"48";"Sem vítima";"148,000";"BR-476/PR";"Decrescente";"Colisão lateral no mesmo sentido";2;0;0;0;0;0;0;0;0;0;2;0;0;0;0
"19/11/2025";"08:21:45";"55";"Sem vítima";"299,000";"BR-277/PR";"Crescente";"Saída de pista";0;0;1;0;0;0;0;0;0;0;1;0;0;0;0
"19/11/2025";"10:29:35";"64";"Sem vítima";"129,000";"BR-277/PR";"Crescente";"Colisão transversal";2;0;0;0;0;0;0;0;0;0;2;0;0;0;0
"19/11/2025";"14:13:34";"85";"Sem vítima";"145,000";"BR-277/PR";"Decrescente";"Colisão traseira";2;0;0;0;0;0;0;0;0;0;0;0;0;0;0
"19/11/2025";"14:25:25";"86";"Sem vítima";"186,800";"BR-476/PR";"Crescente";"Saída de pista";0;0;1;0;0;0;0;0;0;0;0;0;0;0;0
"19/11/2025";"14:30:35";"87";"Sem vítima";"147,000";"BR-476/PR";"Decrescente";"Colisão traseira";2;0;0;0;0;0;0;0;0;0;2;0;0;0;0
"19/11/2025";"16:55:45";"93";"Sem vítima";"118,844";"BR-277/PR";"Crescente";"Colisão traseira";2;0;0;0;0;0;0;0;0;0;2;0;0;0;0
"19/11/2025";"17:32:03";"98";"Com vítima";"113,000";"BR-277/PR";"Decrescente";"Colisão transversal";2;0;0;0;0;0;0;0;0;0;1;0;1;0;0
"19/11/2025";"19:01:52";"103";"Com vítima";"18,500";"418/PR";"Decrescente";"Colisão lateral no mesmo sentido";1;0;0;1;0;0;0;0;0;0;1;0;1;0;0
"19/11/2025";"20:13:36";"109";"Com vítima";"601,000";"BR-376/PR";"Crescente";"Colisão lateral no mesmo sentido";0;0;0;1;0;0;0;0;0;0;0;0;1;0;0
"20/11/2025";"02:08:44";"11";"Com vítima";"604,000";"BR-376/PR";"Decrescente";"Capotamento";0;0;0;0;0;0;0;0;0;1;0;0;1;0;0
"20/11/2025";"08:03:57";"27";"Com vítima";"225,000";"BR-277/PR";"Decrescente";"Colisão lateral no mesmo sentido";0;0;0;1;0;0;0;0;0;0;0;2;0;0;0
"20/11/2025";"08:22:24";"29";"Com vítima";"11,000";"418/PR";"Crescente";"Colisão lateral no mesmo sentido";0;0;0;1;0;0;0;0;0;0;0;1;0;0;0
"20/11/2025";"10:49:16";"44";"Sem vítima";"108,749";"BR-277/PR";"Crescente";"Engavetamento";4;0;0;0;0;0;0;0;0;0;8;0;0;0;0
"20/11/2025";"15:52:20";"79";"Sem vítima";"133,200";"BR-277/PR";"Decrescente";"Colisão traseira";3;0;0;0;0;0;0;0;0;0;7;0;0;0;0
"20/11/2025";"17:21:44";"89";"Sem vítima";"2,010";"Acesso BR";"Crescente";"Colisão traseira";1;0;0;1;0;0;0;0;0;0;2;0;0;0;0
"20/11/2025";"20:25:24";"98";"Com vítima";"191,822";"BR-476/PR";"Crescente";"Choque";0;0;1;0;0;0;0;0;0;0;0;0;1;0;0
"21/11/2025";"06:19:38";"8";"Com vítima";"12,000";"423/PR";"Crescente";"Colisão frontal";1;0;0;1;0;0;0;0;0;0;1;1;0;0;0
"21/11/2025";"06:45:32";"13";"Sem vítima";"235,618";"BR-373/PR";"Decrescente";"Saída de pista";0;0;1;0;0;0;0;0;0;0;1;0;0;0;0
"21/11/2025";"13:27:23";"48";"Sem vítima";"268,179";"BR-277/PR";"Crescente";"Saída de pista";1;0;0;0;0;0;0;0;0;0;1;0;0;0;0
"21/11/2025";"15:39:40";"59";"Sem vítima";"17,200";"418/PR";"Crescente";"Colisão traseira";2;0;0;0;0;0;0;0;0;0;2;0;0;0;0
"21/11/2025";"16:36:06";"62";"Sem vítima";"121,845";"BR-277/PR";"Decrescente";"Colisão lateral no mesmo sentido";1;0;1;0;0;0;0;0;0;0;3;0;0;0;0
"21/11/2025";"18:32:22";"68";"Sem vítima";"117,155";"BR-277/PR";"Crescente";"Capotamento";1;0;0;0;0;0;0;0;0;0;1;0;0;0;0
"21/11/2025";"22:38:23";"86";"Com vítima";"2,599";"Acesso BR";"Decrescente";"Colisão lateral no mesmo sentido";1;0;0;1;0;0;0;0;0;0;0;1;0;0;0
"22/11/2025";"00:58:52";"2";"Com vítima";"9,400";"423/PR";"Decrescente";"Colisão frontal";1;0;0;1;0;0;0;0;0;0;0;1;0;0;0
"22/11/2025";"03:50:53";"8";"Com vítima";"599,807";"BR-376/PR";"Decrescente";"Queda de moto";0;0;0;1;0;0;0;0;0;0;0;0;1;0;0
"22/11/2025";"17:27:30";"66";"Sem vítima";"17,800";"418/PR";"Crescente";"Colisão frontal";1;0;0;0;0;0;0;0;0;0;1;0;0;0;0
"22/11/2025";"17:59:58";"69";"Sem vítima";"595,000";"BR-376/PR";"Crescente";"Queda de moto";0;0;0;1;0;0;0;0;0;0;1;0;0;0;0
"22/11/2025";"20:12:48";"81";"Com vítima";"13,800";"418/PR";"Crescente";"Colisão frontal";3;0;0;0;0;0;0;0;0;0;2;0;2;0;1
"23/11/2025";"10:19:09";"31";"Sem vítima";"188,900";"BR-277/PR";"Decrescente";"Colisão transversal";2;0;0;0;0;0;0;0;0;0;4;0;0;0;0
"23/11/2025";"10:58:10";"34";"Com vítima";"1,000";"Acesso BR";"Crescente";"Engavetamento";3;0;0;0;0;0;0;0;0;0;2;0;1;1;0
"23/11/2025";"11:41:25";"36";"Com vítima";"117,000";"BR-277/PR";"Crescente";"Colisão traseira";0;0;0;2;0;0;0;0;0;0;2;1;0;1;0
"23/11/2025";"19:54:40";"63";"Sem vítima";"229,000";"BR-277/PR";"Crescente";"Colisão transversal";0;0;0;0;0;0;0;0;0;1;1;0;0;0;0
"23/11/2025";"20:26:01";"65";"Sem vítima";"170,000";"BR-476/PR";"Crescente";"Saída de pista";1;0;0;0;0;0;0;0;0;0;1;0;0;0;0
"24/11/2025";"00:11:08";"1";"Sem vítima";"136,300";"BR-277/PR";"Decrescente";"Choque";1;0;0;0;0;0;0;0;0;0;2;0;0;0;0
"24/11/2025";"06:51:28";"25";"Sem vítima";"146,000";"BR-476/PR";"Decrescente";"Colisão lateral no mesmo sentido";1;0;1;0;0;0;0;0;0;0;2;0;0;0;0
"24/11/2025";"07:35:43";"32";"Com vítima";"6,000";"418/PR";"Crescente";"Colisão traseira";2;0;0;1;0;0;0;0;0;0;3;0;0;0;1
"24/11/2025";"15:06:01";"72";"Sem vítima";"289,967";"BR-277/PR";"Crescente";"Colisão traseira";2;0;0;0;0;0;0;0;0;0;7;0;0;0;0
"24/11/2025";"19:04:18";"98";"Com vítima";"284,437";"BR-277/PR";"Decrescente";"Tombamento";0;0;2;0;0;0;0;0;0;0;0;1;0;0;0
"24/11/2025";"19:16:09";"100";"Sem vítima";"238,600";"BR-277/PR";"Crescente";"Choque";1;0;0;0;0;0;0;0;0;0;2;0;0;0;0
"24/11/2025";"19:23:06";"101";"Sem vítima";"145,450";"BR-277/PR";"Crescente";"Saída de pista";0;0;0;1;0;0;0;0;0;0;1;0;0;0;0
"24/11/2025";"20:10:43";"104";"Sem vítima";"145,500";"BR-277/PR";"Crescente";"Saída de pista";0;0;1;0;0;0;0;0;0;0;1;0;0;0;0