data;horario;n_da_ocorrencia;tipo_de_ocorrencia;km;trecho;sentido;tipo_de_acidente;automovel;bicicleta;caminhao;moto;onibus;outros;tracao_animal;transporte_de_cargas_especiais;trator_maquinas;utilitarios;ilesos;levemente_feridos;moderadamente_feridos;gravemente_feridos;mortos
"25/11/2025";"01:39:54";"1";"Com vítima";"285,641";"BR-277/PR";"Crescente";"Colisão transversal";1;0;1;0;0;0;0;0;0;0;2;0;1;0;0
"25/11/2025";"01:43:54";"2";"Com vítima";"15,155";"423/PR";"Decrescente";"Queda de moto";0;0;0;1;0;0;0;0;0;0;0;0;1;0;0
"25/11/2025";"04:42:28";"22";"Com vítima";"151,000";"BR-277/PR";"Decrescente";"Tombamento";0;0;1;0;0;0;0;0;0;0;0;1;0;0;0
"25/11/2025";"07:10:22";"28";"Sem vítima";"3,990";"Acesso BR";"Decrescente";"Colisão transversal";1;0;0;1;0;0;0;0;0;0;2;0;0;0;0
"25/11/2025";"07:13:22";"29";"Sem vítima";"3,000";"418/PR";"Crescente";"Colisão traseira";2;0;0;0;0;0;0;0;0;0;2;0;0;0;0
"25/11/2025";"08:00:15";"33";"Sem vítima";"15,000";"418/PR";"Crescente";"Colisão lateral no mesmo sentido";2;0;0;0;0;0;0;0;0;0;0;0;0;0;0
"25/11/2025";"16:43:25";"74";"Sem vítima";"113,000";"BR-277/PR";"Decrescente";"Choque";1;0;0;0;0;0;0;0;0;0;0;0;0;0;0
"25/11/2025";"18:18:18";"84";"Sem vítima";"170,650";"BR-476/PR";"Crescente";"Colisão traseira";1;0;0;1;0;0;0;0;0;0;2;0;0;0;0
"26/11/2025";"06:55:53";"24";"Com vítima";"35,000";"423/PR";"Crescente";"Colisão lateral no mesmo sentido";1;0;0;1;0;0;0;0;0;0;1;1;0;0;0
"26/11/2025";"07:10:15";"26";"Com vítima";"604,304";"BR-376/PR";"Crescente";"Colisão traseira";0;0;0;1;0;0;0;0;0;0;0;1;0;0;0
"26/11/2025";"08:45:43";"32";"Sem vítima";"118,000";"BR-277/PR";"Crescente";"Colisão traseira";1;0;0;0;0;0;0;0;0;0;1;0;0;0;0
"26/11/2025";"14:23:35";"57";"Sem vítima";"602,500";"BR-376/PR";"Crescente";"Colisão traseira";1;0;1;0;0;0;0;0;0;0;2;0;0;0;0
"26/11/2025";"17:49:19";"82";"Com vítima";"597,000";"BR-376/PR";"Decrescente";"Colisão traseira";1;0;1;1;0;0;0;0;0;0;2;0;1;0;0
"26/11/2025";"17:49:44";"83";"Com vítima";"146,500";"BR-476/PR";"Decrescente";"Colisão transversal";1;0;0;1;0;0;0;0;0;0;1;0;2;0;0
"26/11/2025";"18:11:52";"84";"Com vítima";"15,000";"423/PR";"Crescente";"Colisão lateral no mesmo sentido";0;0;1;1;0;0;0;0;0;0;1;0;1;0;1
"26/11/2025";"19:54:51";"91";"Sem vítima";"599,000";"BR-376/PR";"Crescente";"Colisão lateral no mesmo sentido";1;0;1;0;0;0;0;0;0;0;3;0;0;0;0
"27/11/2025";"16:11:42";"78";"Sem vítima";"592,540";"BR-376/PR";"Decrescente";"Colisão traseira";0;0;2;0;0;0;0;0;0;0;0;0;0;0;0
"27/11/2025";"17:49:28";"87";"Com vítima";"151,050";"BR-476/PR";"Crescente";"Colisão traseira";1;0;1;1;0;0;0;0;0;0;2;0;1;0;0
"27/11/2025";"17:53:25";"89";"Sem vítima";"6,150";"418/PR";"Decrescente";"Colisão traseira";0;0;2;0;0;0;0;0;0;0;2;0;0;0;0
"27/11/2025";"19:11:06";"93";"Com vítima";"6,300";"418/PR";"Crescente";"Colisão frontal";0;0;1;1;0;0;0;0;0;0;1;0;2;0;0
"27/11/2025";"20:23:49";"99";"Com vítima";"599,400";"BR-376/PR";"Crescente";"Colisão traseira";1;0;0;1;0;0;0;0;0;0;1;0;1;0;0
"27/11/2025";"23:29:00";"114";"Com vítima";"598,000";"BR-376/PR";"Crescente";"Colisão traseira";1;0;0;1;0;0;0;0;0;0;1;0;1;0;0
"28/11/2025";"05:22:16";"17";"Sem vítima";"301,700";"BR-277/PR";"Crescente";"Choque";0;0;0;0;0;0;0;0;0;1;1;0;0;0;0
"28/11/2025";"07:52:04";"24";"Sem vítima";"2,000";"418/PR";"Decrescente";"Colisão lateral no mesmo sentido";1;0;0;1;0;0;0;0;0;0;2;0;0;0;0
"28/11/2025";"13:13:56";"71";"Sem vítima";"2,000";"418/PR";"Crescente";"Colisão lateral no mesmo sentido";2;0;0;0;0;0;0;0;0;0;0;0;0;0;0
"28/11/2025";"15:29:12";"83";"Com vítima";"201,000";"BR-277/PR";"Decrescente";"Colisão transversal";1;0;1;0;0;0;0;0;0;0;1;1;0;1;0
"28/11/2025";"17:38:06";"100";"Sem vítima";"26,150";"423/PR";"Decrescente";"Colisão lateral no mesmo sentido";0;0;0;2;0;0;0;0;0;0;2;0;0;0;0
"28/11/2025";"18:24:07";"103";"Sem vítima";"18,100";"423/PR";"Crescente";"Colisão traseira";2;0;0;0;0;0;0;0;0;0;2;0;0;0;0
"28/11/2025";"21:41:59";"126";"Sem vítima";"35,010";"427/PR";"Crescente";"Saída de pista";1;0;0;0;0;0;0;0;0;0;2;0;0;0;0
"29/11/2025";"05:25:08";"17";"Sem vítima";"3,990";"Acesso BR";"Crescente";"Saída de pista";1;0;0;0;0;0;0;0;0;0;0;0;0;0;0
"29/11/2025";"08:15:51";"23";"Sem vítima";"159,000";"BR-476/PR";"Crescente";"Colisão traseira";3;0;1;0;0;0;0;0;0;0;4;0;0;0;0
"29/11/2025";"08:23:27";"24";"Com vítima";"285,000";"BR-277/PR";"Crescente";"Colisão lateral no mesmo sentido";1;0;1;0;0;0;0;0;0;0;1;1;0;0;0
"29/11/2025";"17:55:05";"71";"Sem vítima";"122,345";"BR-277/PR";"Decrescente";"Colisão lateral no mesmo sentido";1;0;1;0;0;0;0;0;0;0;2;0;0;0;0
"29/11/2025";"22:51:36";"86";"Com vítima";"12,500";"423/PR";"Crescente";"Colisão transversal";0;0;1;1;0;0;0;0;0;0;1;0;1;0;0
"30/11/2025";"02:13:32";"5";"Com vítima";"602,200";"BR-376/PR";"Crescente";"Atropelamento de pedestre";1;0;0;0;0;0;0;0;0;0;0;0;0;0;1
"30/11/2025";"10:09:54";"36";"Sem vítima";"293,000";"BR-277/PR";"Crescente";"Colisão lateral no mesmo sentido";1;0;1;0;0;0;0;0;0;0;2;0;0;0;0
"30/11/2025";"10:10:52";"37";"Sem vítima";"118,000";"BR-277/PR";"Decrescente";"Saída de pista";1;0;0;0;0;0;0;0;0;0;1;0;0;0;0
"30/11/2025";"12:32:41";"47";"Com vítima";"69,000";"427/PR";"Crescente";"Queda de moto";0;0;0;1;0;0;0;0;0;0;0;0;1;0;0
"30/11/2025";"12:45:15";"48";"Sem vítima";"115,000";"BR-277/PR";"Crescente";"Saída de pista";1;0;0;0;0;0;0;0;0;0;1;0;0;0;0
"30/11/2025";"15:20:56";"56";"Sem vítima";"29,000";"423/PR";"Crescente";"Colisão lateral no mesmo sentido";2;0;0;0;0;0;0;0;0;0;3;0;0;0;0
"30/11/2025";"17:05:12";"61";"Com vítima";"158,000";"BR-476/PR";"Crescente";"Colisão traseira";1;0;0;1;0;0;0;0;0;0;2;0;1;0;0
"30/11/2025";"17:24:03";"63";"Sem vítima";"110,000";"BR-277/PR";"Decrescente";"Colisão frontal";2;0;0;0;0;0;0;0;0;0;2;0;0;0;0
"30/11/2025";"20:17:56";"75";"Sem vítima";"242,150";"BR-277/PR";"Decrescente";"Colisão lateral no mesmo sentido";2;0;0;0;0;0;0;0;0;1;14;0;0;0;0
"30/11/2025";"20:30:48";"76";"Sem vítima";"111,982";"BR-277/PR";"Decrescente";"Capotamento";1;0;1;0;0;0;0;0;0;0;2;0;0;0;0
"30/11/2025";"23:01:25";"86";"Com vítima";"176,500";"BR-277/PR";"Crescente";"Capotamento";1;0;0;0;0;0;0;0;0;0;0;0;2;0;0
"01/12/2025";"02:17:47";"1";"Sem vítima";"1,000";"Acesso BR";"Decrescente";"Colisão frontal";1;0;1;0;0;0;0;0;0;0;3;0;0;0;0
"01/12/2025";"04:25:12";"3";"Com vítima";"605,600";"BR-376/PR";"Decrescente";"Colisão transversal";2;0;0;0;0;0;0;0;0;0;1;0;1;0;0
"01/12/2025";"06:23:40";"5";"Com vítima";"170,500";"BR-476/PR";"Crescente";"Saída de pista";1;0;0;0;0;0;0;0;0;0;0;0;1;0;0
"01/12/2025";"06:58:41";"8";"Sem vítima";"36,000";"427/PR";"Crescente";"Saída de pista";1;0;0;0;0;0;0;0;0;0;1;0;0;0;0
"01/12/2025";"07:05:16";"9";"Com vítima";"604,600";"BR-376/PR";"Decrescente";"Queda de moto";0;0;0;1;0;0;0;0;0;0;0;2;0;0;0
"01/12/2025";"09:15:02";"17";"Com vítima";"145,000";"BR-277/PR";"Crescente";"Tombamento";0;0;1;0;0;0;0;0;0;0;0;0;1;0;0
"01/12/2025";"10:54:18";"29";"Com vítima";"37,000";"423/PR";"Decrescente";"Choque";1;0;0;0;0;0;0;0;0;0;0;0;1;0;0
"01/12/2025";"16:53:19";"46";"Sem vítima";"145,000";"BR-476/PR";"Decrescente";"Colisão transversal";1;0;0;1;0;0;0;0;0;0;3;0;0;0;0
"02/12/2025";"08:38:32";"25";"Sem vítima";"13,966";"423/PR";"Crescente";"Engavetamento";2;0;1;0;0;0;0;0;0;0;3;0;0;0;0
"02/12/2025";"09:33:42";"34";"Sem vítima";"23,000";"423/PR";"Decrescente";"Tombamento";0;0;1;0;0;0;0;0;0;0;1;0;0;0;0
"02/12/2025";"12:44:29";"52";"Sem vítima";"605,000";"BR-376/PR";"Crescente";"Colisão transversal";1;0;0;0;0;0;0;0;0;0;1;0;0;0;0
"02/12/2025";"13:36:17";"56";"Sem vítima";"249,000";"BR-277/PR";"Decrescente";"Colisão lateral no mesmo sentido";2;0;0;0;0;0;0;0;0;0;2;0;0;0;0
"02/12/2025";"14:58:28";"63";"Com vítima";"14,000";"423/PR";"Crescente";"Acidentes de outra natureza";1;0;0;0;0;0;0;0;0;0;0;1;0;0;0
"02/12/2025";"16:18:59";"68";"Sem vítima";"140,000";"BR-277/PR";"Crescente";"Colisão lateral no mesmo sentido";1;0;0;0;0;0;0;0;0;0;1;0;0;0;0
"02/12/2025";"21:01:23";"87";"Sem vítima";"118,800";"BR-277/PR";"Crescente";"Colisão lateral no mesmo sentido";1;0;1;0;0;0;0;0;0;0;2;0;0;0;0
"03/12/2025";"00:59:39";"3";"Sem vítima";"115,473";"BR-277/PR";"Crescente";"Tombamento";0;0;1;0;0;0;0;0;0;0;1;0;0;0;0
"03/12/2025";"06:11:48";"13";"Com vítima";"9,400";"423/PR";"Crescente";"Tombamento";0;0;1;0;0;0;0;0;0;0;0;1;0;0;0
"03/12/2025";"09:56:56";"31";"Sem vítima";"604,412";"BR-376/PR";"Crescente";"Colisão lateral no mesmo sentido";1;0;1;0;0;0;0;0;0;0;2;0;0;0;0
"03/12/2025";"13:24:28";"48";"Sem vítima";"140,000";"BR-277/PR";"Crescente";"Colisão traseira";0;0;2;0;0;0;0;0;0;0;2;0;0;0;0
"03/12/2025";"17:06:03";"70";"Com vítima";"288,000";"BR-277/PR";"Decrescente";"Saída de pista";1;0;0;0;0;0;0;0;0;0;0;0;1;0;0
"03/12/2025";"20:20:50";"87";"Sem vítima";"593,201";"BR-376/PR";"Crescente";"Colisão lateral no mesmo sentido";0;0;1;0;0;0;0;0;0;1;4;0;0;0;0
"03/12/2025";"22:43:41";"94";"Com vítima";"246,000";"BR-277/PR";"Crescente";"Capotamento";1;0;0;0;0;0;0;0;0;0;0;1;0;0;0
"04/12/2025";"06:58:22";"17";"Com vítima";"147,400";"BR-476/PR";"Decrescente";"Colisão transversal";1;0;1;1;0;0;0;0;0;0;2;2;0;0;0
"04/12/2025";"11:02:55";"37";"Sem vítima";"112,000";"BR-277/PR";"Crescente";"Colisão frontal";1;0;0;1;0;0;0;0;0;0;2;0;0;0;0
"04/12/2025";"12:12:31";"40";"Sem vítima";"155,000";"BR-476/PR";"Crescente";"Colisão traseira";2;0;0;0;0;0;0;0;0;0;2;0;0;0;0
"05/12/2025";"07:02:05";"22";"Com vítima";"604,000";"BR-376/PR";"Crescente";"Engavetamento";2;0;0;1;0;0;0;0;0;0;2;1;0;0;0
"05/12/2025";"07:53:38";"24";"Com vítima";"108,000";"BR-277/PR";"Decrescente";"Colisão traseira";0;0;0;1;0;0;0;0;0;0;0;0;1;0;0
"05/12/2025";"09:23:37";"32";"Sem vítima";"153,000";"BR-277/PR";"Crescente";"Colisão lateral no mesmo sentido";1;0;1;0;0;0;0;0;0;0;2;0;0;0;0
"05/12/2025";"12:56:49";"54";"Com vítima";"26,000";"423/PR";"Crescente";"Colisão frontal";0;0;0;2;1;0;0;0;0;0;1;0;0;2;0
"05/12/2025";"14:48:07";"60";"Sem vítima";"0,000";"Acesso BR";"Decrescente";"Colisão traseira";2;0;0;0;0;0;0;0;0;0;2;0;0;0;0
"05/12/2025";"14:49:27";"61";"Sem vítima";"113,000";"BR-277/PR";"Crescente";"Engavetamento";3;0;0;0;0;0;0;0;0;0;3;0;0;0;0
"05/12/2025";"15:41:31";"64";"Com vítima";"129,000";"BR-277/PR";"Crescente";"Saída de pista";1;0;0;0;0;0;0;0;0;0;1;1;0;0;0
"05/12/2025";"17:05:04";"72";"Com vítima";"193,000";"BR-476/PR";"Crescente";"Colisão frontal";2;0;0;0;0;0;0;0;0;0;2;1;0;0;0
"05/12/2025";"20:34:16";"94";"Com vítima";"603,000";"BR-376/PR";"Crescente";"Saída de pista";1;0;0;0;0;0;0;0;0;0;0;0;1;0;0
"05/12/2025";"20:58:18";"96";"Sem vítima";"221,000";"BR-373/PR";"Crescente";"Colisão traseira";0;0;0;0;0;0;0;0;0;2;2;0;0;0;0
"05/12/2025";"21:01:13";"97";"Sem vítima";"130,000";"BR-277/PR";"Crescente";"Saída de pista";1;0;0;0;0;0;0;0;0;0;1;0;0;0;0
"05/12/2025";"22:17:36";"101";"Com vítima";"2,000";"418/PR";"Crescente";"Colisão lateral no mesmo sentido";1;0;0;1;0;0;0;0;0;0;1;0;1;0;0
"06/12/2025";"06:53:37";"54";"Com vítima";"0,500";"Acesso BR";"Crescente";"Queda de moto";0;0;0;1;0;0;0;0;0;0;1;0;1;0;0
"06/12/2025";"06:59:27";"55";"Sem vítima";"192,000";"BR-277/PR";"Crescente";"Colisão traseira";1;0;1;0;0;0;0;0;0;0;1;0;0;0;0
"06/12/2025";"11:17:11";"88";"Com vítima";"20,000";"418/PR";"Crescente";"Colisão frontal";2;0;0;0;0;0;0;0;0;0;2;0;0;1;0
"06/12/2025";"19:03:45";"123";"Sem vítima";"18,950";"418/PR";"Decrescente";"Colisão traseira";1;0;0;1;0;0;0;0;0;0;2;0;0;0;0
"06/12/2025";"21:40:57";"142";"Com vítima";"597,300";"BR-376/PR";"Crescente";"Capotamento";1;0;0;0;0;0;0;0;0;0;1;0;1;0;0
"07/12/2025";"09:27:13";"19";"Com vítima";"26,000";"423/PR";"Crescente";"Saída de pista";1;0;0;0;0;0;0;0;0;0;1;0;1;0;0
"07/12/2025";"09:49:26";"21";"Com vítima";"145,000";"BR-476/PR";"Decrescente";"Saída de pista";1;0;0;0;0;0;0;0;0;0;0;1;2;0;0
"07/12/2025";"11:42:14";"30";"Com vítima";"125,000";"BR-277/PR";"Crescente";"Colisão traseira";0;0;0;1;0;0;0;0;0;1;1;0;1;0;0
"07/12/2025";"14:47:47";"41";"Com vítima";"7,000";"418/PR";"Decrescente";"Colisão lateral no mesmo sentido";0;0;0;2;0;0;0;0;0;0;2;0;1;0;0
"07/12/2025";"22:17:30";"87";"Com vítima";"603,809";"BR-376/PR";"Decrescente";"Colisão transversal";0;0;0;2;0;0;0;0;0;0;0;0;0;2;0
"08/12/2025";"02:42:38";"34";"Sem vítima";"204,100";"BR-373/PR";"Decrescente";"Saída de pista";1;0;0;0;0;0;0;0;0;0;2;0;0;0;0
"08/12/2025";"07:33:50";"48";"Com vítima";"153,000";"BR-476/PR";"Decrescente";"Colisão lateral no mesmo sentido";1;0;0;1;0;0;0;0;0;0;1;1;0;0;0
"08/12/2025";"10:56:03";"70";"Sem vítima";"598,000";"BR-376/PR";"Decrescente";"Colisão lateral no mesmo sentido";0;0;1;0;0;0;0;0;0;0;1;0;0;0;0
"08/12/2025";"19:45:41";"107";"Com vítima";"178,600";"BR-476/PR";"Decrescente";"Colisão frontal";1;0;1;0;0;0;0;0;0;0;1;0;1;0;0
"08/12/2025";"20:46:01";"113";"Sem vítima";"14,655";"423/PR";"Crescente";"Colisão frontal";0;0;1;0;0;0;0;0;0;1;1;0;0;0;0
"08/12/2025";"21:20:32";"115";"Com vítima";"111,500";"BR-277/PR";"Decrescente";"Colisão traseira";1;0;1;0;0;0;0;0;0;0;1;0;1;0;0
"08/12/2025";"22:35:01";"117";"Com vítima";"46,900";"427/PR";"Crescente";"Tombamento";1;0;1;0;0;0;0;0;0;0;1;0;1;0;0
"09/12/2025";"01:37:07";"25";"Com vítima";"115,100";"BR-277/PR";"Decrescente";"Colisão traseira";0;0;1;0;0;0;0;0;0;1;1;0;1;0;0
"09/12/2025";"06:48:59";"58";"Com vítima";"279,000";"BR-373/PR";"Decrescente";"Saída de pista";1;0;0;0;0;0;0;0;0;0;0;1;0;0;0
"09/12/2025";"07:11:08";"59";"Sem vítima";"135,000";"BR-277/PR";"Decrescente";"Capotamento";1;0;0;0;0;0;0;0;0;0;3;0;0;0;0
"09/12/2025";"13:39:58";"90";"Com vítima";"29,000";"423/PR";"Decrescente";"Colisão lateral no mesmo sentido";1;0;1;0;0;0;0;0;0;0;2;0;1;0;0
"10/12/2025";"08:57:01";"65";"Com vítima";"594,000";"BR-376/PR";"Decrescente";"Colisão traseira";1;0;0;1;0;0;0;0;0;0;1;1;0;0;0
"10/12/2025";"17:16:26";"104";"Sem vítima";"146,000";"BR-476/PR";"Decrescente";"Colisão traseira";1;0;1;0;0;0;0;0;0;0;2;0;0;0;0
"10/12/2025";"17:33:46";"106";"Com vítima";"147,150";"BR-476/PR";"Decrescente";"Atropelamento de animal";0;0;1;0;0;0;0;0;0;0;0;0;0;0;1
"10/12/2025";"23:10:25";"125";"Sem vítima";"591,853";"BR-376/PR";"Decrescente";"Colisão traseira";0;0;2;0;0;0;0;0;0;0;2;0;0;0;0
"10/12/2025";"23:45:35";"127";"Sem vítima";"110,980";"BR-277/PR";"Decrescente";"Saída de pista";0;0;1;0;0;0;0;0;0;0;1;0;0;0;0
"11/12/2025";"05:46:45";"77";"Com vítima";"599,000";"BR-376/PR";"Crescente";"Capotamento";1;0;0;0;0;0;0;0;0;0;0;1;0;0;0
"11/12/2025";"07:42:45";"87";"Com vítima";"111,045";"BR-277/PR";"Crescente";"Colisão lateral no mesmo sentido";1;0;0;1;0;0;0;0;0;0;1;0;1;0;0
"11/12/2025";"08:08:54";"90";"Com vítima";"595,000";"BR-376/PR";"Crescente";"Colisão lateral no mesmo sentido";0;0;1;1;0;0;0;0;0;0;1;0;0;1;0
"11/12/2025";"08:15:22";"92";"Com vítima";"182,000";"BR-277/PR";"Crescente";"Colisão frontal";3;0;0;0;0;0;0;0;0;0;5;0;0;0;1
"11/12/2025";"10:39:09";"110";"Com vítima";"164,000";"BR-277/PR";"Crescente";"Acidentes de outra natureza";0;0;1;0;0;0;0;0;0;0;0;1;0;0;0
"11/12/2025";"13:30:22";"117";"Sem vítima";"257,000";"BR-277/PR";"Decrescente";"Tombamento";1;0;0;0;0;0;0;0;0;0;2;0;0;0;0
"11/12/2025";"13:58:47";"118";"Sem vítima";"289,967";"BR-277/PR";"Decrescente";"Engavetamento";0;0;2;0;0;0;0;0;0;1;3;0;0;0;0
"11/12/2025";"14:26:35";"119";"Sem vítima";"14,000";"423/PR";"Crescente";"Colisão traseira";1;0;1;0;0;0;0;0;0;1;3;0;0;0;0
"11/12/2025";"23:37:18";"160";"Com vítima";"9,400";"423/PR";"Crescente";"Colisão lateral no mesmo sentido";1;0;1;0;0;0;0;0;0;0;0;1;1;0;0
"12/12/2025";"00:51:53";"30";"Com vítima";"192,450";"BR-373/PR";"Crescente";"Colisão frontal";2;0;0;0;0;0;0;0;0;1;6;0;0;2;2
"12/12/2025";"03:02:44";"59";"Com vítima";"153,720";"BR-476/PR";"Decrescente";"Colisão traseira";1;0;1;0;0;0;0;0;0;0;1;1;0;0;0
"12/12/2025";"08:51:09";"76";"Sem vítima";"117,000";"BR-277/PR";"Decrescente";"Colisão transversal";1;0;1;0;0;0;0;0;0;0;2;0;0;0;0
"12/12/2025";"09:24:22";"79";"Com vítima";"144,000";"BR-476/PR";"Decrescente";"Colisão traseira";1;0;1;0;0;0;0;0;0;0;1;1;0;0;0
"12/12/2025";"11:16:53";"94";"Sem vítima";"181,000";"BR-476/PR";"Decrescente";"Saída de pista";1;0;0;0;0;0;0;0;0;0;1;0;0;0;0
"12/12/2025";"11:34:15";"95";"Com vítima";"255,850";"BR-373/PR";"Decrescente";"Saída de pista";1;0;0;0;0;0;0;0;0;0;0;0;1;0;0
"12/12/2025";"15:14:24";"107";"Sem vítima";"129,000";"BR-277/PR";"Crescente";"Tombamento";0;0;1;0;0;0;0;0;0;0;1;0;0;0;0
"12/12/2025";"17:22:49";"112";"Sem vítima";"294,000";"BR-277/PR";"Crescente";"Capotamento";1;0;0;0;0;0;0;0;0;0;3;0;0;0;0
"12/12/2025";"17:32:49";"113";"Sem vítima";"141,000";"BR-277/PR";"Crescente";"Saída de pista";0;0;0;0;0;0;0;0;0;1;1;0;0;0;0
"12/12/2025";"18:19:28";"116";"Sem vítima";"43,000";"427/PR";"Crescente";"Capotamento";1;0;0;0;0;0;0;0;0;0;1;0;0;0;0
"12/12/2025";"19:09:43";"119";"Sem vítima";"591,800";"BR-376/PR";"Crescente";"Colisão lateral no mesmo sentido";2;0;1;0;0;0;0;0;0;0;3;0;0;0;0
"12/12/2025";"20:02:58";"125";"Sem vítima";"55,000";"427/PR";"Crescente";"Saída de pista";1;0;0;0;0;0;0;0;0;0;3;0;0;0;0
"12/12/2025";"23:39:43";"140";"Com vítima";"152,000";"BR-476/PR";"Crescente";"Colisão traseira";1;0;0;0;0;0;0;0;0;1;0;0;2;0;0
"13/12/2025";"00:11:29";"1";"Com vítima";"252,000";"BR-373/PR";"Crescente";"Queda de moto";0;0;0;1;0;0;0;0;0;0;1;0;1;0;0
"13/12/2025";"01:31:01";"3";"Sem vítima";"178,300";"BR-277/PR";"Decrescente";"Saída de pista";0;0;0;0;0;0;0;0;0;1;1;0;0;0;0
"13/12/2025";"12:15:33";"47";"Sem vítima";"261,150";"BR-277/PR";"Crescente";"Colisão lateral no mesmo sentido";2;0;0;0;0;0;0;0;0;0;0;0;0;0;0
"13/12/2025";"13:46:33";"51";"Sem vítima";"108,000";"BR-277/PR";"Decrescente";"Colisão transversal";1;0;1;0;0;0;0;0;0;0;3;0;0;0;0
"13/12/2025";"14:49:45";"58";"Com vítima";"2,800";"418/PR";"Decrescente";"Colisão traseira";1;0;1;0;0;0;0;0;0;0;1;1;0;0;0
"13/12/2025";"17:41:43";"76";"Sem vítima";"144,000";"BR-277/PR";"Decrescente";"Saída de pista";0;0;0;0;0;0;0;0;0;1;2;0;0;0;0
"13/12/2025";"20:42:02";"88";"Com vítima";"249,700";"BR-373/PR";"Decrescente";"Colisão frontal";2;0;0;0;0;0;0;0;0;0;0;0;3;0;0
"13/12/2025";"22:28:37";"92";"Sem vítima";"222,584";"BR-277/PR";"Crescente";"Colisão traseira";2;0;0;0;0;0;0;0;0;0;7;0;0;0;0
"14/12/2025";"01:28:18";"14";"Sem vítima";"263,100";"BR-277/PR";"Decrescente";"Saída de pista";1;0;0;0;0;0;0;0;0;0;2;0;0;0;0
"14/12/2025";"16:50:51";"90";"Com vítima";"69,019";"427/PR";"Crescente";"Capotamento";1;0;0;0;0;0;0;0;0;0;0;1;1;2;0
"14/12/2025";"17:12:23";"94";"Com vítima";"193,070";"BR-476/PR";"Crescente";"Choque";1;0;0;0;0;0;0;0;0;0;0;1;0;0;0
"14/12/2025";"17:23:28";"95";"Com vítima";"31,150";"423/PR";"Crescente";"Colisão lateral no mesmo sentido";0;0;1;1;0;0;0;0;0;0;2;1;0;0;0
"14/12/2025";"21:17:53";"115";"Sem vítima";"219,000";"BR-277/PR";"Decrescente";"Choque";1;0;0;0;0;0;0;0;0;0;1;0;0;0;0
"15/12/2025";"06:46:21";"19";"Sem vítima";"31,000";"423/PR";"Crescente";"Colisão lateral no mesmo sentido";2;0;0;0;0;0;0;0;0;0;2;0;0;0;0
"15/12/2025";"10:29:04";"48";"Com vítima";"236,500";"BR-277/PR";"Crescente";"Colisão frontal";1;0;3;0;0;0;0;0;0;0;3;0;1;1;0
"15/12/2025";"15:31:12";"65";"Sem vítima";"203,000";"BR-277/PR";"Crescente";"Tombamento";0;0;1;0;0;0;0;0;0;0;1;0;0;0;0
"15/12/2025";"16:40:02";"70";"Sem vítima";"15,500";"423/PR";"Crescente";"Colisão lateral no mesmo sentido";1;0;1;0;0;0;0;0;0;0;3;0;0;0;0
"16/12/2025";"00:04:18";"1";"Sem vítima";"169,291";"BR-476/PR";"Decrescente";"Tombamento";0;0;1;0;0;0;0;0;0;0;1;0;0;0;0
"16/12/2025";"01:26:44";"14";"Sem vítima";"216,000";"BR-277/PR";"Crescente";"Choque";1;0;0;0;0;0;0;0;0;0;4;0;0;0;0
"16/12/2025";"06:08:28";"68";"Sem vítima";"150,000";"BR-277/PR";"Decrescente";"Tombamento";0;0;1;0;0;0;0;0;0;0;1;0;0;0;0
"16/12/2025";"09:49:54";"78";"Com vítima";"114,500";"BR-277/PR";"Crescente";"Queda de moto";0;0;0;1;0;0;0;0;0;0;1;1;0;0;0
"16/12/2025";"16:31:15";"109";"Sem vítima";"191,500";"BR-476/PR";"Crescente";"Colisão traseira";0;0;2;0;0;0;0;0;0;0;2;0;0;0;0
"16/12/2025";"17:51:36";"121";"Sem vítima";"141,000";"BR-277/PR";"Decrescente";"Colisão traseira";1;0;1;0;0;0;0;0;0;0;3;0;0;0;0
"16/12/2025";"21:29:39";"135";"Sem vítima";"110,000";"BR-277/PR";"Crescente";"Colisão transversal";1;0;1;0;0;0;0;0;0;0;2;0;0;0;0
"16/12/2025";"22:53:18";"139";"Sem vítima";"182,100";"BR-277/PR";"Crescente";"Colisão lateral no mesmo sentido";0;0;2;0;0;0;0;0;0;0;3;0;0;0;0
"16/12/2025";"23:38:28";"143";"Com vítima";"598,100";"BR-376/PR";"Decrescente";"Atropelamento de pedestre";1;0;0;0;0;0;0;0;0;0;1;0;1;0;0
"17/12/2025";"08:01:28";"48";"Sem vítima";"265,000";"BR-373/PR";"Crescente";"Colisão lateral no mesmo sentido";1;0;0;1;0;0;0;0;0;0;2;0;0;0;0