data;horario;n_da_ocorrencia;tipo_de_ocorrencia;km;trecho;sentido;tipo_de_acidente;automovel;bicicleta;caminhao;moto;onibus;outros;tracao_animal;transporte_de_cargas_especiais;trator_maquinas;utilitarios;ilesos;levemente_feridos;moderadamente_feridos;gravemente_feridos;mortos
"17/12/2025";"08:50:54";"53";"Com vítima";"191,000";"BR-277/PR";"Crescente";"Colisão lateral no mesmo sentido";2;0;0;0;0;0;0;0;0;0;4;1;0;0;0
"17/12/2025";"10:07:02";"59";"Sem vítima";"144,000";"BR-476/PR";"Decrescente";"Choque";1;0;0;0;0;0;0;0;0;0;1;0;0;0;0
"17/12/2025";"14:13:04";"77";"Com vítima";"118,000";"BR-277/PR";"Crescente";"Engavetamento";1;0;1;0;0;0;0;0;0;0;1;1;0;0;0
"17/12/2025";"17:05:52";"94";"Sem vítima";"197,300";"BR-476/PR";"Crescente";"Colisão traseira";2;0;0;0;0;0;0;0;0;0;2;0;0;0;0
"17/12/2025";"18:02:54";"103";"Sem vítima";"597,000";"BR-376/PR";"Crescente";"Colisão traseira";0;0;2;0;0;0;0;0;0;0;2;0;0;0;0
"17/12/2025";"19:35:02";"111";"Sem vítima";"184,300";"BR-373/PR";"Decrescente";"Capotamento";0;0;1;0;0;0;0;0;0;0;1;0;0;0;0
"17/12/2025";"21:17:42";"118";"Com vítima";"158,100";"BR-476/PR";"Crescente";"Colisão lateral no mesmo sentido";1;0;0;1;0;0;0;0;0;0;1;0;1;0;0
"17/12/2025";"21:50:56";"121";"Sem vítima";"605,000";"BR-376/PR";"Crescente";"Saída de pista";1;0;0;0;0;0;0;0;0;0;1;0;0;0;0
"18/12/2025";"12:02:31";"91";"Com vítima";"261,100";"BR-277/PR";"Crescente";"Colisão transversal";2;0;0;0;0;0;0;0;0;0;3;2;2;0;0
"18/12/2025";"17:55:37";"123";"Sem vítima";"204,512";"BR-277/PR";"Crescente";"Saída de pista";0;0;1;0;0;0;0;0;0;0;2;0;0;0;0
"18/12/2025";"21:52:14";"143";"Com vítima";"117,000";"BR-277/PR";"Decrescente";"Colisão lateral no mesmo sentido";1;0;0;1;0;0;0;0;0;0;1;0;1;0;0
"18/12/2025";"22:03:06";"145";"Sem vítima";"9,400";"423/PR";"Decrescente";"Colisão lateral no mesmo sentido";2;0;0;0;0;0;0;0;0;0;2;0;0;0;0
"18/12/2025";"23:03:18";"151";"Sem vítima";"603,000";"BR-376/PR";"Crescente";"Colisão traseira";1;0;0;0;0;0;0;0;0;1;2;0;0;0;0
"18/12/2025";"23:52:42";"153";"Sem vítima";"9,000";"418/PR";"Crescente";"Colisão traseira";2;0;0;0;0;0;0;0;0;0;2;0;0;0;0
"19/12/2025";"10:17:23";"42";"Sem vítima";"112,471";"BR-277/PR";"Decrescente";"Engavetamento";4;0;0;0;0;0;0;0;0;0;4;0;0;0;0
"19/12/2025";"10:40:09";"44";"Sem vítima";"6,800";"418/PR";"Crescente";"Tombamento";0;0;1;0;0;0;0;0;0;0;0;0;0;0;0
"19/12/2025";"18:14:15";"76";"Sem vítima";"109,100";"BR-277/PR";"Crescente";"Colisão lateral no mesmo sentido";1;0;0;0;0;0;0;0;0;0;1;0;0;0;0
"19/12/2025";"20:23:08";"87";"Sem vítima";"2,800";"418/PR";"Crescente";"Colisão traseira";2;0;0;0;0;0;0;0;0;0;2;0;0;0;0
"19/12/2025";"23:49:55";"100";"Sem vítima";"1,000";"418/PR";"Crescente";"Capotamento";0;0;0;0;0;0;0;0;0;1;1;0;0;0;0
"20/12/2025";"01:07:15";"6";"Sem vítima";"203,900";"BR-277/PR";"Decrescente";"Choque";1;0;0;0;0;0;0;0;0;0;2;0;0;0;0
"20/12/2025";"02:27:05";"9";"Sem vítima";"9,800";"418/PR";"Decrescente";"Colisão traseira";1;0;1;0;0;0;0;0;0;0;1;0;0;0;0
"20/12/2025";"03:33:37";"13";"Com vítima";"177,400";"BR-476/PR";"Decrescente";"Colisão lateral no mesmo sentido";2;0;2;0;0;0;0;0;0;0;2;3;0;0;3
"20/12/2025";"06:59:27";"29";"Sem vítima";"593,000";"BR-376/PR";"Decrescente";"Colisão traseira";1;0;0;1;0;0;0;0;0;0;1;0;0;0;0
"20/12/2025";"07:18:16";"30";"Sem vítima";"599,000";"BR-376/PR";"Decrescente";"Engavetamento";3;0;0;0;0;0;0;0;0;0;3;0;0;0;0
"20/12/2025";"08:47:48";"42";"Com vítima";"132,000";"BR-277/PR";"Decrescente";"Queda de bicicleta";0;1;0;0;0;0;0;0;0;0;0;0;0;0;0
"20/12/2025";"14:43:19";"67";"Sem vítima";"116,500";"BR-277/PR";"Decrescente";"Colisão traseira";1;0;0;0;0;0;0;0;0;1;2;0;0;0;0
"20/12/2025";"14:50:29";"69";"Sem vítima";"111,500";"BR-277/PR";"Crescente";"Colisão traseira";2;0;0;0;0;0;0;0;0;0;0;0;0;0;0
"20/12/2025";"15:11:00";"70";"Sem vítima";"145,000";"BR-277/PR";"Crescente";"Colisão transversal";1;0;0;0;1;0;0;0;0;0;2;0;0;0;0
"20/12/2025";"16:21:30";"78";"Sem vítima";"118,000";"BR-277/PR";"Crescente";"Engavetamento";3;0;0;0;0;0;0;0;0;0;3;0;0;0;0
"20/12/2025";"17:50:59";"83";"Sem vítima";"140,000";"BR-277/PR";"Decrescente";"Colisão traseira";0;0;2;0;0;0;0;0;0;0;2;0;0;0;0
"20/12/2025";"22:53:57";"112";"Sem vítima";"242,800";"BR-277/PR";"Crescente";"Colisão traseira";1;0;0;1;0;0;0;0;0;0;2;0;0;0;0
"20/12/2025";"23:44:59";"117";"Sem vítima";"244,400";"BR-277/PR";"Decrescente";"Colisão traseira";2;0;0;0;0;0;0;0;0;0;2;0;0;0;0
"21/12/2025";"01:53:16";"4";"Com vítima";"2,300";"Acesso BR";"Crescente";"Capotamento";1;0;0;0;0;0;0;0;0;0;0;0;1;0;0
"21/12/2025";"06:44:46";"9";"Sem vítima";"185,120";"BR-373/PR";"Decrescente";"Saída de pista";1;0;0;0;0;0;0;0;0;0;5;0;0;0;0
"21/12/2025";"09:21:27";"20";"Com vítima";"245,900";"BR-277/PR";"Decrescente";"Engavetamento";4;0;0;0;0;0;0;0;0;0;10;1;0;0;0
"21/12/2025";"10:11:01";"28";"Sem vítima";"111,500";"BR-277/PR";"Crescente";"Colisão traseira";1;0;0;0;0;0;0;0;0;0;2;0;0;0;0
"21/12/2025";"10:16:01";"27";"Sem vítima";"281,600";"BR-277/PR";"Decrescente";"Saída de pista";1;0;0;0;0;0;0;0;0;0;1;0;0;0;0
"21/12/2025";"15:22:45";"57";"Sem vítima";"229,700";"BR-277/PR";"Crescente";"Saída de pista";0;0;1;0;0;0;0;0;0;0;1;0;0;0;0
"21/12/2025";"17:12:05";"73";"Com vítima";"244,250";"BR-373/PR";"Crescente";"Colisão transversal";2;0;0;0;0;0;0;0;0;0;1;0;1;0;0
"21/12/2025";"17:18:04";"74";"Sem vítima";"6,950";"418/PR";"Crescente";"Colisão traseira";2;0;0;0;0;0;0;0;0;0;3;0;0;0;0
"21/12/2025";"20:06:43";"91";"Sem vítima";"173,200";"BR-277/PR";"Decrescente";"Colisão traseira";1;0;1;0;0;0;0;0;0;0;6;0;0;0;0
"21/12/2025";"20:26:37";"93";"Com vítima";"111,000";"BR-277/PR";"Decrescente";"Colisão frontal";2;0;0;0;0;0;0;0;0;0;4;0;1;0;0
"21/12/2025";"20:37:32";"94";"Com vítima";"200,000";"BR-277/PR";"Decrescente";"Colisão frontal";3;0;0;0;0;0;0;0;0;0;3;0;3;0;0
"21/12/2025";"21:36:06";"98";"Sem vítima";"121,100";"BR-277/PR";"Crescente";"Capotamento";1;0;0;0;0;0;0;0;0;0;1;0;0;0;0
"21/12/2025";"23:04:38";"101";"Com vítima";"264,000";"BR-373/PR";"Crescente";"Colisão traseira";1;0;0;1;0;0;0;0;0;0;1;0;1;0;0
"22/12/2025";"01:50:02";"4";"Sem vítima";"1,500";"Acesso BR";"Decrescente";"Colisão traseira";2;0;0;0;0;0;0;0;0;0;1;0;0;0;0
"22/12/2025";"10:03:30";"72";"Sem vítima";"214,000";"BR-277/PR";"Crescente";"Queda de moto";0;0;0;1;0;0;0;0;0;0;2;0;0;0;0
"22/12/2025";"10:24:36";"75";"Com vítima";"115,000";"BR-277/PR";"Crescente";"Engavetamento";3;0;0;0;0;0;0;0;0;0;2;1;0;0;0
"22/12/2025";"11:58:05";"87";"Sem vítima";"115,000";"BR-277/PR";"Crescente";"Engavetamento";3;0;0;0;0;0;0;0;0;0;3;0;0;0;0
"22/12/2025";"12:41:18";"91";"Sem vítima";"118,000";"BR-277/PR";"Decrescente";"Colisão traseira";2;0;0;0;0;0;0;0;0;0;2;0;0;0;0
"22/12/2025";"14:42:50";"101";"Sem vítima";"601,500";"BR-376/PR";"Decrescente";"Saída de pista";1;0;0;0;0;0;0;0;0;0;1;0;0;0;0
"22/12/2025";"16:42:04";"115";"Sem vítima";"7,000";"418/PR";"Crescente";"Colisão traseira";1;0;0;1;0;0;0;0;0;0;2;0;0;0;0
"23/12/2025";"07:40:35";"27";"Sem vítima";"111,000";"BR-277/PR";"Decrescente";"Colisão traseira";1;0;1;0;0;0;0;0;0;0;2;0;0;0;0
"23/12/2025";"08:11:28";"31";"Sem vítima";"136,000";"BR-277/PR";"Crescente";"Colisão traseira";1;0;1;0;0;0;0;0;0;0;4;0;0;0;0
"23/12/2025";"12:45:20";"63";"Com vítima";"202,000";"BR-277/PR";"Crescente";"Saída de pista";1;0;0;0;0;0;0;0;0;0;0;2;0;0;0
"23/12/2025";"21:08:06";"116";"Com vítima";"5,300";"Acesso BR";"Crescente";"Colisão lateral no mesmo sentido";1;0;0;1;0;0;0;0;0;0;1;0;1;0;0
"23/12/2025";"21:18:04";"119";"Sem vítima";"18,000";"418/PR";"Crescente";"Atropelamento de animal";0;0;0;0;0;0;0;0;0;1;1;0;0;0;0
"24/12/2025";"03:34:47";"11";"Sem vítima";"201,000";"BR-277/PR";"Crescente";"Colisão lateral no mesmo sentido";1;0;0;0;0;0;0;0;0;1;2;0;0;0;0
"24/12/2025";"03:56:37";"13";"Sem vítima";"255,986";"BR-277/PR";"Crescente";"Saída de pista";1;0;0;0;0;0;0;0;0;0;1;0;0;0;0
"24/12/2025";"04:01:31";"14";"Sem vítima";"134,000";"BR-277/PR";"Decrescente";"Tombamento";1;0;0;0;0;0;0;0;0;0;2;0;0;0;0
"24/12/2025";"10:29:14";"46";"Sem vítima";"110,000";"BR-277/PR";"Crescente";"Colisão transversal";1;0;1;0;0;0;0;0;0;0;2;0;0;0;0
"24/12/2025";"16:10:55";"81";"Sem vítima";"194,900";"BR-277/PR";"Crescente";"Saída de pista";0;0;0;0;0;1;0;0;0;0;2;0;0;0;0
"24/12/2025";"19:12:50";"95";"Sem vítima";"3,600";"Acesso BR";"Decrescente";"Saída de pista";1;0;0;0;0;0;0;0;0;0;1;0;0;0;0
"25/12/2025";"15:01:56";"48";"Sem vítima";"12,400";"418/PR";"Decrescente";"Saída de pista";1;0;0;0;0;0;0;0;0;0;1;0;0;0;0
"26/12/2025";"06:31:37";"26";"Com vítima";"129,500";"BR-277/PR";"Crescente";"Colisão traseira";1;0;0;1;0;0;0;0;0;0;3;0;0;0;1
"26/12/2025";"10:39:56";"52";"Sem vítima";"603,000";"BR-376/PR";"Crescente";"Colisão traseira";1;0;0;0;0;0;0;0;0;0;1;0;0;0;0
"26/12/2025";"12:35:24";"72";"Com vítima";"2,000";"418/PR";"Decrescente";"Saída de pista";1;0;0;0;0;0;0;0;0;0;0;1;0;0;0
"26/12/2025";"15:40:53";"99";"Sem vítima";"139,010";"BR-277/PR";"Decrescente";"Engavetamento";5;0;0;0;0;0;0;0;0;0;14;0;0;0;0
"26/12/2025";"17:18:29";"107";"Com vítima";"242,000";"BR-277/PR";"Crescente";"Colisão transversal";2;0;0;0;0;0;0;0;0;0;2;1;0;1;1
"26/12/2025";"17:57:00";"113";"Sem vítima";"264,250";"BR-373/PR";"Crescente";"Queda de moto";0;0;0;1;0;0;0;0;0;0;1;0;0;0;0
"26/12/2025";"19:10:23";"118";"Sem vítima";"129,850";"BR-277/PR";"Crescente";"Saída de pista";0;0;1;0;0;0;0;0;0;0;1;0;0;0;0
"26/12/2025";"20:00:27";"125";"Sem vítima";"604,040";"BR-376/PR";"Decrescente";"Colisão traseira";1;0;0;0;0;0;0;0;0;1;2;0;0;0;0
"27/12/2025";"06:03:41";"15";"Com vítima";"168,000";"BR-277/PR";"Crescente";"Colisão frontal";2;0;0;0;0;0;0;0;0;0;0;4;1;1;0
"27/12/2025";"20:58:01";"98";"Sem vítima";"18,968";"423/PR";"Decrescente";"Colisão traseira";1;0;0;0;0;0;0;0;0;1;3;0;0;0;0
"28/12/2025";"01:25:39";"5";"Sem vítima";"241,200";"BR-277/PR";"Decrescente";"Saída de pista";0;0;1;0;0;0;0;0;0;0;1;0;0;0;0
"28/12/2025";"07:23:52";"21";"Sem vítima";"107,700";"BR-277/PR";"Crescente";"Colisão traseira";2;0;0;0;0;0;0;0;0;0;3;0;0;0;0
"28/12/2025";"09:48:09";"34";"Sem vítima";"133,700";"BR-277/PR";"Crescente";"Tombamento";1;0;0;0;0;0;0;0;0;0;2;0;0;0;0
"28/12/2025";"13:22:07";"58";"Com vítima";"5,000";"418/PR";"Decrescente";"Choque";1;0;0;0;0;0;0;0;0;0;0;1;0;0;0
"28/12/2025";"15:16:33";"69";"Com vítima";"20,520";"418/PR";"Decrescente";"Colisão traseira";1;0;0;1;0;0;0;0;0;0;1;1;0;0;0
"28/12/2025";"18:46:19";"97";"Sem vítima";"134,000";"BR-277/PR";"Decrescente";"Colisão traseira";1;0;0;0;0;0;0;0;0;0;1;0;0;0;0
"28/12/2025";"19:18:15";"105";"Sem vítima";"144,233";"BR-277/PR";"Decrescente";"Colisão traseira";2;0;0;0;0;0;0;0;0;0;8;0;0;0;0
"28/12/2025";"19:21:16";"108";"Com vítima";"1,000";"Acesso BR";"Crescente";"Colisão lateral no mesmo sentido";2;0;0;1;0;0;0;0;0;0;2;0;1;0;0
"29/12/2025";"05:21:58";"11";"Sem vítima";"131,000";"BR-277/PR";"Crescente";"Saída de pista";0;0;0;0;0;0;0;0;0;1;2;0;0;0;0
"29/12/2025";"05:55:00";"13";"Sem vítima";"592,000";"BR-376/PR";"Decrescente";"Saída de pista";0;0;0;0;0;0;0;0;0;1;1;0;0;0;0
"29/12/2025";"06:00:59";"14";"Sem vítima";"1,000";"418/PR";"Crescente";"Saída de pista";0;0;0;0;1;0;0;0;0;0;1;0;0;0;0
"29/12/2025";"08:09:39";"21";"Sem vítima";"136,000";"BR-277/PR";"Decrescente";"Saída de pista";1;0;0;0;0;0;0;0;0;0;1;0;0;0;0
"29/12/2025";"08:16:45";"22";"Com vítima";"171,980";"BR-476/PR";"Crescente";"Saída de pista";1;0;0;0;0;0;0;0;0;0;0;2;0;0;0
"29/12/2025";"08:20:02";"23";"Sem vítima";"116,000";"BR-277/PR";"Crescente";"Saída de pista";1;0;0;0;0;0;0;0;0;0;1;0;0;0;0
"29/12/2025";"09:05:00";"29";"Sem vítima";"595,000";"BR-376/PR";"Decrescente";"Colisão traseira";1;0;0;0;0;0;0;0;0;0;4;0;0;0;0
"29/12/2025";"11:18:23";"36";"Sem vítima";"220,600";"BR-373/PR";"Crescente";"Acidentes de outra natureza";0;0;0;0;0;0;0;0;0;1;1;0;0;0;0
"29/12/2025";"11:30:59";"38";"Com vítima";"173,000";"BR-476/PR";"Crescente";"Colisão transversal";1;0;0;0;0;0;0;0;0;0;1;1;0;0;0
"29/12/2025";"14:20:07";"46";"Sem vítima";"107,500";"BR-277/PR";"Decrescente";"Saída de pista";1;0;0;0;0;0;0;0;0;0;2;0;0;0;0
"29/12/2025";"16:36:47";"65";"Sem vítima";"120,000";"BR-277/PR";"Decrescente";"Colisão traseira";2;0;0;0;0;0;0;0;0;0;2;0;0;0;0
"29/12/2025";"19:18:49";"82";"Sem vítima";"159,100";"BR-476/PR";"Crescente";"Colisão lateral no mesmo sentido";2;0;0;0;0;0;0;0;0;0;2;0;0;0;0
"30/12/2025";"02:15:11";"8";"Sem vítima";"300,177";"BR-277/PR";"Crescente";"Atropelamento de animal";0;0;0;0;1;0;0;0;0;0;1;0;0;0;0
"30/12/2025";"17:32:05";"64";"Com vítima";"116,000";"BR-277/PR";"Decrescente";"Queda de moto";0;0;0;1;0;0;0;0;0;0;0;0;1;0;0
"30/12/2025";"19:54:11";"76";"Sem vítima";"213,317";"BR-277/PR";"Crescente";"Queda de moto";0;0;0;1;0;0;0;0;0;0;2;0;0;0;0
"30/12/2025";"20:09:23";"77";"Sem vítima";"5,500";"418/PR";"Crescente";"Colisão traseira";0;0;0;0;0;0;0;0;0;1;1;0;0;0;0
"31/12/2025";"03:35:48";"9";"Sem vítima";"107,800";"BR-277/PR";"Crescente";"Tombamento";0;0;0;0;0;0;0;0;0;1;1;0;0;0;0
"31/12/2025";"03:55:28";"10";"Sem vítima";"108,548";"BR-277/PR";"Crescente";"Choque";1;0;0;0;0;0;0;0;0;0;1;0;0;0;0
"31/12/2025";"13:40:00";"45";"Com vítima";"132,000";"BR-277/PR";"Decrescente";"Saída de pista";0;0;1;0;0;0;0;0;0;0;0;0;1;0;0
"31/12/2025";"13:44:29";"46";"Sem vítima";"294,000";"BR-277/PR";"Crescente";"Saída de pista";1;0;0;0;0;0;0;0;0;0;5;0;0;0;0
"31/12/2025";"14:02:00";"48";"Sem vítima";"178,300";"BR-476/PR";"Crescente";"Saída de pista";1;0;0;0;0;0;0;0;0;0;1;0;0;0;0
"31/12/2025";"14:37:00";"50";"Com vítima";"70,000";"427/PR";"Crescente";"Saída de pista";1;0;0;0;0;0;0;0;0;0;1;0;0;1;0
"31/12/2025";"18:56:26";"60";"Sem vítima";"201,201";"BR-277/PR";"Crescente";"Queda de moto";0;0;0;1;0;0;0;0;0;0;2;0;0;0;0
"31/12/2025";"22:56:53";"70";"Sem vítima";"1,000";"418/PR";"Decrescente";"Saída de pista";1;0;0;0;0;0;0;0;0;0;2;0;0;0;0
"01/01/2026";"02:16:09";"3";"Sem vítima";"299,469";"BR-277/PR";"Decrescente";"Choque";1;0;0;0;0;0;0;0;0;0;2;0;0;0;0
"01/01/2026";"02:25:03";"4";"Sem vítima";"4,695";"Acesso BR";"Crescente";"Colisão lateral no mesmo sentido";2;0;0;0;0;0;0;0;0;0;2;0;0;0;0
"01/01/2026";"02:40:33";"5";"Sem vítima";"138,000";"BR-277/PR";"Decrescente";"Saída de pista";1;0;0;0;0;0;0;0;0;0;2;0;0;0;0
"01/01/2026";"04:27:46";"9";"Com vítima";"0,030";"418/PR";"Crescente";"Saída de pista";1;0;0;0;0;0;0;0;0;0;1;1;0;0;0
"01/01/2026";"04:59:28";"10";"Com vítima";"111,982";"BR-277/PR";"Decrescente";"Saída de pista";1;0;0;0;0;0;0;0;0;0;0;1;0;0;0
"01/01/2026";"06:58:07";"11";"Sem vítima";"136,450";"BR-277/PR";"Decrescente";"Saída de pista";1;0;0;0;0;0;0;0;0;0;5;0;0;0;0
"01/01/2026";"07:24:19";"12";"Sem vítima";"595,297";"BR-376/PR";"Decrescente";"Saída de pista";1;0;0;0;0;0;0;0;0;0;0;0;0;0;0
"01/01/2026";"11:07:32";"31";"Sem vítima";"224,000";"BR-277/PR";"Decrescente";"Saída de pista";1;0;0;0;0;0;0;0;0;0;1;0;0;0;0
"01/01/2026";"15:23:58";"42";"Sem vítima";"57,000";"427/PR";"Crescente";"Saída de pista";1;0;0;0;0;0;0;0;0;0;1;0;0;0;0
"01/01/2026";"16:26:09";"46";"Sem vítima";"109,999";"BR-277/PR";"Decrescente";"Saída de pista";1;0;0;0;0;0;0;0;0;0;3;0;0;0;0
"01/01/2026";"17:17:00";"52";"Sem vítima";"206,000";"BR-373/PR";"Decrescente";"Colisão traseira";2;0;0;0;0;0;0;0;0;0;4;0;0;0;0
"01/01/2026";"18:49:52";"59";"Sem vítima";"136,500";"BR-277/PR";"Decrescente";"Choque";2;0;0;0;0;0;0;0;0;0;5;0;0;0;0
"02/01/2026";"07:58:21";"16";"Sem vítima";"133,000";"BR-277/PR";"Decrescente";"Atropelamento de animal";1;0;0;0;0;0;0;0;0;0;1;0;0;0;0
"02/01/2026";"12:16:45";"35";"Sem vítima";"115,000";"BR-277/PR";"Decrescente";"Colisão traseira";2;0;0;0;0;0;0;0;0;0;5;0;0;0;0
"02/01/2026";"22:30:15";"87";"Sem vítima";"173,400";"BR-476/PR";"Decrescente";"Saída de pista";1;0;0;0;0;0;0;0;0;0;1;0;0;0;0
"03/01/2026";"09:43:18";"28";"Sem vítima";"257,000";"BR-277/PR";"Decrescente";"Engavetamento";3;0;0;0;0;0;0;0;0;0;5;0;0;0;0
"03/01/2026";"10:09:22";"32";"Sem vítima";"138,000";"BR-277/PR";"Decrescente";"Queda de moto";0;0;0;1;0;0;0;0;0;0;0;0;0;0;0
"03/01/2026";"10:31:25";"34";"Sem vítima";"251,000";"BR-277/PR";"Decrescente";"Colisão transversal";2;0;0;0;0;0;0;0;0;0;2;0;0;0;0
"03/01/2026";"11:30:43";"45";"Sem vítima";"133,000";"BR-277/PR";"Crescente";"Colisão traseira";2;0;0;0;0;0;0;0;0;0;2;0;0;0;0
"03/01/2026";"16:43:03";"83";"Sem vítima";"136,000";"BR-277/PR";"Crescente";"Engavetamento";3;0;0;0;0;0;0;0;0;0;0;0;0;0;0
"04/01/2026";"03:39:08";"13";"Sem vítima";"130,500";"BR-277/PR";"Crescente";"Tombamento";0;0;1;0;0;0;0;0;0;0;1;0;0;0;0
"04/01/2026";"08:06:07";"22";"Com vítima";"302,000";"BR-277/PR";"Crescente";"Colisão frontal";2;0;0;0;0;0;0;0;0;0;0;2;0;0;2
"04/01/2026";"10:40:39";"31";"Sem vítima";"596,299";"BR-376/PR";"Decrescente";"Engavetamento";6;0;0;0;0;0;0;0;0;0;0;0;0;0;0
"04/01/2026";"10:40:53";"32";"Sem vítima";"118,000";"BR-277/PR";"Crescente";"Engavetamento";3;0;0;0;0;0;0;0;0;0;0;0;0;0;0
"04/01/2026";"12:44:16";"39";"Sem vítima";"108,749";"BR-277/PR";"Decrescente";"Colisão traseira";2;0;0;0;0;0;0;0;0;0;0;0;0;0;0
"04/01/2026";"16:24:45";"58";"Com vítima";"266,100";"BR-373/PR";"Decrescente";"Queda de moto";0;0;0;1;0;0;0;0;0;0;0;1;0;0;0
"04/01/2026";"18:53:07";"67";"Sem vítima";"134,380";"BR-277/PR";"Decrescente";"Saída de pista";1;0;0;0;0;0;0;0;0;0;1;0;0;0;0
"04/01/2026";"20:36:26";"75";"Sem vítima";"108,000";"BR-277/PR";"Decrescente";"Colisão lateral no mesmo sentido";1;0;0;1;0;0;0;0;0;0;2;0;0;0;0
"04/01/2026";"23:30:59";"85";"Sem vítima";"169,350";"BR-277/PR";"Crescente";"Capotamento";1;0;0;0;0;0;0;0;0;0;1;0;0;0;0
"05/01/2026";"07:08:02";"11";"Sem vítima";"193,000";"BR-476/PR";"Decrescente";"Saída de pista";1;0;0;0;0;0;0;0;0;0;2;0;0;0;0
"05/01/2026";"11:25:26";"40";"Sem vítima";"111,000";"BR-277/PR";"Crescente";"Colisão transversal";1;0;0;1;0;0;0;0;0;1;3;0;0;0;0
"05/01/2026";"14:52:33";"53";"Sem vítima";"128,000";"BR-277/PR";"Crescente";"Engavetamento";1;0;1;0;0;0;0;0;0;1;3;0;0;0;0
"05/01/2026";"15:19:12";"54";"Sem vítima";"132,000";"BR-277/PR";"Decrescente";"Engavetamento";2;0;1;0;0;0;0;0;0;0;3;0;0;0;0
"05/01/2026";"18:21:45";"79";"Com vítima";"146,100";"BR-476/PR";"Crescente";"Colisão traseira";0;1;1;0;0;0;0;0;0;0;1;0;0;0;0
"06/01/2026";"09:20:51";"50";"Sem vítima";"298,975";"BR-277/PR";"Decrescente";"Saída de pista";0;0;1;0;0;0;0;0;0;0;0;0;0;0;0
"06/01/2026";"10:04:38";"54";"Sem vítima";"140,000";"BR-277/PR";"Crescente";"Colisão traseira";0;0;2;0;0;0;0;0;0;0;2;0;0;0;0
"06/01/2026";"16:08:54";"83";"Sem vítima";"592,000";"BR-376/PR";"Decrescente";"Colisão traseira";0;0;2;0;0;0;0;0;0;0;2;0;0;0;0
"07/01/2026";"08:29:59";"58";"Sem vítima";"110,500";"BR-277/PR";"Decrescente";"Colisão traseira";2;0;0;0;0;0;0;0;0;0;2;0;0;0;0
"07/01/2026";"11:44:25";"76";"Sem vítima";"153,000";"BR-476/PR";"Decrescente";"Colisão transversal";2;0;0;0;0;0;0;0;0;0;3;0;0;0;0
"08/01/2026";"02:52:05";"55";"Sem vítima";"251,702";"BR-373/PR";"Decrescente";"Saída de pista";1;0;0;0;0;0;0;0;0;0;1;0;0;0;0
"08/01/2026";"08:45:28";"64";"Sem vítima";"598,000";"BR-376/PR";"Decrescente";"Colisão traseira";2;0;0;0;0;0;0;0;0;0;2;0;0;0;0
"08/01/2026";"15:25:35";"111";"Com vítima";"39,250";"427/PR";"Crescente";"Saída de pista";1;0;0;0;0;0;0;0;0;0;0;1;0;0;0
"08/01/2026";"18:27:27";"130";"Com vítima";"599,500";"BR-376/PR";"Crescente";"Colisão traseira";2;0;0;0;0;0;0;0;0;0;2;1;0;0;0
"09/01/2026";"09:40:48";"68";"Com vítima";"16,800";"418/PR";"Crescente";"Colisão traseira";2;0;1;0;0;0;0;0;0;0;3;1;0;0;0
"09/01/2026";"14:07:00";"83";"Sem vítima";"113,000";"BR-277/PR";"Decrescente";"Colisão traseira";1;0;1;0;0;0;0;0;0;0;2;0;0;0;0
"09/01/2026";"14:17:13";"86";"Sem vítima";"245,300";"BR-277/PR";"Crescente";"Saída de pista";1;0;0;0;0;0;0;0;0;0;2;0;0;0;0
"09/01/2026";"18:09:55";"122";"Com vítima";"15,000";"418/PR";"Crescente";"Colisão frontal";1;0;0;1;0;0;0;0;0;1;2;0;1;0;0
"09/01/2026";"21:20:07";"137";"Com vítima";"116,000";"BR-277/PR";"Decrescente";"Queda de moto";0;0;0;1;0;0;0;0;0;0;0;0;1;0;0
"09/01/2026";"23:18:44";"143";"Sem vítima";"126,000";"BR-277/PR";"Decrescente";"Colisão traseira";0;0;2;0;0;0;0;0;0;0;2;0;0;0;0
"10/01/2026";"00:10:37";"2";"Sem vítima";"27,000";"423/PR";"Crescente";"Saída de pista";1;0;0;0;0;0;0;0;0;0;1;0;0;0;0
"10/01/2026";"01:26:21";"12";"Com vítima";"192,100";"BR-373/PR";"Decrescente";"Colisão traseira";0;0;2;0;0;0;0;0;0;0;2;0;1;0;0
"10/01/2026";"08:30:24";"24";"Sem vítima";"136,400";"BR-277/PR";"Crescente";"Engavetamento";5;0;0;0;0;0;0;0;0;0;5;0;0;0;0
"10/01/2026";"08:58:47";"28";"Sem vítima";"136,000";"BR-277/PR";"Decrescente";"Choque";1;0;0;0;0;0;0;0;0;0;2;0;0;0;0
"10/01/2026";"11:27:04";"37";"Sem vítima";"1,100";"418/PR";"Decrescente";"Colisão transversal";1;0;1;0;0;0;0;0;0;0;2;0;0;0;0