data;horario;n_da_ocorrencia;tipo_de_ocorrencia;km;trecho;sentido;tipo_de_acidente;automovel;bicicleta;caminhao;moto;onibus;outros;tracao_animal;transporte_de_cargas_especiais;trator_maquinas;utilitarios;ilesos;levemente_feridos;moderadamente_feridos;gravemente_feridos;mortos
"10/01/2026";"11:46:22";"38";"Sem vítima";"12,000";"418/PR";"Decrescente";"Colisão transversal";0;0;0;1;0;0;0;0;0;0;1;0;0;0;0
"10/01/2026";"12:18:26";"40";"Sem vítima";"155,600";"BR-476/PR";"Decrescente";"Colisão lateral no mesmo sentido";1;0;0;1;0;0;0;0;0;0;0;0;0;0;0
"10/01/2026";"13:14:52";"43";"Sem vítima";"602,000";"BR-376/PR";"Decrescente";"Colisão lateral no mesmo sentido";1;0;1;0;0;0;0;0;0;0;6;0;0;0;0
"10/01/2026";"17:25:47";"54";"Sem vítima";"200,000";"BR-373/PR";"Crescente";"Saída de pista";1;0;0;0;0;0;0;0;0;0;4;0;0;0;0
"10/01/2026";"17:50:44";"56";"Sem vítima";"188,800";"BR-476/PR";"Decrescente";"Colisão lateral no mesmo sentido";1;0;1;0;0;0;0;0;0;0;4;0;0;0;0
"10/01/2026";"18:12:09";"57";"Sem vítima";"163,000";"BR-476/PR";"Crescente";"Colisão lateral no mesmo sentido";1;0;0;0;0;0;0;0;0;0;1;0;0;0;0
"10/01/2026";"19:32:17";"65";"Sem vítima";"591,600";"BR-376/PR";"Decrescente";"Colisão lateral no mesmo sentido";2;0;0;0;0;0;0;0;0;0;2;0;0;0;0
"11/01/2026";"05:25:47";"2";"Com vítima";"14,655";"423/PR";"Decrescente";"Queda de moto";0;0;0;1;0;0;0;0;0;0;0;0;1;0;0
"11/01/2026";"11:23:00";"17";"Com vítima";"285,000";"BR-277/PR";"Decrescente";"Colisão transversal";2;0;0;0;0;0;0;0;0;0;1;4;0;0;0
"11/01/2026";"14:28:38";"26";"Com vítima";"215,000";"BR-277/PR";"Decrescente";"Capotamento";1;0;0;0;0;0;0;0;0;0;2;2;0;0;0
"11/01/2026";"20:24:13";"44";"Sem vítima";"35,000";"423/PR";"Crescente";"Atropelamento de animal";1;0;0;0;0;0;0;0;0;0;2;0;0;0;0
"12/01/2026";"07:17:35";"17";"Sem vítima";"18,100";"418/PR";"Decrescente";"Colisão traseira";2;0;0;0;0;0;0;0;0;0;2;0;0;0;0
"12/01/2026";"11:16:25";"42";"Sem vítima";"184,000";"BR-277/PR";"Crescente";"Tombamento";0;0;1;0;0;0;0;0;0;0;1;0;0;0;0
"12/01/2026";"11:29:24";"43";"Sem vítima";"258,000";"BR-373/PR";"Decrescente";"Colisão traseira";2;0;0;0;0;0;0;0;0;0;2;0;0;0;0
"12/01/2026";"16:37:38";"61";"Sem vítima";"132,000";"BR-277/PR";"Decrescente";"Saída de pista";1;0;0;0;0;0;0;0;0;0;1;0;0;0;0
"12/01/2026";"17:27:35";"64";"Com vítima";"2,000";"418/PR";"Crescente";"Colisão lateral no mesmo sentido";1;0;0;1;0;0;0;0;0;0;1;0;1;0;0
"12/01/2026";"19:20:20";"74";"Sem vítima";"197,000";"BR-476/PR";"Crescente";"Saída de pista";0;0;1;0;0;0;0;0;0;0;1;0;0;0;0
"13/01/2026";"10:57:42";"51";"Com vítima";"132,000";"BR-277/PR";"Decrescente";"Colisão lateral no mesmo sentido";2;0;0;0;0;0;0;0;0;0;1;1;0;0;0
"13/01/2026";"14:08:32";"65";"Sem vítima";"151,000";"BR-476/PR";"Decrescente";"Colisão lateral no mesmo sentido";2;0;0;0;0;0;0;0;0;0;2;0;0;0;0
"13/01/2026";"14:17:30";"66";"Sem vítima";"201,000";"BR-277/PR";"Decrescente";"Colisão transversal";2;0;1;0;0;0;0;0;0;0;8;0;0;0;0
"13/01/2026";"16:28:55";"82";"Sem vítima";"119,000";"BR-277/PR";"Crescente";"Colisão transversal";0;0;0;1;0;0;0;0;0;0;1;0;0;0;0
"13/01/2026";"23:21:03";"103";"Com vítima";"133,200";"BR-277/PR";"Decrescente";"Colisão lateral no mesmo sentido";1;0;1;0;0;0;0;0;0;0;1;0;4;0;0
"14/01/2026";"07:59:02";"133";"Sem vítima";"598,000";"BR-376/PR";"Decrescente";"Colisão traseira";1;0;0;0;0;0;0;0;0;0;1;0;0;0;0
"14/01/2026";"09:41:59";"142";"Sem vítima";"604,900";"BR-376/PR";"Decrescente";"Colisão traseira";1;0;0;0;0;0;0;0;0;1;2;0;0;0;0
"14/01/2026";"10:20:13";"149";"Sem vítima";"597,801";"BR-376/PR";"Crescente";"Colisão traseira";2;0;0;0;0;0;0;0;0;0;2;0;0;0;0
"14/01/2026";"10:24:02";"148";"Com vítima";"122,000";"BR-277/PR";"Decrescente";"Atropelamento de pedestre";0;0;0;0;0;0;0;0;0;0;0;0;1;0;0
"14/01/2026";"10:33:23";"150";"Sem vítima";"122,500";"BR-277/PR";"Decrescente";"Colisão traseira";1;0;1;0;0;0;0;0;0;0;2;0;0;0;0
"14/01/2026";"11:54:15";"158";"Sem vítima";"159,000";"BR-277/PR";"Decrescente";"Capotamento";1;0;0;0;0;0;0;0;0;0;3;0;0;0;0
"14/01/2026";"12:05:49";"160";"Com vítima";"225,000";"BR-373/PR";"Crescente";"Saída de pista";1;0;0;0;0;0;0;0;0;0;0;1;0;0;0
"14/01/2026";"13:37:59";"169";"Sem vítima";"121,600";"BR-277/PR";"Decrescente";"Colisão transversal";1;0;1;0;0;0;0;0;0;0;0;0;0;0;0
"14/01/2026";"14:57:14";"175";"Com vítima";"207,000";"BR-277/PR";"Decrescente";"Saída de pista";1;0;0;0;0;0;0;0;0;0;0;1;0;0;0
"14/01/2026";"23:49:55";"211";"Com vítima";"122,100";"BR-277/PR";"Decrescente";"Saída de pista";1;0;0;0;0;0;0;0;0;0;1;0;3;0;0
"15/01/2026";"17:37:22";"101";"Sem vítima";"108,548";"BR-277/PR";"Decrescente";"Colisão lateral no mesmo sentido";1;0;1;0;0;0;0;0;0;0;2;0;0;0;0
"15/01/2026";"18:09:04";"104";"Com vítima";"174,200";"BR-277/PR";"Crescente";"Saída de pista";0;0;1;0;0;0;0;0;0;0;0;1;0;0;0
"15/01/2026";"20:20:38";"116";"Com vítima";"24,655";"423/PR";"Crescente";"Colisão frontal";1;0;1;0;0;0;0;0;0;0;1;0;0;0;1
"16/01/2026";"02:58:15";"50";"Sem vítima";"132,762";"BR-277/PR";"Crescente";"Colisão traseira";0;0;1;0;0;0;0;0;0;1;2;0;0;0;0
"16/01/2026";"06:41:45";"59";"Sem vítima";"153,000";"BR-476/PR";"Decrescente";"Engavetamento";4;0;0;0;0;0;0;0;0;0;4;0;0;0;0
"16/01/2026";"08:54:01";"69";"Com vítima";"219,000";"BR-277/PR";"Decrescente";"Tombamento";0;0;1;0;0;0;0;0;0;0;0;2;0;0;0
"16/01/2026";"10:09:18";"76";"Sem vítima";"256,500";"BR-277/PR";"Crescente";"Saída de pista";0;0;1;0;0;0;0;0;0;0;1;0;0;0;0
"16/01/2026";"10:22:00";"77";"Sem vítima";"606,000";"BR-376/PR";"Crescente";"Colisão transversal";1;0;1;0;0;0;0;0;0;0;0;0;0;0;0
"16/01/2026";"10:38:37";"79";"Sem vítima";"606,000";"BR-376/PR";"Crescente";"Colisão traseira";1;0;1;0;0;0;0;0;0;0;2;0;0;0;0
"16/01/2026";"16:37:33";"103";"Sem vítima";"3,000";"418/PR";"Decrescente";"Colisão transversal";1;0;0;1;0;0;0;0;0;0;2;0;0;0;0
"17/01/2026";"04:45:58";"142";"Com vítima";"13,900";"418/PR";"Decrescente";"Colisão traseira";1;0;1;0;0;0;0;0;0;0;1;0;1;0;1
"17/01/2026";"15:46:43";"184";"Sem vítima";"19,600";"418/PR";"Crescente";"Queda de moto";0;0;0;1;0;0;0;0;0;0;1;0;0;0;0
"17/01/2026";"16:25:22";"188";"Sem vítima";"603,100";"BR-376/PR";"Crescente";"Tombamento";0;0;1;0;0;0;0;0;0;0;1;0;0;0;0
"17/01/2026";"19:07:14";"214";"Sem vítima";"35,000";"423/PR";"Crescente";"Saída de pista";1;0;0;0;0;0;0;0;0;0;1;0;0;0;0
"17/01/2026";"19:18:21";"217";"Com vítima";"243,800";"BR-373/PR";"Crescente";"Choque";0;0;0;0;0;0;0;0;0;1;0;0;1;0;0
"18/01/2026";"01:41:15";"2";"Sem vítima";"18,000";"418/PR";"Crescente";"Colisão traseira";1;0;0;1;0;0;0;0;0;0;2;0;0;0;0
"18/01/2026";"06:19:52";"13";"Sem vítima";"178,900";"BR-277/PR";"Decrescente";"Saída de pista";1;0;0;0;0;0;0;0;0;0;1;0;0;0;0
"18/01/2026";"10:38:22";"39";"Sem vítima";"147,000";"BR-277/PR";"Decrescente";"Saída de pista";1;0;0;0;0;0;0;0;0;0;2;0;0;0;0
"18/01/2026";"15:37:02";"60";"Com vítima";"13,200";"418/PR";"Crescente";"Colisão lateral no mesmo sentido";1;0;0;1;0;0;0;0;0;0;1;1;0;0;0
"18/01/2026";"18:45:56";"73";"Sem vítima";"605,000";"BR-376/PR";"Crescente";"Saída de pista";1;0;0;0;0;0;0;0;0;0;1;0;0;0;0
"19/01/2026";"06:20:58";"53";"Com vítima";"137,400";"BR-277/PR";"Decrescente";"Queda de moto";0;0;0;1;0;0;0;0;0;0;0;1;0;0;0
"19/01/2026";"11:22:15";"74";"Sem vítima";"12,000";"418/PR";"Crescente";"Atropelamento de animal";0;0;0;1;0;0;0;0;0;0;1;0;0;0;0
"19/01/2026";"13:24:42";"78";"Sem vítima";"117,000";"BR-277/PR";"Crescente";"Colisão transversal";2;0;0;0;0;0;0;0;0;0;2;0;0;0;0
"19/01/2026";"16:48:34";"91";"Sem vítima";"10,000";"423/PR";"Crescente";"Atropelamento de pedestre";0;0;0;1;0;0;0;0;0;0;1;0;0;0;0
"19/01/2026";"20:10:06";"104";"Sem vítima";"115,473";"BR-277/PR";"Crescente";"Capotamento";1;0;0;0;0;0;0;0;0;0;4;0;0;0;0
"20/01/2026";"04:33:18";"54";"Sem vítima";"592,010";"BR-376/PR";"Crescente";"Colisão lateral no mesmo sentido";0;0;1;0;0;0;0;0;0;1;6;0;0;0;0
"20/01/2026";"07:41:33";"63";"Sem vítima";"122,000";"BR-277/PR";"Decrescente";"Capotamento";1;0;0;0;0;0;0;0;0;0;2;0;0;0;0
"20/01/2026";"16:26:25";"105";"Com vítima";"158,040";"BR-476/PR";"Decrescente";"Colisão lateral no mesmo sentido";2;0;0;0;0;0;0;0;0;0;2;1;0;0;0
"20/01/2026";"16:48:18";"107";"Sem vítima";"597,025";"BR-376/PR";"Crescente";"Saída de pista";1;0;0;0;0;0;0;0;0;0;1;0;0;0;0
"20/01/2026";"19:27:59";"120";"Com vítima";"3,598";"Acesso BR";"Crescente";"Queda de bicicleta";0;1;0;0;0;0;0;0;0;0;0;0;0;0;0
"21/01/2026";"00:25:46";"2";"Com vítima";"149,564";"BR-476/PR";"Decrescente";"Capotamento";1;0;0;0;0;0;0;0;0;0;0;1;0;0;0
"21/01/2026";"08:13:00";"49";"Com vítima";"603,800";"BR-376/PR";"Crescente";"Atropelamento de pedestre";0;0;1;0;0;0;0;0;0;0;1;1;0;0;0
"21/01/2026";"08:39:22";"55";"Sem vítima";"158,000";"BR-476/PR";"Crescente";"Engavetamento";2;0;1;0;0;0;0;0;0;0;4;0;0;0;0
"21/01/2026";"17:35:52";"102";"Sem vítima";"279,000";"BR-373/PR";"Decrescente";"Colisão traseira";1;0;0;0;0;0;0;0;0;0;1;0;0;0;0
"22/01/2026";"06:30:43";"56";"Com vítima";"214,000";"BR-277/PR";"Decrescente";"Tombamento";0;0;1;0;0;0;0;0;0;0;0;1;0;0;0
"22/01/2026";"07:16:08";"58";"Sem vítima";"54,250";"427/PR";"Decrescente";"Saída de pista";1;0;0;0;0;0;0;0;0;0;1;0;0;0;0
"22/01/2026";"08:05:58";"60";"Sem vítima";"605,000";"BR-376/PR";"Decrescente";"Colisão traseira";2;0;0;0;0;0;0;0;0;0;3;0;0;0;0
"22/01/2026";"08:32:34";"61";"Sem vítima";"14,000";"418/PR";"Crescente";"Colisão traseira";0;0;0;0;0;0;0;0;0;2;3;0;0;0;0
"22/01/2026";"09:05:20";"65";"Sem vítima";"8,000";"418/PR";"Decrescente";"Colisão transversal";1;0;1;0;0;0;0;0;0;0;3;0;0;0;0
"22/01/2026";"09:17:41";"66";"Sem vítima";"165,000";"BR-277/PR";"Crescente";"Colisão traseira";1;0;1;0;0;0;0;0;0;0;5;0;0;0;0
"22/01/2026";"15:56:00";"102";"Com vítima";"112,500";"BR-277/PR";"Crescente";"Saída de pista";0;0;0;1;0;0;0;0;0;0;0;0;1;0;0
"22/01/2026";"16:02:00";"101";"Com vítima";"605,000";"BR-376/PR";"Crescente";"Colisão traseira";1;0;0;1;0;0;0;0;0;0;1;0;1;0;0
"22/01/2026";"20:07:15";"123";"Sem vítima";"2,000";"418/PR";"Crescente";"Capotamento";1;0;0;0;0;0;0;0;0;0;1;0;0;0;0
"23/01/2026";"07:43:42";"55";"Sem vítima";"21,000";"418/PR";"Crescente";"Engavetamento";2;0;1;0;0;0;0;0;0;0;3;0;0;0;0
"23/01/2026";"08:50:04";"64";"Com vítima";"596,000";"BR-376/PR";"Crescente";"Queda de moto";0;0;0;1;0;0;0;0;0;0;0;0;1;0;0
"23/01/2026";"14:48:52";"98";"Sem vítima";"0,000";"Acesso BR";"Crescente";"Engavetamento";3;0;0;0;0;0;0;0;0;0;3;0;0;0;0
"23/01/2026";"16:36:13";"109";"Sem vítima";"227,595";"BR-277/PR";"Decrescente";"Saída de pista";1;0;0;0;0;0;0;0;0;0;4;0;0;0;0
"23/01/2026";"16:50:43";"110";"Com vítima";"2,000";"418/PR";"Crescente";"Colisão traseira";2;0;0;1;0;0;0;0;0;0;2;0;0;0;1
"23/01/2026";"16:52:38";"111";"Sem vítima";"165,458";"BR-277/PR";"Crescente";"Colisão traseira";0;0;2;0;0;0;0;0;0;0;2;0;0;0;0
"23/01/2026";"18:19:33";"120";"Com vítima";"592,800";"BR-376/PR";"Decrescente";"Colisão traseira";0;0;0;1;0;0;0;0;0;0;0;1;0;0;0
"24/01/2026";"04:19:11";"20";"Sem vítima";"161,300";"BR-476/PR";"Crescente";"Saída de pista";1;0;0;0;0;0;0;0;0;0;1;0;0;0;0
"24/01/2026";"08:04:32";"31";"Com vítima";"298,500";"BR-277/PR";"Decrescente";"Colisão frontal";2;0;0;0;0;0;0;0;0;0;5;3;0;0;0
"24/01/2026";"09:48:43";"36";"Com vítima";"145,000";"BR-277/PR";"Crescente";"Colisão traseira";1;0;0;1;0;0;0;0;0;0;5;1;0;0;0
"24/01/2026";"11:02:58";"39";"Sem vítima";"144,000";"BR-476/PR";"Crescente";"Colisão traseira";1;0;0;1;0;0;0;0;0;0;2;0;0;0;0
"24/01/2026";"19:03:31";"62";"Sem vítima";"598,110";"BR-376/PR";"Decrescente";"Colisão lateral no mesmo sentido";1;0;0;0;0;0;0;0;0;0;1;0;0;0;0
"24/01/2026";"20:02:39";"68";"Sem vítima";"210,450";"BR-373/PR";"Crescente";"Colisão lateral no mesmo sentido";2;0;0;0;0;0;0;0;0;0;4;0;0;0;0
"25/01/2026";"00:05:44";"1";"Com vítima";"181,690";"BR-476/PR";"Decrescente";"Capotamento";0;0;1;0;0;0;0;0;0;0;0;0;1;0;0
"25/01/2026";"03:26:11";"8";"Com vítima";"155,719";"BR-476/PR";"Decrescente";"Queda de moto";0;0;0;1;0;0;0;0;0;0;0;1;0;0;0
"25/01/2026";"07:50:28";"22";"Sem vítima";"260,000";"BR-277/PR";"Crescente";"Colisão traseira";2;0;0;0;0;0;0;0;0;0;4;0;0;0;0
"25/01/2026";"08:13:49";"25";"Sem vítima";"137,000";"BR-277/PR";"Crescente";"Colisão traseira";2;0;0;0;0;0;0;0;0;0;3;0;0;0;0
"25/01/2026";"09:31:18";"29";"Com vítima";"121,000";"BR-277/PR";"Crescente";"Colisão transversal";2;0;0;0;0;0;0;0;0;0;1;0;1;0;0
"25/01/2026";"18:21:29";"75";"Sem vítima";"113,050";"BR-277/PR";"Crescente";"Queda de moto";0;0;0;1;0;0;0;0;0;0;2;0;0;0;0
"25/01/2026";"20:03:35";"81";"Sem vítima";"244,690";"BR-277/PR";"Crescente";"Colisão lateral no mesmo sentido";2;0;0;0;0;0;0;0;0;0;2;0;0;0;0
"25/01/2026";"20:12:53";"83";"Sem vítima";"18,200";"423/PR";"Decrescente";"Queda de moto";0;0;0;1;0;0;0;0;0;0;2;0;0;0;0
"26/01/2026";"08:31:13";"54";"Sem vítima";"0,000";"Acesso BR";"Crescente";"Colisão transversal";1;0;1;0;0;0;0;0;0;0;3;0;0;0;0
"26/01/2026";"10:31:33";"75";"Sem vítima";"185,000";"BR-373/PR";"Decrescente";"Colisão traseira";2;0;0;0;0;0;0;0;0;0;2;0;0;0;0
"27/01/2026";"06:53:00";"55";"Sem vítima";"158,000";"BR-476/PR";"Crescente";"Colisão transversal";1;0;0;1;0;0;0;0;0;0;2;0;0;0;0
"27/01/2026";"08:51:34";"66";"Com vítima";"606,000";"BR-376/PR";"Decrescente";"Colisão traseira";1;0;0;1;0;0;0;0;0;0;1;0;1;0;0
"27/01/2026";"11:59:29";"94";"Com vítima";"11,000";"418/PR";"Crescente";"Colisão transversal";2;0;0;0;0;0;0;0;0;0;2;2;0;0;0
"27/01/2026";"14:18:42";"101";"Com vítima";"198,000";"BR-277/PR";"Decrescente";"Colisão transversal";0;0;2;0;0;0;0;0;0;0;1;0;1;0;0
"27/01/2026";"14:20:18";"102";"Com vítima";"302,000";"BR-277/PR";"Decrescente";"Colisão traseira";0;0;0;0;1;0;0;0;1;0;2;1;1;0;0
"27/01/2026";"14:43:36";"104";"Sem vítima";"214,156";"BR-277/PR";"Decrescente";"Colisão transversal";0;0;3;0;0;0;0;0;0;0;3;0;0;0;0
"27/01/2026";"18:22:37";"124";"Sem vítima";"1,400";"Acesso BR";"Decrescente";"Engavetamento";4;0;0;0;0;0;0;0;0;0;4;0;0;0;0
"27/01/2026";"21:03:34";"139";"Sem vítima";"202,000";"BR-277/PR";"Decrescente";"Colisão lateral no mesmo sentido";1;0;1;0;0;0;0;0;0;0;2;0;0;0;0
"28/01/2026";"07:45:29";"22";"Com vítima";"285,000";"BR-277/PR";"Crescente";"Colisão lateral no mesmo sentido";0;0;2;0;0;0;0;0;0;0;1;1;0;0;0
"28/01/2026";"08:14:24";"28";"Sem vítima";"12,000";"423/PR";"Crescente";"Colisão frontal";1;0;1;0;0;0;0;0;0;0;3;0;0;0;0
"28/01/2026";"08:18:58";"29";"Sem vítima";"155,400";"BR-277/PR";"Decrescente";"Colisão transversal";1;0;1;0;0;0;0;0;0;0;1;0;0;0;0
"28/01/2026";"08:29:03";"30";"Sem vítima";"108,749";"BR-277/PR";"Decrescente";"Engavetamento";3;0;0;0;0;0;0;0;0;0;5;0;0;0;0
"28/01/2026";"08:35:45";"32";"Sem vítima";"10,000";"423/PR";"Decrescente";"Colisão lateral no mesmo sentido";1;0;0;1;0;0;0;0;0;0;2;0;0;0;0
"28/01/2026";"12:02:29";"48";"Sem vítima";"140,000";"BR-277/PR";"Crescente";"Queda de moto";0;0;0;1;0;0;0;0;0;0;1;0;0;0;0
"28/01/2026";"16:49:51";"67";"Com vítima";"188,800";"BR-476/PR";"Crescente";"Atropelamento de animal";0;0;0;1;0;0;0;0;0;0;0;1;0;0;0
"28/01/2026";"18:32:38";"76";"Sem vítima";"232,100";"BR-373/PR";"Crescente";"Colisão traseira";2;0;0;0;0;0;0;0;0;0;4;0;0;0;0
"29/01/2026";"01:48:47";"2";"Sem vítima";"166,461";"BR-277/PR";"Crescente";"Saída de pista";0;0;0;0;0;1;0;0;0;1;4;0;0;0;0
"29/01/2026";"02:34:08";"4";"Com vítima";"0,000";"Acesso BR";"Crescente";"Queda de moto";0;0;0;1;0;0;0;0;0;0;0;1;0;0;0
"29/01/2026";"03:11:25";"7";"Sem vítima";"605,100";"BR-376/PR";"Decrescente";"Saída de pista";1;0;0;0;0;0;0;0;0;0;1;0;0;0;0
"29/01/2026";"05:29:58";"47";"Sem vítima";"64,000";"427/PR";"Crescente";"Saída de pista";0;0;1;0;0;0;0;0;0;0;1;0;0;0;0
"29/01/2026";"09:22:34";"70";"Sem vítima";"165,458";"BR-277/PR";"Decrescente";"Engavetamento";3;0;1;0;0;0;0;0;0;0;4;0;0;0;0
"29/01/2026";"12:42:12";"95";"Sem vítima";"116,000";"BR-277/PR";"Crescente";"Colisão transversal";0;0;2;0;0;0;0;0;0;0;2;0;0;0;0
"29/01/2026";"17:10:46";"113";"Sem vítima";"124,000";"BR-277/PR";"Crescente";"Colisão traseira";2;0;1;0;0;0;0;0;0;0;4;0;0;0;0
"30/01/2026";"13:28:59";"84";"Sem vítima";"594,000";"BR-376/PR";"Crescente";"Colisão traseira";1;0;1;0;0;0;0;0;0;0;2;0;0;0;0
"30/01/2026";"15:40:40";"99";"Sem vítima";"182,750";"BR-277/PR";"Crescente";"Colisão traseira";1;0;0;0;0;0;0;0;0;0;2;0;0;0;0
"30/01/2026";"16:37:43";"105";"Sem vítima";"187,000";"BR-277/PR";"Decrescente";"Colisão traseira";1;0;0;0;0;0;0;0;0;0;1;0;0;0;0
"30/01/2026";"17:26:00";"108";"Com vítima";"160,300";"BR-277/PR";"Decrescente";"Colisão frontal";1;0;1;0;0;0;0;0;0;0;1;0;0;0;1
"31/01/2026";"06:04:45";"19";"Com vítima";"243,000";"BR-277/PR";"Crescente";"Colisão frontal";1;0;1;0;0;0;0;0;0;0;2;0;0;0;1
"31/01/2026";"09:33:33";"26";"Sem vítima";"243,000";"BR-277/PR";"Decrescente";"Colisão traseira";0;1;0;1;0;0;0;0;0;0;1;0;0;0;0
"31/01/2026";"10:33:34";"28";"Sem vítima";"199,000";"BR-373/PR";"Decrescente";"Colisão frontal";0;0;2;0;0;0;0;0;0;0;2;0;0;0;0
"31/01/2026";"15:35:44";"58";"Sem vítima";"137,000";"BR-277/PR";"Decrescente";"Colisão traseira";2;0;0;0;0;0;0;0;0;0;2;0;0;0;0
"31/01/2026";"21:16:26";"76";"Sem vítima";"1,100";"418/PR";"Decrescente";"Colisão lateral no mesmo sentido";1;0;1;0;0;0;0;0;0;0;2;0;0;0;0
"31/01/2026";"23:10:24";"85";"Sem vítima";"243,640";"BR-373/PR";"Decrescente";"Saída de pista";1;0;0;0;0;0;0;0;0;0;3;0;0;0;0
"01/02/2026";"08:33:19";"19";"Com vítima";"18,000";"418/PR";"Crescente";"Colisão traseira";1;0;0;1;0;0;0;0;0;0;1;1;0;0;0
"01/02/2026";"11:58:58";"30";"Com vítima";"70,000";"427/PR";"Crescente";"Queda de moto";0;0;0;1;0;0;0;0;0;0;0;1;0;0;0
"01/02/2026";"20:35:22";"61";"Sem vítima";"109,599";"BR-277/PR";"Decrescente";"Colisão traseira";0;0;2;0;0;0;0;0;0;0;2;0;0;0;0
"01/02/2026";"21:12:36";"62";"Com vítima";"151,311";"BR-476/PR";"Decrescente";"Engavetamento";3;0;0;0;0;0;0;0;0;0;3;1;0;0;0
"02/02/2026";"00:21:00";"3";"Com vítima";"160,124";"BR-476/PR";"Crescente";"Saída de pista";1;0;0;0;0;0;0;0;0;0;0;0;1;0;0
"02/02/2026";"08:30:15";"49";"Sem vítima";"134,500";"BR-277/PR";"Decrescente";"Saída de pista";1;0;0;0;0;0;0;0;0;0;0;0;0;0;0
"02/02/2026";"08:33:50";"50";"Sem vítima";"149,000";"BR-476/PR";"Crescente";"Engavetamento";2;0;0;0;0;0;0;0;0;0;2;0;0;0;0
"02/02/2026";"16:14:59";"97";"Sem vítima";"118,000";"BR-277/PR";"Crescente";"Colisão traseira";2;0;0;0;0;0;0;0;0;0;2;0;0;0;0
"02/02/2026";"23:35:42";"131";"Com vítima";"166,800";"BR-277/PR";"Crescente";"Saída de pista";0;0;1;0;0;0;0;0;0;0;0;0;3;0;0
"03/02/2026";"07:09:14";"52";"Com vítima";"10,300";"418/PR";"Crescente";"Colisão transversal";1;0;0;1;0;0;0;0;0;0;1;0;0;1;0
"03/02/2026";"10:16:58";"68";"Com vítima";"605,900";"BR-376/PR";"Decrescente";"Engavetamento";5;0;2;0;0;0;0;0;0;0;11;2;0;0;0
"03/02/2026";"10:35:00";"72";"Sem vítima";"173,000";"BR-277/PR";"Crescente";"Colisão transversal";0;0;2;0;0;0;0;0;0;0;2;0;0;0;0
"03/02/2026";"11:04:49";"73";"Com vítima";"29,000";"423/PR";"Crescente";"Colisão frontal";0;0;1;1;0;0;0;0;0;0;1;0;1;0;0
"03/02/2026";"15:34:16";"81";"Sem vítima";"1,000";"418/PR";"Crescente";"Colisão lateral no mesmo sentido";2;0;0;0;0;0;0;0;0;0;4;0;0;0;0
"03/02/2026";"16:36:38";"84";"Sem vítima";"140,000";"BR-277/PR";"Crescente";"Colisão lateral no mesmo sentido";1;0;1;0;0;0;0;0;0;0;2;0;0;0;0
"03/02/2026";"17:33:43";"86";"Com vítima";"598,100";"BR-376/PR";"Crescente";"Colisão lateral no mesmo sentido";0;0;1;1;0;0;0;0;0;0;1;0;0;0;1
"04/02/2026";"12:28:30";"65";"Com vítima";"4,000";"418/PR";"Crescente";"Queda de moto";0;0;0;1;0;0;0;0;0;0;0;1;0;0;0
"04/02/2026";"16:58:00";"79";"Com vítima";"10,100";"423/PR";"Crescente";"Colisão traseira";1;0;0;1;0;0;0;0;0;0;1;0;1;0;0
"05/02/2026";"05:29:22";"5";"Com vítima";"145,730";"BR-277/PR";"Crescente";"Colisão traseira";0;0;2;0;0;0;0;0;0;0;2;3;0;0;0
"05/02/2026";"05:30:54";"6";"Com vítima";"133,100";"BR-277/PR";"Decrescente";"Colisão traseira";0;0;1;0;0;0;0;0;0;1;5;8;0;0;0
"05/02/2026";"06:09:51";"7";"Sem vítima";"598,000";"BR-376/PR";"Decrescente";"Colisão transversal";1;0;1;0;0;0;0;0;0;0;2;0;0;0;0
"05/02/2026";"07:24:20";"11";"Sem vítima";"197,000";"BR-277/PR";"Crescente";"Colisão traseira";0;0;2;0;0;0;0;0;0;0;2;0;0;0;0
"05/02/2026";"07:57:24";"14";"Com vítima";"594,000";"BR-376/PR";"Decrescente";"Queda de moto";0;0;0;1;0;0;0;0;0;0;0;1;0;0;0
"05/02/2026";"10:20:34";"38";"Sem vítima";"158,000";"BR-476/PR";"Crescente";"Colisão transversal";2;0;0;0;0;0;0;0;0;0;2;0;0;0;0
"05/02/2026";"10:25:27";"39";"Com vítima";"598,000";"BR-376/PR";"Decrescente";"Colisão frontal";0;0;0;2;0;0;0;0;0;0;1;1;0;0;0
"05/02/2026";"13:09:01";"48";"Com vítima";"254,000";"BR-373/PR";"Crescente";"Queda de moto";0;0;0;1;0;0;0;0;0;0;0;0;1;0;0