data;horario;n_da_ocorrencia;tipo_de_ocorrencia;km;trecho;sentido;tipo_de_acidente;automovel;bicicleta;caminhao;moto;onibus;outros;tracao_animal;transporte_de_cargas_especiais;trator_maquinas;utilitarios;ilesos;levemente_feridos;moderadamente_feridos;gravemente_feridos;mortos
"05/02/2026";"20:19:09";"77";"Com vítima";"227,000";"BR-277/PR";"Decrescente";"Tombamento";0;0;1;0;0;0;0;0;0;0;0;1;0;1;0
"05/02/2026";"21:23:12";"79";"Com vítima";"20,400";"418/PR";"Crescente";"Colisão traseira";0;0;1;1;0;0;0;0;0;0;1;0;0;0;1
"05/02/2026";"22:22:14";"81";"Sem vítima";"177,480";"BR-277/PR";"Decrescente";"Colisão traseira";2;0;0;0;0;0;0;0;0;0;4;0;0;0;0
"06/02/2026";"06:23:41";"94";"Sem vítima";"12,000";"418/PR";"Crescente";"Colisão frontal";1;0;0;0;0;0;0;0;0;1;2;0;0;0;0
"06/02/2026";"11:40:04";"111";"Sem vítima";"145,000";"BR-277/PR";"Decrescente";"Colisão traseira";1;0;0;0;0;0;0;0;0;0;1;0;0;0;0
"06/02/2026";"11:54:56";"112";"Sem vítima";"185,500";"BR-277/PR";"Crescente";"Tombamento";0;0;1;0;0;0;0;0;0;0;1;0;0;0;0
"06/02/2026";"17:21:55";"151";"Sem vítima";"146,200";"BR-476/PR";"Decrescente";"Engavetamento";3;0;0;0;0;0;0;0;0;0;4;0;0;0;0
"06/02/2026";"19:09:08";"163";"Com vítima";"228,300";"BR-373/PR";"Decrescente";"Colisão lateral no mesmo sentido";0;0;1;1;0;0;0;0;0;0;1;0;0;1;0
"06/02/2026";"22:10:51";"175";"Com vítima";"226,100";"BR-373/PR";"Decrescente";"Colisão traseira";1;0;0;1;0;0;0;0;0;0;1;0;1;0;0
"06/02/2026";"23:00:27";"180";"Sem vítima";"179,000";"BR-277/PR";"Crescente";"Colisão traseira";1;0;1;0;0;0;0;0;0;0;4;0;0;0;0
"07/02/2026";"05:46:46";"43";"Sem vítima";"211,000";"BR-277/PR";"Decrescente";"Capotamento";1;0;0;0;0;0;0;0;0;0;1;0;0;0;0
"07/02/2026";"05:50:05";"44";"Sem vítima";"65,200";"427/PR";"Decrescente";"Colisão lateral no mesmo sentido";1;0;1;0;0;0;0;0;0;0;2;0;0;0;0
"07/02/2026";"14:41:16";"83";"Sem vítima";"139,835";"BR-277/PR";"Decrescente";"Saída de pista";1;0;0;0;0;0;0;0;0;0;1;0;0;0;0
"07/02/2026";"17:14:59";"101";"Sem vítima";"178,700";"BR-476/PR";"Crescente";"Tombamento";0;0;1;0;0;1;0;0;0;0;2;0;0;0;0
"07/02/2026";"18:41:26";"105";"Sem vítima";"36,100";"427/PR";"Crescente";"Choque";1;0;0;0;0;0;0;0;0;0;0;0;0;0;0
"07/02/2026";"20:50:06";"117";"Com vítima";"299,469";"BR-277/PR";"Decrescente";"Colisão traseira";1;0;1;0;0;0;0;0;0;0;1;0;3;0;0
"08/02/2026";"02:28:22";"8";"Sem vítima";"599,050";"BR-376/PR";"Decrescente";"Colisão traseira";2;0;0;0;0;0;0;0;0;0;2;0;0;0;0
"08/02/2026";"07:47:17";"35";"Sem vítima";"606,000";"BR-376/PR";"Crescente";"Colisão lateral no mesmo sentido";0;0;2;0;0;0;0;0;0;0;2;0;0;0;0
"08/02/2026";"11:38:45";"45";"Sem vítima";"22,300";"423/PR";"Crescente";"Colisão lateral no mesmo sentido";0;0;2;0;0;0;0;0;0;0;2;0;0;0;0
"08/02/2026";"16:05:43";"63";"Sem vítima";"137,000";"BR-277/PR";"Decrescente";"Saída de pista";1;0;0;0;0;0;0;0;0;0;1;0;0;0;0
"08/02/2026";"19:57:36";"80";"Com vítima";"170,193";"BR-277/PR";"Decrescente";"Atropelamento de pedestre";0;0;1;0;0;0;0;0;0;0;1;0;0;0;1
"08/02/2026";"21:18:08";"84";"Com vítima";"160,458";"BR-277/PR";"Decrescente";"Saída de pista";0;0;1;0;0;0;0;0;0;0;0;2;0;0;0
"08/02/2026";"21:49:07";"89";"Com vítima";"188,382";"BR-476/PR";"Crescente";"Colisão frontal";1;0;0;1;0;0;0;0;0;0;2;2;0;0;1
"09/02/2026";"06:35:36";"14";"Sem vítima";"64,000";"427/PR";"Crescente";"Queda de moto";0;0;0;1;0;0;0;0;0;0;1;0;0;0;0
"09/02/2026";"07:43:08";"21";"Com vítima";"605,000";"BR-376/PR";"Crescente";"Engavetamento";3;0;0;0;0;0;0;0;0;0;2;0;1;0;0
"09/02/2026";"08:00:38";"25";"Com vítima";"144,504";"BR-476/PR";"Decrescente";"Colisão traseira";1;0;0;1;0;0;0;0;0;0;1;0;1;0;0
"09/02/2026";"11:52:56";"48";"Sem vítima";"592,000";"BR-376/PR";"Crescente";"Colisão traseira";1;0;1;0;0;0;0;0;0;0;0;0;0;0;0
"09/02/2026";"14:07:04";"59";"Sem vítima";"184,000";"BR-277/PR";"Crescente";"Engavetamento";0;0;3;0;0;0;0;0;0;0;0;0;0;0;0
"09/02/2026";"18:03:31";"75";"Com vítima";"168,199";"BR-476/PR";"Crescente";"Queda de moto";0;0;0;1;0;0;0;0;0;0;0;1;0;0;0
"09/02/2026";"22:42:48";"99";"Sem vítima";"606,200";"BR-376/PR";"Decrescente";"Colisão lateral no mesmo sentido";1;0;1;0;0;0;0;0;0;0;2;0;0;0;0
"10/02/2026";"07:28:41";"43";"Sem vítima";"145,700";"BR-476/PR";"Decrescente";"Engavetamento";3;0;0;0;0;0;0;0;0;0;3;0;0;0;0
"10/02/2026";"07:40:56";"48";"Sem vítima";"6,100";"418/PR";"Crescente";"Colisão traseira";1;0;0;0;0;0;0;0;0;1;2;0;0;0;0
"10/02/2026";"12:54:10";"69";"Sem vítima";"3,000";"Acesso BR";"Crescente";"Colisão transversal";1;0;0;1;0;0;0;0;0;0;2;0;0;0;0
"10/02/2026";"15:02:16";"83";"Com vítima";"119,000";"BR-277/PR";"Crescente";"Colisão transversal";0;0;1;1;0;0;0;0;0;0;1;0;1;0;0
"10/02/2026";"23:17:33";"124";"Com vítima";"151,000";"BR-476/PR";"Decrescente";"Colisão lateral no mesmo sentido";0;0;0;2;0;0;0;0;0;0;1;0;1;0;0
"10/02/2026";"23:41:26";"126";"Com vítima";"108,000";"BR-277/PR";"Crescente";"Colisão traseira";0;0;0;1;0;0;0;0;0;0;1;1;0;0;0
"11/02/2026";"03:46:19";"49";"Com vítima";"14,500";"418/PR";"Crescente";"Colisão traseira";1;0;0;1;0;0;0;0;0;0;1;0;1;0;0
"11/02/2026";"07:51:42";"56";"Com vítima";"600,000";"BR-376/PR";"Decrescente";"Colisão transversal";0;0;0;1;0;0;0;0;0;0;0;1;0;0;0
"11/02/2026";"08:40:17";"63";"Sem vítima";"211,000";"BR-373/PR";"Decrescente";"Colisão traseira";1;0;1;0;0;0;0;0;0;0;3;0;0;0;0
"11/02/2026";"09:46:09";"70";"Sem vítima";"270,000";"BR-373/PR";"Crescente";"Colisão traseira";2;0;1;0;0;0;0;0;0;0;5;0;0;0;0
"11/02/2026";"16:55:52";"112";"Sem vítima";"19,800";"418/PR";"Crescente";"Acidentes de outra natureza";2;0;1;0;0;0;0;0;0;0;3;0;0;0;0
"11/02/2026";"17:16:01";"117";"Sem vítima";"169,340";"BR-476/PR";"Crescente";"Colisão lateral no mesmo sentido";2;0;0;0;0;0;0;0;0;0;3;0;0;0;0
"12/02/2026";"07:08:07";"63";"Sem vítima";"603,000";"BR-376/PR";"Decrescente";"Colisão lateral no mesmo sentido";1;0;1;0;0;0;0;0;0;0;2;0;0;0;0
"12/02/2026";"08:08:53";"66";"Sem vítima";"114,000";"BR-277/PR";"Decrescente";"Colisão traseira";2;0;0;0;0;0;0;0;0;0;2;0;0;0;0
"12/02/2026";"15:04:11";"100";"Sem vítima";"1,000";"418/PR";"Decrescente";"Capotamento";1;0;0;0;0;0;0;0;0;0;1;0;0;0;0
"12/02/2026";"16:15:18";"105";"Sem vítima";"16,000";"418/PR";"Crescente";"Colisão traseira";1;0;1;0;0;0;0;0;0;0;2;0;0;0;0
"12/02/2026";"18:18:19";"118";"Com vítima";"172,000";"BR-476/PR";"Decrescente";"Choque";1;0;0;0;0;0;0;0;0;0;0;1;0;0;0
"12/02/2026";"18:19:22";"117";"Sem vítima";"4,000";"Acesso BR";"Decrescente";"Colisão lateral no mesmo sentido";1;0;0;1;0;0;0;0;0;0;2;0;0;0;0
"12/02/2026";"20:15:50";"129";"Com vítima";"253,370";"BR-277/PR";"Crescente";"Tombamento";0;0;0;0;1;0;0;0;0;0;0;3;2;1;1
"13/02/2026";"07:05:59";"82";"Sem vítima";"12,800";"418/PR";"Crescente";"Colisão traseira";2;0;0;0;0;0;0;0;0;0;2;0;0;0;0
"13/02/2026";"07:24:47";"83";"Com vítima";"182,000";"BR-277/PR";"Crescente";"Colisão traseira";1;0;1;0;0;0;0;0;0;0;1;0;4;0;0
"13/02/2026";"07:50:52";"87";"Com vítima";"29,000";"423/PR";"Crescente";"Colisão traseira";1;0;0;1;0;0;0;0;0;0;0;0;2;0;0
"13/02/2026";"09:52:23";"94";"Sem vítima";"135,000";"BR-277/PR";"Decrescente";"Tombamento";0;0;1;0;0;0;0;0;0;0;1;0;0;0;0
"13/02/2026";"09:58:21";"95";"Sem vítima";"219,000";"BR-373/PR";"Decrescente";"Colisão traseira";2;0;0;0;0;0;0;0;0;0;7;0;0;0;0
"13/02/2026";"11:51:21";"110";"Sem vítima";"208,000";"BR-277/PR";"Decrescente";"Queda de moto";0;0;0;1;0;0;0;0;0;0;0;0;0;0;0
"13/02/2026";"14:23:23";"118";"Sem vítima";"118,000";"BR-277/PR";"Decrescente";"Colisão traseira";2;0;0;0;0;0;0;0;0;0;2;0;0;0;0
"13/02/2026";"15:03:28";"121";"Sem vítima";"12,000";"423/PR";"Crescente";"Colisão transversal";1;0;1;0;0;0;0;0;0;0;2;0;0;0;0
"13/02/2026";"17:27:55";"132";"Com vítima";"159,000";"BR-476/PR";"Decrescente";"Colisão transversal";1;0;0;1;0;0;0;0;0;0;1;1;0;0;0
"13/02/2026";"17:40:42";"133";"Sem vítima";"145,000";"BR-277/PR";"Decrescente";"Colisão traseira";0;0;2;0;0;0;0;0;0;0;2;0;0;0;0
"13/02/2026";"19:54:08";"142";"Sem vítima";"132,000";"BR-277/PR";"Decrescente";"Colisão lateral no mesmo sentido";1;0;1;0;0;0;0;0;0;0;2;0;0;0;0
"13/02/2026";"20:33:25";"144";"Sem vítima";"1,100";"418/PR";"Crescente";"Choque";1;0;0;0;0;0;0;0;0;0;1;0;0;0;0
"13/02/2026";"22:20:56";"156";"Sem vítima";"136,210";"BR-277/PR";"Decrescente";"Colisão traseira";2;0;0;0;0;0;0;0;0;0;2;0;0;0;0
"14/02/2026";"02:29:29";"7";"Com vítima";"249,480";"BR-373/PR";"Decrescente";"Capotamento";2;0;0;0;0;0;0;0;0;0;0;3;0;0;0
"14/02/2026";"02:31:30";"8";"Com vítima";"201,201";"BR-277/PR";"Crescente";"Colisão transversal";1;0;1;0;0;0;0;0;0;0;1;0;0;1;0
"14/02/2026";"10:26:01";"34";"Sem vítima";"109,000";"BR-277/PR";"Decrescente";"Colisão traseira";2;0;0;0;0;0;0;0;0;0;2;0;0;0;0
"14/02/2026";"11:35:37";"37";"Sem vítima";"115,000";"BR-277/PR";"Crescente";"Colisão traseira";1;0;1;0;0;0;0;0;0;0;3;0;0;0;0
"14/02/2026";"12:40:00";"41";"Sem vítima";"0,400";"418/PR";"Decrescente";"Colisão traseira";1;0;0;0;0;0;0;0;0;0;1;0;0;0;0
"14/02/2026";"16:41:52";"71";"Sem vítima";"112,000";"BR-277/PR";"Decrescente";"Colisão traseira";1;0;1;0;0;0;0;0;0;0;2;0;0;0;0
"14/02/2026";"19:28:10";"88";"Sem vítima";"153,000";"BR-476/PR";"Decrescente";"Colisão traseira";1;0;1;0;0;0;0;0;0;0;2;0;0;0;0
"14/02/2026";"22:19:17";"98";"Com vítima";"114,000";"BR-277/PR";"Decrescente";"Queda de moto";0;0;0;1;0;0;0;0;0;0;0;0;1;0;0
"15/02/2026";"03:20:53";"8";"Com vítima";"282,600";"BR-373/PR";"Crescente";"Queda de moto";0;0;0;1;0;0;0;0;0;0;0;0;1;0;0
"15/02/2026";"08:08:52";"13";"Sem vítima";"241,551";"BR-277/PR";"Crescente";"Colisão transversal";1;0;0;0;0;0;0;0;0;0;5;0;0;0;0
"15/02/2026";"09:23:37";"19";"Com vítima";"70,500";"427/PR";"Crescente";"Colisão frontal";1;0;0;1;0;0;0;0;0;0;3;0;1;0;0
"15/02/2026";"10:53:16";"24";"Sem vítima";"156,000";"BR-476/PR";"Crescente";"Colisão transversal";0;0;1;0;0;0;0;0;0;0;1;0;0;0;0
"15/02/2026";"17:47:42";"61";"Sem vítima";"209,300";"BR-277/PR";"Crescente";"Saída de pista";1;0;0;0;0;0;0;0;0;0;2;0;0;0;0
"15/02/2026";"20:18:53";"68";"Com vítima";"222,360";"BR-373/PR";"Decrescente";"Colisão transversal";1;0;1;0;0;0;0;0;0;0;1;0;0;0;2
"16/02/2026";"07:44:16";"111";"Com vítima";"12,000";"423/PR";"Crescente";"Colisão traseira";2;0;0;0;0;0;0;0;0;0;2;1;0;0;0
"16/02/2026";"08:21:56";"113";"Com vítima";"194,000";"BR-373/PR";"Decrescente";"Colisão transversal";2;0;0;0;0;0;0;0;0;0;0;1;0;0;0
"16/02/2026";"09:01:17";"114";"Com vítima";"169,000";"BR-476/PR";"Decrescente";"Queda de moto";0;0;0;1;0;0;0;0;0;0;0;2;0;0;0
"16/02/2026";"18:03:23";"135";"Sem vítima";"0,000";"Acesso BR";"Decrescente";"Capotamento";1;0;0;0;0;0;0;0;0;0;1;0;0;0;0
"16/02/2026";"23:29:56";"151";"Sem vítima";"195,000";"BR-373/PR";"Decrescente";"Colisão lateral no mesmo sentido";1;0;1;0;0;0;0;0;0;0;2;0;0;0;0
"17/02/2026";"07:58:48";"6";"Sem vítima";"215,000";"BR-277/PR";"Decrescente";"Colisão transversal";1;0;1;0;0;0;0;0;0;0;5;0;0;0;0
"17/02/2026";"08:43:49";"8";"Sem vítima";"599,000";"BR-376/PR";"Crescente";"Engavetamento";0;0;3;0;0;0;0;0;0;0;3;0;0;0;0
"17/02/2026";"09:53:04";"12";"Com vítima";"113,000";"BR-277/PR";"Crescente";"Colisão transversal";1;0;1;1;0;0;0;0;0;0;2;0;1;0;0
"17/02/2026";"16:58:55";"45";"Com vítima";"157,000";"BR-476/PR";"Decrescente";"Queda de bicicleta";0;1;0;0;0;0;0;0;0;0;0;0;0;0;0
"17/02/2026";"18:38:01";"54";"Com vítima";"118,844";"BR-277/PR";"Decrescente";"Choque";1;0;0;0;0;0;0;0;0;0;1;2;0;0;0
"17/02/2026";"19:51:29";"57";"Com vítima";"118,900";"BR-277/PR";"Decrescente";"Colisão traseira";1;0;0;1;0;0;0;0;0;0;1;1;0;0;0
"17/02/2026";"21:30:21";"68";"Sem vítima";"137,020";"BR-277/PR";"Decrescente";"Choque";0;0;1;0;0;0;0;0;0;0;1;0;0;0;0
"17/02/2026";"22:03:34";"71";"Com vítima";"600,010";"BR-376/PR";"Decrescente";"Colisão transversal";1;0;0;1;0;0;0;0;0;0;0;1;0;0;0
"17/02/2026";"22:38:10";"77";"Sem vítima";"132,000";"BR-277/PR";"Decrescente";"Colisão lateral no mesmo sentido";1;0;1;0;0;0;0;0;0;0;6;0;0;0;0
"18/02/2026";"00:11:14";"1";"Sem vítima";"155,000";"BR-476/PR";"Crescente";"Colisão lateral no mesmo sentido";1;0;0;1;0;0;0;0;0;0;3;0;0;0;0
"18/02/2026";"00:35:31";"3";"Com vítima";"177,500";"BR-277/PR";"Crescente";"Saída de pista";1;0;0;0;0;0;0;0;0;0;3;1;0;0;0
"18/02/2026";"03:02:24";"8";"Com vítima";"596,400";"BR-376/PR";"Decrescente";"Saída de pista";1;0;0;0;0;0;0;0;0;0;0;0;1;0;0
"18/02/2026";"08:38:50";"29";"Sem vítima";"12,000";"418/PR";"Decrescente";"Queda de moto";0;0;0;1;0;0;0;0;0;0;1;0;0;0;0
"18/02/2026";"12:00:00";"57";"Sem vítima";"134,000";"BR-277/PR";"Decrescente";"Saída de pista";0;0;1;0;0;0;0;0;0;0;1;0;0;0;0
"19/02/2026";"02:47:46";"8";"Sem vítima";"188,500";"BR-277/PR";"Crescente";"Colisão traseira";0;0;1;0;0;0;0;0;0;0;1;0;0;0;0
"19/02/2026";"06:41:53";"39";"Com vítima";"9,900";"418/PR";"Decrescente";"Colisão traseira";0;0;0;1;0;0;0;0;0;0;0;1;0;0;0
"19/02/2026";"09:03:59";"54";"Com vítima";"204,520";"BR-373/PR";"Decrescente";"Tombamento";0;0;1;0;0;0;0;0;0;0;0;0;1;0;0
"19/02/2026";"09:43:53";"61";"Sem vítima";"156,100";"BR-476/PR";"Crescente";"Colisão transversal";0;0;1;0;0;0;0;0;0;1;2;0;0;0;0
"19/02/2026";"10:20:00";"64";"Sem vítima";"11,800";"418/PR";"Decrescente";"Choque";0;0;1;0;0;0;0;0;0;0;1;0;0;0;0
"19/02/2026";"13:32:35";"74";"Com vítima";"10,000";"423/PR";"Crescente";"Colisão lateral no mesmo sentido";1;0;1;0;0;0;0;0;0;0;1;1;0;0;0
"19/02/2026";"14:14:16";"79";"Com vítima";"593,000";"BR-376/PR";"Decrescente";"Colisão frontal";0;0;1;1;0;0;0;0;0;0;1;0;0;2;0
"19/02/2026";"23:45:10";"109";"Com vítima";"22,000";"423/PR";"Crescente";"Colisão transversal";1;0;0;1;0;0;0;0;0;0;0;0;1;0;2
"20/02/2026";"05:10:04";"29";"Com vítima";"150,000";"BR-277/PR";"Decrescente";"Saída de pista";0;0;0;0;1;0;0;0;0;0;16;3;0;0;0
"20/02/2026";"07:43:59";"32";"Com vítima";"147,000";"BR-476/PR";"Decrescente";"Colisão lateral no mesmo sentido";0;0;1;2;0;0;0;0;0;0;2;1;0;0;0
"20/02/2026";"07:53:22";"34";"Sem vítima";"108,000";"BR-277/PR";"Decrescente";"Colisão traseira";1;0;0;0;0;0;0;0;0;1;2;0;0;0;0
"20/02/2026";"10:31:05";"54";"Sem vítima";"595,000";"BR-376/PR";"Crescente";"Colisão traseira";3;0;0;0;0;0;0;0;0;0;3;0;0;0;0
"20/02/2026";"16:15:49";"86";"Sem vítima";"43,050";"427/PR";"Crescente";"Colisão traseira";0;0;2;0;0;0;0;0;0;0;2;0;0;0;0
"20/02/2026";"16:17:43";"87";"Sem vítima";"204,000";"BR-277/PR";"Decrescente";"Saída de pista";1;0;0;0;0;0;0;0;0;0;3;0;0;0;0
"20/02/2026";"17:23:48";"90";"Sem vítima";"14,800";"418/PR";"Decrescente";"Colisão lateral no mesmo sentido";1;0;0;1;0;0;0;0;0;0;2;0;0;0;0
"20/02/2026";"17:51:59";"92";"Sem vítima";"34,010";"423/PR";"Decrescente";"Colisão frontal";1;0;0;1;0;0;0;0;0;0;1;0;0;0;0
"20/02/2026";"18:19:46";"93";"Com vítima";"118,800";"BR-277/PR";"Decrescente";"Colisão lateral no mesmo sentido";1;0;0;1;0;0;0;0;0;0;0;2;0;0;0
"20/02/2026";"20:52:32";"110";"Com vítima";"133,200";"BR-277/PR";"Decrescente";"Colisão traseira";1;0;1;0;0;0;0;0;0;0;1;2;0;0;0
"21/02/2026";"01:16:42";"4";"Com vítima";"158,800";"BR-476/PR";"Crescente";"Queda de moto";0;0;0;1;0;0;0;0;0;0;0;1;0;0;0
"21/02/2026";"03:54:12";"10";"Sem vítima";"111,500";"BR-277/PR";"Crescente";"Capotamento";1;0;0;0;0;0;0;0;0;0;0;0;0;0;0
"21/02/2026";"15:27:03";"135";"Com vítima";"174,561";"BR-476/PR";"Decrescente";"Saída de pista";2;0;0;0;0;0;0;0;0;0;0;5;0;0;0
"21/02/2026";"18:36:06";"145";"Sem vítima";"0,100";"418/PR";"Crescente";"Saída de pista";1;0;0;0;0;0;0;0;0;0;1;0;0;0;0
"21/02/2026";"18:44:12";"147";"Sem vítima";"182,263";"BR-277/PR";"Crescente";"Saída de pista";1;0;0;0;0;0;0;0;0;0;1;0;0;0;0
"21/02/2026";"21:25:31";"159";"Sem vítima";"603,809";"BR-376/PR";"Crescente";"Colisão traseira";2;0;0;0;0;0;0;0;0;0;2;0;0;0;0
"21/02/2026";"22:20:05";"161";"Sem vítima";"3,050";"418/PR";"Crescente";"Capotamento";1;0;0;0;0;0;0;0;0;0;2;0;0;0;0
"22/02/2026";"04:26:48";"14";"Sem vítima";"213,700";"BR-373/PR";"Decrescente";"Tombamento";0;0;1;0;0;0;0;0;0;0;1;0;0;0;0
"22/02/2026";"07:19:25";"24";"Sem vítima";"605,000";"BR-376/PR";"Decrescente";"Tombamento";0;0;1;0;0;0;0;0;0;0;1;0;0;0;0
"22/02/2026";"11:15:01";"45";"Com vítima";"182,000";"BR-476/PR";"Crescente";"Colisão traseira";1;0;0;1;0;0;0;0;0;0;3;0;1;0;0
"22/02/2026";"15:18:47";"60";"Sem vítima";"195,000";"BR-476/PR";"Crescente";"Colisão traseira";1;0;1;0;0;0;0;0;0;0;3;0;0;0;0
"22/02/2026";"16:38:37";"63";"Sem vítima";"256,200";"BR-277/PR";"Decrescente";"Colisão traseira";0;0;2;0;0;0;0;0;0;0;2;0;0;0;0
"23/02/2026";"08:17:14";"87";"Sem vítima";"17,100";"418/PR";"Crescente";"Colisão lateral no mesmo sentido";2;0;0;0;0;0;0;0;0;0;2;0;0;0;0
"24/02/2026";"10:45:51";"85";"Com vítima";"282,000";"BR-373/PR";"Decrescente";"Capotamento";1;0;0;0;0;0;0;0;0;0;0;3;0;0;0
"24/02/2026";"14:38:13";"109";"Sem vítima";"243,000";"BR-277/PR";"Crescente";"Saída de pista";0;0;1;0;0;0;0;0;0;0;1;0;0;0;0
"24/02/2026";"14:53:59";"111";"Sem vítima";"144,000";"BR-476/PR";"Decrescente";"Saída de pista";1;0;0;0;0;0;0;0;0;0;0;0;0;0;0
"24/02/2026";"19:48:21";"139";"Sem vítima";"157,000";"BR-476/PR";"Crescente";"Colisão traseira";2;0;0;0;0;0;0;0;0;0;2;0;0;0;0
"24/02/2026";"23:39:43";"163";"Com vítima";"204,706";"BR-277/PR";"Decrescente";"Engavetamento";0;0;3;0;0;0;0;0;0;0;0;2;0;0;1
"25/02/2026";"01:49:50";"6";"Sem vítima";"142,000";"BR-277/PR";"Decrescente";"Tombamento";0;0;1;0;0;0;0;0;0;0;2;0;0;0;0
"25/02/2026";"07:43:40";"109";"Sem vítima";"39,500";"427/PR";"Crescente";"Saída de pista";1;0;0;0;0;0;0;0;0;0;1;0;0;0;0
"25/02/2026";"10:17:17";"121";"Com vítima";"594,000";"BR-376/PR";"Crescente";"Colisão traseira";1;0;1;0;0;0;0;0;0;0;1;0;2;0;0
"25/02/2026";"20:21:32";"168";"Sem vítima";"159,010";"BR-277/PR";"Decrescente";"Engavetamento";2;0;1;0;0;0;0;0;0;0;4;0;0;0;0
"25/02/2026";"20:43:37";"170";"Sem vítima";"17,000";"423/PR";"Decrescente";"Saída de pista";1;0;0;0;0;0;0;0;0;0;1;0;0;0;0
"25/02/2026";"20:48:44";"171";"Sem vítima";"108,000";"BR-277/PR";"Decrescente";"Colisão transversal";0;0;2;0;0;0;0;0;0;0;2;0;0;0;0
"26/02/2026";"01:14:01";"4";"Sem vítima";"240,555";"BR-277/PR";"Decrescente";"Saída de pista";0;0;1;0;0;0;0;0;0;0;1;0;0;0;0
"26/02/2026";"07:45:24";"126";"Sem vítima";"597,000";"BR-376/PR";"Crescente";"Colisão transversal";1;0;1;0;0;0;0;0;0;0;2;0;0;0;0
"26/02/2026";"08:33:00";"131";"Com vítima";"9,400";"423/PR";"Crescente";"Colisão lateral no mesmo sentido";1;0;1;0;0;0;0;0;0;0;2;1;0;0;0
"26/02/2026";"08:43:01";"132";"Com vítima";"267,000";"BR-373/PR";"Decrescente";"Colisão frontal";1;0;1;0;0;0;0;0;0;0;0;1;0;0;0
"26/02/2026";"09:33:34";"133";"Sem vítima";"15,000";"418/PR";"Decrescente";"Queda de moto";0;0;0;1;0;0;0;0;0;0;1;0;0;0;0
"26/02/2026";"10:45:42";"136";"Sem vítima";"169,000";"BR-476/PR";"Decrescente";"Colisão traseira";0;0;1;0;0;0;0;0;0;0;1;0;0;0;0
"26/02/2026";"16:34:34";"171";"Sem vítima";"63,100";"427/PR";"Crescente";"Colisão transversal";0;0;2;0;0;0;0;0;0;0;2;0;0;0;0
"26/02/2026";"17:45:56";"177";"Sem vítima";"236,700";"BR-373/PR";"Crescente";"Colisão lateral no mesmo sentido";2;0;0;0;0;0;0;0;0;1;4;0;0;0;0
"26/02/2026";"17:47:02";"178";"Sem vítima";"111,200";"BR-277/PR";"Decrescente";"Colisão transversal";1;0;0;0;0;0;0;0;0;0;1;0;0;0;0
"27/02/2026";"01:34:01";"3";"Sem vítima";"108,000";"BR-277/PR";"Crescente";"Colisão traseira";0;0;2;0;0;0;0;0;0;0;2;0;0;0;0
"27/02/2026";"10:04:38";"134";"Sem vítima";"146,000";"BR-476/PR";"Crescente";"Colisão traseira";1;0;1;0;0;0;0;0;0;0;3;0;0;0;0
"27/02/2026";"11:05:28";"141";"Sem vítima";"197,400";"BR-373/PR";"Crescente";"Saída de pista";1;0;0;0;0;0;0;0;0;0;0;0;0;0;0
"27/02/2026";"11:33:58";"142";"Sem vítima";"3,200";"418/PR";"Crescente";"Colisão lateral no mesmo sentido";2;0;0;0;0;0;0;0;0;0;2;0;0;0;0
"27/02/2026";"13:27:23";"149";"Sem vítima";"165,000";"BR-277/PR";"Crescente";"Colisão transversal";1;0;1;0;0;0;0;0;0;0;3;0;0;0;0
"27/02/2026";"15:45:18";"161";"Com vítima";"252,000";"BR-373/PR";"Crescente";"Colisão lateral no mesmo sentido";2;0;0;0;0;0;0;0;0;0;0;0;2;0;0
"27/02/2026";"17:16:38";"170";"Sem vítima";"157,800";"BR-476/PR";"Crescente";"Colisão lateral no mesmo sentido";1;0;0;1;0;0;0;0;0;0;2;0;0;0;0
"27/02/2026";"23:23:07";"200";"Com vítima";"2,700";"Acesso BR";"Crescente";"Colisão traseira";1;0;0;1;0;0;0;0;0;0;1;0;1;0;0
"28/02/2026";"00:47:25";"3";"Sem vítima";"254,800";"BR-277/PR";"Decrescente";"Tombamento";0;0;1;0;0;0;0;0;0;0;1;0;0;0;0
"28/02/2026";"01:04:22";"4";"Sem vítima";"109,599";"BR-277/PR";"Decrescente";"Queda de moto";0;0;0;1;0;0;0;0;0;0;1;0;0;0;0
"28/02/2026";"21:00:39";"99";"Sem vítima";"34,600";"423/PR";"Crescente";"Colisão lateral no mesmo sentido";1;0;0;0;0;0;0;0;0;0;1;0;0;0;0